month,conflict_phase,airline,iata_code,origin_city,destination_city,aircraft_type,original_distance_km,actual_distance_km,extra_distance_km,rerouted,flight_cancelled,fuel_consumption_bbl,brent_crude_usd,jet_fuel_usd_barrel,total_fuel_cost_usd,extra_fuel_cost_usd,base_ticket_price_usd,fuel_surcharge_usd,total_ticket_price_usd,estimated_passengers,route_revenue_usd,fuel_pct_of_cost
2019-01,Pre-Pandemic Baseline,Emirates,EK,Dubai,London,Boeing 777-300ER,5500,5500.0,0.0,No,No,120.0,63.0,71.31,8557.2,0.0,346.06,70.51,416.57,212,88312.84,96.89
2019-02,Pre-Pandemic Baseline,Emirates,EK,Dubai,London,Boeing 777-300ER,5500,5500.0,0.0,No,No,120.0,67.61,80.55,9666.0,0.0,390.9,89.96,480.86,279,134159.94,97.23
2019-03,Pre-Pandemic Baseline,Emirates,EK,Dubai,London,Boeing 777-300ER,5500,5500.0,0.0,No,No,120.0,65.86,78.77,9452.4,0.0,382.27,86.03,468.3,278,130187.4,97.17
2019-04,Pre-Pandemic Baseline,Emirates,EK,Dubai,London,Boeing 777-300ER,5500,5500.0,0.0,No,No,120.0,64.79,76.2,9144.0,0.0,369.79,80.51,450.3,283,127434.9,97.08
2019-05,Pre-Pandemic Baseline,Emirates,EK,Dubai,London,Boeing 777-300ER,5500,5500.0,0.0,No,No,120.0,61.25,73.32,8798.4,0.0,355.82,74.54,430.36,232,99843.52,96.97
2019-06,Pre-Pandemic Baseline,Emirates,EK,Dubai,London,Boeing 777-300ER,5500,5500.0,0.0,No,No,120.0,61.25,71.62,8594.4,0.0,347.57,71.12,418.69,250,104672.5,96.9
2019-07,Pre-Pandemic Baseline,Emirates,EK,Dubai,London,Boeing 777-300ER,5500,5500.0,0.0,No,No,120.0,60.46,70.88,8505.6,0.0,343.98,69.66,413.64,253,104650.92,96.87
2019-08,Pre-Pandemic Baseline,Emirates,EK,Dubai,London,Boeing 777-300ER,5500,5500.0,0.0,No,No,120.0,66.93,77.82,9338.4,0.0,377.66,83.97,461.63,251,115869.13,97.14
2019-09,Pre-Pandemic Baseline,Emirates,EK,Dubai,London,Boeing 777-300ER,5500,5500.0,0.0,No,No,120.0,64.81,72.75,8730.0,0.0,353.05,73.38,426.43,240,102343.2,96.95
2019-10,Pre-Pandemic Baseline,Emirates,EK,Dubai,London,Boeing 777-300ER,5500,5500.0,0.0,No,No,120.0,65.66,74.25,8910.0,0.0,360.33,76.44,436.77,284,124042.68,97.01
2019-11,Pre-Pandemic Baseline,Emirates,EK,Dubai,London,Boeing 777-300ER,5500,5500.0,0.0,No,No,120.0,60.16,67.57,8108.4,0.0,327.91,63.31,391.22,276,107976.72,96.72
2019-12,Pre-Pandemic Baseline,Emirates,EK,Dubai,London,Boeing 777-300ER,5500,5500.0,0.0,No,No,120.0,67.76,80.2,9624.0,0.0,389.21,89.18,478.39,255,121989.45,97.22
2020-01,Pre-Pandemic Baseline,Emirates,EK,Dubai,London,Boeing 777-300ER,5500,5500.0,0.0,No,No,120.0,66.66,76.75,9210.0,0.0,372.46,81.68,454.14,258,117168.12,97.1
2020-02,Pre-Pandemic Baseline,Emirates,EK,Dubai,London,Boeing 777-300ER,5500,5500.0,0.0,No,No,120.0,61.7,72.24,8668.8,0.0,350.58,72.36,422.94,263,111233.22,96.93
2020-03,COVID-19 Collapse,Emirates,EK,Dubai,London,Boeing 777-300ER,5500,5500.0,0.0,No,No,120.0,20.55,24.88,2985.6,0.0,120.74,8.58,129.32,255,32976.6,91.57
2020-04,COVID-19 Collapse,Emirates,EK,Dubai,London,Boeing 777-300ER,5500,5500.0,0.0,No,No,120.0,20.57,23.55,2826.0,0.0,114.29,7.69,121.98,263,32080.74,91.13
2020-05,COVID-19 Collapse,Emirates,EK,Dubai,London,Boeing 777-300ER,5500,5500.0,0.0,No,No,120.0,22.26,25.84,3100.8,0.0,125.4,9.26,134.66,271,36492.86,91.85
2020-06,COVID-19 Collapse,Emirates,EK,Dubai,London,Boeing 777-300ER,5500,5500.0,0.0,No,No,120.0,45.35,54.22,6506.4,0.0,263.13,40.76,303.89,283,86000.87,95.94
2020-07,COVID-19 Collapse,Emirates,EK,Dubai,London,Boeing 777-300ER,5500,5500.0,0.0,No,No,120.0,44.05,50.34,6040.8,0.0,244.3,35.14,279.44,273,76287.12,95.65
2020-08,COVID-19 Collapse,Emirates,EK,Dubai,London,Boeing 777-300ER,5500,5500.0,0.0,No,No,120.0,42.08,47.45,5694.0,0.0,230.27,31.22,261.49,219,57266.31,95.39
2020-09,COVID-19 Collapse,Emirates,EK,Dubai,London,Boeing 777-300ER,5500,5500.0,0.0,No,No,120.0,46.57,53.51,6421.2,0.0,259.68,39.7,299.38,250,74845.0,95.89
2020-10,COVID-19 Collapse,Emirates,EK,Dubai,London,Boeing 777-300ER,5500,5500.0,0.0,No,No,120.0,39.95,45.39,5446.8,0.0,220.28,28.57,248.85,257,63954.45,95.19
2020-11,COVID-19 Collapse,Emirates,EK,Dubai,London,Boeing 777-300ER,5500,5500.0,0.0,No,No,120.0,42.09,51.05,6126.0,0.0,247.74,36.13,283.87,229,65006.23,95.7
2020-12,COVID-19 Collapse,Emirates,EK,Dubai,London,Boeing 777-300ER,5500,5500.0,0.0,No,No,120.0,43.13,51.79,6214.8,0.0,251.33,37.19,288.52,245,70687.4,95.76
2021-01,COVID-19 Collapse,Emirates,EK,Dubai,London,Boeing 777-300ER,5500,5500.0,0.0,No,No,120.0,75.49,89.33,10719.6,0.0,433.51,110.64,544.15,279,151817.85,97.5
2021-02,COVID-19 Collapse,Emirates,EK,Dubai,London,Boeing 777-300ER,5500,5500.0,0.0,No,No,120.0,83.06,100.27,12032.4,0.0,486.6,139.4,626.0,229,143354.0,97.77
2021-03,COVID-19 Collapse,Emirates,EK,Dubai,London,Boeing 777-300ER,5500,5500.0,0.0,No,No,120.0,69.59,83.53,10023.6,0.0,405.37,96.74,502.11,233,116991.63,97.33
2021-04,COVID-19 Collapse,Emirates,EK,Dubai,London,Boeing 777-300ER,5500,5500.0,0.0,No,No,120.0,76.83,87.48,10497.6,0.0,424.54,106.11,530.65,278,147520.7,97.45
2021-05,COVID-19 Collapse,Emirates,EK,Dubai,London,Boeing 777-300ER,5500,5500.0,0.0,No,No,120.0,78.63,95.08,11409.6,0.0,461.42,125.35,586.77,217,127329.09,97.65
2021-06,Recovery & Surge,Emirates,EK,Dubai,London,Boeing 777-300ER,5500,5500.0,0.0,No,No,120.0,66.07,77.56,9307.2,0.0,376.39,83.41,459.8,276,126904.8,97.13
2021-07,Recovery & Surge,Emirates,EK,Dubai,London,Boeing 777-300ER,5500,5500.0,0.0,No,No,120.0,78.97,94.82,11378.4,0.0,460.16,124.66,584.82,232,135678.24,97.64
2021-08,Recovery & Surge,Emirates,EK,Dubai,London,Boeing 777-300ER,5500,5500.0,0.0,No,No,120.0,68.92,83.37,10004.4,0.0,404.59,96.37,500.96,247,123737.12,97.32
2021-09,Recovery & Surge,Emirates,EK,Dubai,London,Boeing 777-300ER,5500,5500.0,0.0,No,No,120.0,66.5,76.59,9190.8,0.0,371.69,81.34,453.03,258,116881.74,97.09
2021-10,Recovery & Surge,Emirates,EK,Dubai,London,Boeing 777-300ER,5500,5500.0,0.0,No,No,120.0,86.82,98.19,11782.8,0.0,476.51,133.68,610.19,258,157429.02,97.72
2021-11,Recovery & Surge,Emirates,EK,Dubai,London,Boeing 777-300ER,5500,5500.0,0.0,No,No,120.0,87.21,99.66,11959.2,0.0,483.64,137.71,621.35,283,175842.05,97.75
2021-12,Recovery & Surge,Emirates,EK,Dubai,London,Boeing 777-300ER,5500,5500.0,0.0,No,No,120.0,83.59,97.19,11662.8,0.0,471.66,130.97,602.63,212,127757.56,97.7
2022-01,Recovery & Surge,Emirates,EK,Dubai,London,Boeing 777-300ER,5500,5500.0,0.0,No,No,120.0,72.01,86.54,10384.8,0.0,419.97,103.84,523.81,262,137238.22,97.42
2022-02,Recovery & Surge,Emirates,EK,Dubai,London,Boeing 777-300ER,5500,5500.0,0.0,No,No,120.0,67.25,81.11,9733.2,0.0,393.62,91.22,484.84,273,132361.32,97.25
2022-03,Ukraine War Shock,Emirates,EK,Dubai,London,Boeing 777-300ER,5500,5500.0,0.0,No,No,120.0,117.58,131.77,15812.4,0.0,639.47,240.75,880.22,254,223575.88,98.29
2022-04,Ukraine War Shock,Emirates,EK,Dubai,London,Boeing 777-300ER,5500,5500.0,0.0,No,Yes,120.0,109.53,128.27,15392.4,0.0,622.49,228.13,850.62,0,0.0,98.24
2022-05,Ukraine War Shock,Emirates,EK,Dubai,London,Boeing 777-300ER,5500,5500.0,0.0,No,No,120.0,99.03,115.05,13806.0,0.0,558.33,183.53,741.86,241,178788.26,98.05
2022-06,Ukraine War Shock,Emirates,EK,Dubai,London,Boeing 777-300ER,5500,5500.0,0.0,No,No,120.0,111.34,127.17,15260.4,0.0,617.15,224.24,841.39,266,223809.74,98.23
2022-07,Ukraine War Shock,Emirates,EK,Dubai,London,Boeing 777-300ER,5500,5500.0,0.0,No,No,120.0,80.69,91.34,10960.8,0.0,443.27,115.68,558.95,261,145885.95,97.55
2022-08,Ukraine War Shock,Emirates,EK,Dubai,London,Boeing 777-300ER,5500,5500.0,0.0,No,No,120.0,98.19,113.29,13594.8,0.0,549.79,177.96,727.75,212,154283.0,98.02
2022-09,Ukraine War Shock,Emirates,EK,Dubai,London,Boeing 777-300ER,5500,5500.0,0.0,No,No,120.0,85.18,103.43,12411.6,0.0,501.94,148.33,650.27,251,163217.77,97.83
2022-10,Ukraine War Shock,Emirates,EK,Dubai,London,Boeing 777-300ER,5500,5500.0,0.0,No,No,120.0,93.25,107.45,12894.0,0.0,521.45,160.09,681.54,229,156072.66,97.91
2022-11,Ukraine War Shock,Emirates,EK,Dubai,London,Boeing 777-300ER,5500,5500.0,0.0,No,No,120.0,86.23,101.05,12126.0,0.0,490.39,141.58,631.97,249,157360.53,97.78
2022-12,Ukraine War Shock,Emirates,EK,Dubai,London,Boeing 777-300ER,5500,5500.0,0.0,No,Yes,120.0,90.4,107.6,12912.0,0.0,522.18,160.53,682.71,0,0.0,97.91
2023-01,Stabilisation,Emirates,EK,Dubai,London,Boeing 777-300ER,5500,5500.0,0.0,No,No,120.0,84.29,97.47,11696.4,0.0,473.02,131.73,604.75,257,155420.75,97.7
2023-02,Stabilisation,Emirates,EK,Dubai,London,Boeing 777-300ER,5500,5500.0,0.0,No,No,120.0,78.14,95.11,11413.2,0.0,461.56,125.43,586.99,254,149095.46,97.65
2023-03,Stabilisation,Emirates,EK,Dubai,London,Boeing 777-300ER,5500,5500.0,0.0,No,No,120.0,91.48,111.26,13351.2,0.0,539.94,171.64,711.58,260,185010.8,97.98
2023-04,Stabilisation,Emirates,EK,Dubai,London,Boeing 777-300ER,5500,5500.0,0.0,No,No,120.0,88.18,100.98,12117.6,0.0,490.05,141.39,631.44,249,157228.56,97.78
2023-05,Stabilisation,Emirates,EK,Dubai,London,Boeing 777-300ER,5500,5500.0,0.0,No,No,120.0,90.97,106.41,12769.2,0.0,516.4,157.0,673.4,243,163636.2,97.89
2023-06,Stabilisation,Emirates,EK,Dubai,London,Boeing 777-300ER,5500,5500.0,0.0,No,No,120.0,90.21,103.75,12450.0,0.0,503.49,149.25,652.74,238,155352.12,97.84
2023-07,Stabilisation,Emirates,EK,Dubai,London,Boeing 777-300ER,5500,5500.0,0.0,No,No,120.0,85.16,97.8,11736.0,0.0,474.62,132.62,607.24,262,159096.88,97.71
2023-08,Stabilisation,Emirates,EK,Dubai,London,Boeing 777-300ER,5500,5500.0,0.0,No,No,120.0,90.67,101.88,12225.6,0.0,494.42,143.92,638.34,268,171075.12,97.8
2023-09,Stabilisation,Emirates,EK,Dubai,London,Boeing 777-300ER,5500,5500.0,0.0,No,No,120.0,76.5,90.34,10840.8,0.0,438.41,113.16,551.57,241,132928.37,97.53
2023-10,Gaza-Israel Conflict,Emirates,EK,Dubai,London,Boeing 777-300ER,5500,5500.0,0.0,No,No,120.0,78.33,91.67,11000.4,0.0,444.87,116.52,561.39,213,119576.07,97.56
2023-11,Gaza-Israel Conflict,Emirates,EK,Dubai,London,Boeing 777-300ER,5500,5500.0,0.0,No,No,120.0,75.77,85.25,10230.0,0.0,413.71,100.77,514.48,250,128620.0,97.38
2023-12,Gaza-Israel Conflict,Emirates,EK,Dubai,London,Boeing 777-300ER,5500,5500.0,0.0,No,No,120.0,80.53,92.44,11092.8,0.0,448.61,118.48,567.09,253,143473.77,97.58
2024-01,Gaza-Israel Conflict,Emirates,EK,Dubai,London,Boeing 777-300ER,5500,5500.0,0.0,No,No,120.0,84.61,102.45,12294.0,0.0,497.18,145.53,642.71,245,157463.95,97.81
2024-02,Gaza-Israel Conflict,Emirates,EK,Dubai,London,Boeing 777-300ER,5500,5500.0,0.0,No,No,120.0,82.61,94.5,11340.0,0.0,458.6,123.82,582.42,236,137451.12,97.63
2024-03,Gaza-Israel Conflict,Emirates,EK,Dubai,London,Boeing 777-300ER,5500,5500.0,0.0,No,No,120.0,92.09,104.48,12537.6,0.0,507.04,151.36,658.4,277,182376.8,97.85
2024-04,Gaza-Israel Conflict,Emirates,EK,Dubai,London,Boeing 777-300ER,5500,5500.0,0.0,No,No,120.0,84.06,98.26,11791.2,0.0,476.85,133.87,610.72,246,150237.12,97.72
2024-05,Gaza-Israel Conflict,Emirates,EK,Dubai,London,Boeing 777-300ER,5500,5500.0,0.0,No,No,120.0,82.78,100.87,12104.4,0.0,489.52,141.08,630.6,269,169631.4,97.78
2024-06,Gaza-Israel Conflict,Emirates,EK,Dubai,London,Boeing 777-300ER,5500,5500.0,0.0,No,No,120.0,87.23,99.81,11977.2,0.0,484.37,138.13,622.5,257,159982.5,97.76
2024-07,Gaza-Israel Conflict,Emirates,EK,Dubai,London,Boeing 777-300ER,5500,5500.0,0.0,No,No,120.0,80.4,95.45,11454.0,0.0,463.21,126.32,589.53,269,158583.57,97.66
2024-08,Gaza-Israel Conflict,Emirates,EK,Dubai,London,Boeing 777-300ER,5500,5500.0,0.0,No,No,120.0,91.64,109.62,13154.4,0.0,531.98,166.62,698.6,275,192115.0,97.95
2024-09,Gaza-Israel Conflict,Emirates,EK,Dubai,London,Boeing 777-300ER,5500,5500.0,0.0,No,No,120.0,79.27,90.67,10880.4,0.0,440.02,113.99,554.01,228,126314.28,97.53
2024-10,Gaza-Israel Conflict,Emirates,EK,Dubai,London,Boeing 777-300ER,5500,5500.0,0.0,No,No,120.0,94.78,113.06,13567.2,0.0,548.67,177.24,725.91,272,197447.52,98.01
2024-11,Gaza-Israel Conflict,Emirates,EK,Dubai,London,Boeing 777-300ER,5500,5500.0,0.0,No,No,120.0,91.13,105.42,12650.4,0.0,511.6,154.09,665.69,264,175742.16,97.87
2024-12,Pre-Iran Escalation,Emirates,EK,Dubai,London,Boeing 777-300ER,5500,5500.0,0.0,No,No,120.0,81.38,96.29,11554.8,0.0,467.29,128.56,595.85,252,150154.2,97.68
2025-01,Pre-Iran Escalation,Emirates,EK,Dubai,London,Boeing 777-300ER,5500,5500.0,0.0,No,No,120.0,85.13,100.74,12088.8,0.0,488.89,140.72,629.61,250,157402.5,97.78
2025-02,Pre-Iran Escalation,Emirates,EK,Dubai,London,Boeing 777-300ER,5500,5500.0,0.0,No,No,120.0,103.76,121.77,14612.4,0.0,590.94,205.6,796.54,233,185593.82,98.15
2025-03,Pre-Iran Escalation,Emirates,EK,Dubai,London,Boeing 777-300ER,5500,5500.0,0.0,No,No,120.0,101.26,114.33,13719.6,0.0,554.84,181.24,736.08,250,184020.0,98.03
2025-04,Pre-Iran Escalation,Emirates,EK,Dubai,London,Boeing 777-300ER,5500,5500.0,0.0,No,No,120.0,101.77,122.48,14697.6,0.0,594.39,208.0,802.39,238,190968.82,98.16
2025-05,Pre-Iran Escalation,Emirates,EK,Dubai,London,Boeing 777-300ER,5500,5500.0,0.0,No,No,120.0,102.74,118.36,14203.2,0.0,574.39,194.24,768.63,276,212141.88,98.1
2025-06,Pre-Iran Escalation,Emirates,EK,Dubai,London,Boeing 777-300ER,5500,5500.0,0.0,No,No,120.0,86.7,98.72,11846.4,0.0,479.08,135.13,614.21,253,155395.13,97.73
2025-07,Pre-Iran Escalation,Emirates,EK,Dubai,London,Boeing 777-300ER,5500,5500.0,0.0,No,No,120.0,93.24,104.81,12577.2,0.0,508.64,152.32,660.96,232,153342.72,97.86
2025-08,Pre-Iran Escalation,Emirates,EK,Dubai,London,Boeing 777-300ER,5500,5500.0,0.0,No,No,120.0,87.66,103.36,12403.2,0.0,501.6,148.13,649.73,220,142940.6,97.83
2025-09,Pre-Iran Escalation,Emirates,EK,Dubai,London,Boeing 777-300ER,5500,5500.0,0.0,No,No,120.0,104.85,124.54,14944.8,0.0,604.39,215.06,819.45,262,214695.9,98.19
2025-10,Pre-Iran Escalation,Emirates,EK,Dubai,London,Boeing 777-300ER,5500,5500.0,0.0,No,No,120.0,99.34,111.43,13371.6,0.0,540.76,172.16,712.92,259,184646.28,97.98
2025-11,Pre-Iran Escalation,Emirates,EK,Dubai,London,Boeing 777-300ER,5500,5500.0,0.0,No,No,120.0,92.61,108.47,13016.4,0.0,526.4,163.14,689.54,237,163420.98,97.93
2025-12,US-Iran War Conflict,Emirates,EK,Dubai,London,Boeing 777-300ER,5500,6092.0,592.0,Yes,Yes,132.9,122.22,139.65,18559.49,1997.68,677.71,270.41,948.12,0,0.0,98.54
2026-01,US-Iran War Conflict,Emirates,EK,Dubai,London,Boeing 777-300ER,5500,6193.0,693.0,Yes,No,135.1,130.88,155.03,20944.55,2639.01,752.35,333.25,1085.6,274,297454.4,98.7
2026-02,US-Iran War Conflict,Emirates,EK,Dubai,London,Boeing 777-300ER,5500,6619.0,1119.0,Yes,Yes,144.4,155.73,177.13,25577.57,5203.87,859.6,386.82,1246.42,0,0.0,98.94
2026-03,US-Iran War Conflict,Emirates,EK,Dubai,London,Boeing 777-300ER,5500,6861.0,1361.0,Yes,Yes,149.7,169.08,201.05,30097.18,7447.68,975.68,439.06,1414.74,0,0.0,99.09
2026-04,De-escalation & Negotiations,Emirates,EK,Dubai,London,Boeing 777-300ER,5500,5749.0,249.0,Yes,No,125.4,111.38,129.05,16182.87,732.64,626.27,230.91,857.18,240,205723.2,98.33
2026-05,De-escalation & Negotiations,Emirates,EK,Dubai,London,Boeing 777-300ER,5500,5585.0,85.0,Yes,No,121.9,104.87,127.28,15515.43,239.78,617.68,224.62,842.3,240,202152.0,98.26
2026-06,De-escalation & Negotiations,Emirates,EK,Dubai,London,Boeing 777-300ER,5500,5726.0,226.0,Yes,No,124.9,92.83,105.25,13145.73,540.17,510.77,153.6,664.37,223,148154.51,97.95
2019-01,Pre-Pandemic Baseline,Emirates,EK,Dubai,New York,Airbus A380,11000,11000.0,0.0,No,No,220.0,63.0,71.31,15688.2,0.0,692.13,141.02,833.15,276,229949.4,96.61
2019-02,Pre-Pandemic Baseline,Emirates,EK,Dubai,New York,Airbus A380,11000,11000.0,0.0,No,No,220.0,67.61,80.55,17721.0,0.0,781.81,179.93,961.74,231,222161.94,96.99
2019-03,Pre-Pandemic Baseline,Emirates,EK,Dubai,New York,Airbus A380,11000,11000.0,0.0,No,No,220.0,65.86,78.77,17329.4,0.0,764.53,172.06,936.59,266,249132.94,96.92
2019-04,Pre-Pandemic Baseline,Emirates,EK,Dubai,New York,Airbus A380,11000,11000.0,0.0,No,No,220.0,64.79,76.2,16764.0,0.0,739.59,161.02,900.61,215,193631.15,96.82
2019-05,Pre-Pandemic Baseline,Emirates,EK,Dubai,New York,Airbus A380,11000,11000.0,0.0,No,No,220.0,61.25,73.32,16130.4,0.0,711.64,149.08,860.72,212,182472.64,96.7
2019-06,Pre-Pandemic Baseline,Emirates,EK,Dubai,New York,Airbus A380,11000,11000.0,0.0,No,No,220.0,61.25,71.62,15756.4,0.0,695.14,142.25,837.39,284,237818.76,96.63
2019-07,Pre-Pandemic Baseline,Emirates,EK,Dubai,New York,Airbus A380,11000,11000.0,0.0,No,No,220.0,60.46,70.88,15593.6,0.0,687.95,139.32,827.27,219,181172.13,96.59
2019-08,Pre-Pandemic Baseline,Emirates,EK,Dubai,New York,Airbus A380,11000,11000.0,0.0,No,No,220.0,66.93,77.82,17120.4,0.0,755.31,167.94,923.25,267,246507.75,96.89
2019-09,Pre-Pandemic Baseline,Emirates,EK,Dubai,New York,Airbus A380,11000,11000.0,0.0,No,No,220.0,64.81,72.75,16005.0,0.0,706.1,146.77,852.87,255,217481.85,96.68
2019-10,Pre-Pandemic Baseline,Emirates,EK,Dubai,New York,Airbus A380,11000,11000.0,0.0,No,No,220.0,65.66,74.25,16335.0,0.0,720.66,152.88,873.54,243,212270.22,96.74
2019-11,Pre-Pandemic Baseline,Emirates,EK,Dubai,New York,Airbus A380,11000,11000.0,0.0,No,No,220.0,60.16,67.57,14865.4,0.0,655.83,126.61,782.44,212,165877.28,96.43
2019-12,Pre-Pandemic Baseline,Emirates,EK,Dubai,New York,Airbus A380,11000,11000.0,0.0,No,No,220.0,67.76,80.2,17644.0,0.0,778.41,178.37,956.78,234,223886.52,96.98
2020-01,Pre-Pandemic Baseline,Emirates,EK,Dubai,New York,Airbus A380,11000,11000.0,0.0,No,No,220.0,66.66,76.75,16885.0,0.0,744.93,163.35,908.28,277,251593.56,96.85
2020-02,Pre-Pandemic Baseline,Emirates,EK,Dubai,New York,Airbus A380,11000,11000.0,0.0,No,No,220.0,61.7,72.24,15892.8,0.0,701.15,144.72,845.87,277,234305.99,96.66
2020-03,COVID-19 Collapse,Emirates,EK,Dubai,New York,Airbus A380,11000,11000.0,0.0,No,No,220.0,20.55,24.88,5473.6,0.0,241.48,17.17,258.65,254,65697.1,90.87
2020-04,COVID-19 Collapse,Emirates,EK,Dubai,New York,Airbus A380,11000,11000.0,0.0,No,No,220.0,20.57,23.55,5181.0,0.0,228.57,15.38,243.95,253,61719.35,90.4
2020-05,COVID-19 Collapse,Emirates,EK,Dubai,New York,Airbus A380,11000,11000.0,0.0,No,No,220.0,22.26,25.84,5684.8,0.0,250.8,18.52,269.32,241,64906.12,91.18
2020-06,COVID-19 Collapse,Emirates,EK,Dubai,New York,Airbus A380,11000,11000.0,0.0,No,No,220.0,45.35,54.22,11928.4,0.0,526.25,81.52,607.77,268,162882.36,95.59
2020-07,COVID-19 Collapse,Emirates,EK,Dubai,New York,Airbus A380,11000,11000.0,0.0,No,No,220.0,44.05,50.34,11074.8,0.0,488.59,70.27,558.86,276,154245.36,95.27
2020-08,COVID-19 Collapse,Emirates,EK,Dubai,New York,Airbus A380,11000,11000.0,0.0,No,No,220.0,42.08,47.45,10439.0,0.0,460.54,62.44,522.98,264,138066.72,94.99
2020-09,COVID-19 Collapse,Emirates,EK,Dubai,New York,Airbus A380,11000,11000.0,0.0,No,No,220.0,46.57,53.51,11772.2,0.0,519.36,79.4,598.76,249,149091.24,95.54
2020-10,COVID-19 Collapse,Emirates,EK,Dubai,New York,Airbus A380,11000,11000.0,0.0,No,No,220.0,39.95,45.39,9985.8,0.0,440.55,57.13,497.68,257,127903.76,94.78
2020-11,COVID-19 Collapse,Emirates,EK,Dubai,New York,Airbus A380,11000,11000.0,0.0,No,No,220.0,42.09,51.05,11231.0,0.0,495.49,72.27,567.76,226,128313.76,95.33
2020-12,COVID-19 Collapse,Emirates,EK,Dubai,New York,Airbus A380,11000,11000.0,0.0,No,No,220.0,43.13,51.79,11393.8,0.0,502.67,74.38,577.05,284,163882.2,95.4
2021-01,COVID-19 Collapse,Emirates,EK,Dubai,New York,Airbus A380,11000,11000.0,0.0,No,No,220.0,75.49,89.33,19652.6,0.0,867.03,221.29,1088.32,280,304729.6,97.28
2021-02,COVID-19 Collapse,Emirates,EK,Dubai,New York,Airbus A380,11000,11000.0,0.0,No,No,220.0,83.06,100.27,22059.4,0.0,973.21,278.81,1252.02,281,351817.62,97.57
2021-03,COVID-19 Collapse,Emirates,EK,Dubai,New York,Airbus A380,11000,11000.0,0.0,No,No,220.0,69.59,83.53,18376.6,0.0,810.73,193.49,1004.22,222,222936.84,97.09
2021-04,COVID-19 Collapse,Emirates,EK,Dubai,New York,Airbus A380,11000,11000.0,0.0,No,No,220.0,76.83,87.48,19245.6,0.0,849.07,212.22,1061.29,258,273812.82,97.22
2021-05,COVID-19 Collapse,Emirates,EK,Dubai,New York,Airbus A380,11000,11000.0,0.0,No,No,220.0,78.63,95.08,20917.6,0.0,922.84,250.7,1173.54,259,303946.86,97.44
2021-06,Recovery & Surge,Emirates,EK,Dubai,New York,Airbus A380,11000,11000.0,0.0,No,No,220.0,66.07,77.56,17063.2,0.0,752.79,166.82,919.61,236,217027.96,96.88
2021-07,Recovery & Surge,Emirates,EK,Dubai,New York,Airbus A380,11000,11000.0,0.0,No,No,220.0,78.97,94.82,20860.4,0.0,920.31,249.33,1169.64,274,320481.36,97.43
2021-08,Recovery & Surge,Emirates,EK,Dubai,New York,Airbus A380,11000,11000.0,0.0,No,No,220.0,68.92,83.37,18341.4,0.0,809.18,192.75,1001.93,268,268517.24,97.09
2021-09,Recovery & Surge,Emirates,EK,Dubai,New York,Airbus A380,11000,11000.0,0.0,No,No,220.0,66.5,76.59,16849.8,0.0,743.37,162.67,906.04,263,238288.52,96.84
2021-10,Recovery & Surge,Emirates,EK,Dubai,New York,Airbus A380,11000,11000.0,0.0,No,No,220.0,86.82,98.19,21601.8,0.0,953.02,267.36,1220.38,212,258720.56,97.52
2021-11,Recovery & Surge,Emirates,EK,Dubai,New York,Airbus A380,11000,11000.0,0.0,No,No,220.0,87.21,99.66,21925.2,0.0,967.29,275.43,1242.72,284,352932.48,97.55
2021-12,Recovery & Surge,Emirates,EK,Dubai,New York,Airbus A380,11000,11000.0,0.0,No,No,220.0,83.59,97.19,21381.8,0.0,943.31,261.94,1205.25,263,316980.75,97.49
2022-01,Recovery & Surge,Emirates,EK,Dubai,New York,Airbus A380,11000,11000.0,0.0,No,No,220.0,72.01,86.54,19038.8,0.0,839.95,207.68,1047.63,282,295431.66,97.19
2022-02,Recovery & Surge,Emirates,EK,Dubai,New York,Airbus A380,11000,11000.0,0.0,No,No,220.0,67.25,81.11,17844.2,0.0,787.24,182.44,969.68,216,209450.88,97.01
2022-03,Ukraine War Shock,Emirates,EK,Dubai,New York,Airbus A380,11000,11000.0,0.0,No,No,220.0,117.58,131.77,28989.4,0.0,1278.94,481.5,1760.44,262,461235.28,98.14
2022-04,Ukraine War Shock,Emirates,EK,Dubai,New York,Airbus A380,11000,11000.0,0.0,No,No,220.0,109.53,128.27,28219.4,0.0,1244.97,456.26,1701.23,265,450825.95,98.09
2022-05,Ukraine War Shock,Emirates,EK,Dubai,New York,Airbus A380,11000,11000.0,0.0,No,Yes,220.0,99.03,115.05,25311.0,0.0,1116.66,367.06,1483.72,0,0.0,97.87
2022-06,Ukraine War Shock,Emirates,EK,Dubai,New York,Airbus A380,11000,11000.0,0.0,No,No,220.0,111.34,127.17,27977.4,0.0,1234.3,448.47,1682.77,214,360112.78,98.07
2022-07,Ukraine War Shock,Emirates,EK,Dubai,New York,Airbus A380,11000,11000.0,0.0,No,No,220.0,80.69,91.34,20094.8,0.0,886.54,231.36,1117.9,267,298479.3,97.34
2022-08,Ukraine War Shock,Emirates,EK,Dubai,New York,Airbus A380,11000,11000.0,0.0,No,No,220.0,98.19,113.29,24923.8,0.0,1099.58,355.92,1455.5,269,391529.5,97.84
2022-09,Ukraine War Shock,Emirates,EK,Dubai,New York,Airbus A380,11000,11000.0,0.0,No,No,220.0,85.18,103.43,22754.6,0.0,1003.88,296.66,1300.54,278,361550.12,97.64
2022-10,Ukraine War Shock,Emirates,EK,Dubai,New York,Airbus A380,11000,11000.0,0.0,No,No,220.0,93.25,107.45,23639.0,0.0,1042.9,320.17,1363.07,267,363939.69,97.73
2022-11,Ukraine War Shock,Emirates,EK,Dubai,New York,Airbus A380,11000,11000.0,0.0,No,No,220.0,86.23,101.05,22231.0,0.0,980.78,283.17,1263.95,228,288180.6,97.59
2022-12,Ukraine War Shock,Emirates,EK,Dubai,New York,Airbus A380,11000,11000.0,0.0,No,No,220.0,90.4,107.6,23672.0,0.0,1044.35,321.06,1365.41,282,385045.62,97.73
2023-01,Stabilisation,Emirates,EK,Dubai,New York,Airbus A380,11000,11000.0,0.0,No,No,220.0,84.29,97.47,21443.4,0.0,946.03,263.46,1209.49,230,278182.7,97.5
2023-02,Stabilisation,Emirates,EK,Dubai,New York,Airbus A380,11000,11000.0,0.0,No,No,220.0,78.14,95.11,20924.2,0.0,923.13,250.85,1173.98,264,309930.72,97.44
2023-03,Stabilisation,Emirates,EK,Dubai,New York,Airbus A380,11000,11000.0,0.0,No,No,220.0,91.48,111.26,24477.2,0.0,1079.88,343.28,1423.16,249,354366.84,97.8
2023-04,Stabilisation,Emirates,EK,Dubai,New York,Airbus A380,11000,11000.0,0.0,No,No,220.0,88.18,100.98,22215.6,0.0,980.1,282.77,1262.87,219,276568.53,97.58
2023-05,Stabilisation,Emirates,EK,Dubai,New York,Airbus A380,11000,11000.0,0.0,No,No,220.0,90.97,106.41,23410.2,0.0,1032.8,314.0,1346.8,279,375757.2,97.7
2023-06,Stabilisation,Emirates,EK,Dubai,New York,Airbus A380,11000,11000.0,0.0,No,No,220.0,90.21,103.75,22825.0,0.0,1006.99,298.5,1305.49,254,331594.46,97.65
2023-07,Stabilisation,Emirates,EK,Dubai,New York,Airbus A380,11000,11000.0,0.0,No,No,220.0,85.16,97.8,21516.0,0.0,949.24,265.24,1214.48,216,262327.68,97.51
2023-08,Stabilisation,Emirates,EK,Dubai,New York,Airbus A380,11000,11000.0,0.0,No,No,220.0,90.67,101.88,22413.6,0.0,988.84,287.84,1276.68,238,303849.84,97.6
2023-09,Stabilisation,Emirates,EK,Dubai,New York,Airbus A380,11000,11000.0,0.0,No,No,220.0,76.5,90.34,19874.8,0.0,876.83,226.32,1103.15,267,294541.05,97.31
2023-10,Gaza-Israel Conflict,Emirates,EK,Dubai,New York,Airbus A380,11000,11000.0,0.0,No,No,220.0,78.33,91.67,20167.4,0.0,889.74,233.04,1122.78,256,287431.68,97.35
2023-11,Gaza-Israel Conflict,Emirates,EK,Dubai,New York,Airbus A380,11000,11000.0,0.0,No,No,220.0,75.77,85.25,18755.0,0.0,827.43,201.54,1028.97,226,232547.22,97.15
2023-12,Gaza-Israel Conflict,Emirates,EK,Dubai,New York,Airbus A380,11000,11000.0,0.0,No,No,220.0,80.53,92.44,20336.8,0.0,897.21,236.97,1134.18,252,285813.36,97.37
2024-01,Gaza-Israel Conflict,Emirates,EK,Dubai,New York,Airbus A380,11000,11000.0,0.0,No,No,220.0,84.61,102.45,22539.0,0.0,994.37,291.07,1285.44,233,299507.52,97.62
2024-02,Gaza-Israel Conflict,Emirates,EK,Dubai,New York,Airbus A380,11000,11000.0,0.0,No,No,220.0,82.61,94.5,20790.0,0.0,917.21,247.65,1164.86,249,290050.14,97.42
2024-03,Gaza-Israel Conflict,Emirates,EK,Dubai,New York,Airbus A380,11000,11000.0,0.0,No,No,220.0,92.09,104.48,22985.6,0.0,1014.07,302.71,1316.78,233,306809.74,97.66
2024-04,Gaza-Israel Conflict,Emirates,EK,Dubai,New York,Airbus A380,11000,11000.0,0.0,No,No,220.0,84.06,98.26,21617.2,0.0,953.7,267.74,1221.44,247,301695.68,97.52
2024-05,Gaza-Israel Conflict,Emirates,EK,Dubai,New York,Airbus A380,11000,11000.0,0.0,No,No,220.0,82.78,100.87,22191.4,0.0,979.03,282.16,1261.19,273,344304.87,97.58
2024-06,Gaza-Israel Conflict,Emirates,EK,Dubai,New York,Airbus A380,11000,11000.0,0.0,No,No,220.0,87.23,99.81,21958.2,0.0,968.74,276.26,1245.0,225,280125.0,97.56
2024-07,Gaza-Israel Conflict,Emirates,EK,Dubai,New York,Airbus A380,11000,11000.0,0.0,No,No,220.0,80.4,95.45,20999.0,0.0,926.43,252.65,1179.08,210,247606.8,97.45
2024-08,Gaza-Israel Conflict,Emirates,EK,Dubai,New York,Airbus A380,11000,11000.0,0.0,No,No,220.0,91.64,109.62,24116.4,0.0,1063.96,333.23,1397.19,221,308778.99,97.77
2024-09,Gaza-Israel Conflict,Emirates,EK,Dubai,New York,Airbus A380,11000,11000.0,0.0,No,No,220.0,79.27,90.67,19947.4,0.0,880.03,227.98,1108.01,273,302486.73,97.32
2024-10,Gaza-Israel Conflict,Emirates,EK,Dubai,New York,Airbus A380,11000,11000.0,0.0,No,No,220.0,94.78,113.06,24873.2,0.0,1097.35,354.48,1451.83,241,349891.03,97.84
2024-11,Gaza-Israel Conflict,Emirates,EK,Dubai,New York,Airbus A380,11000,11000.0,0.0,No,No,220.0,91.13,105.42,23192.4,0.0,1023.19,308.18,1331.37,265,352813.05,97.68
2024-12,Pre-Iran Escalation,Emirates,EK,Dubai,New York,Airbus A380,11000,11000.0,0.0,No,No,220.0,81.38,96.29,21183.8,0.0,934.58,257.12,1191.7,212,252640.4,97.47
2025-01,Pre-Iran Escalation,Emirates,EK,Dubai,New York,Airbus A380,11000,11000.0,0.0,No,No,220.0,85.13,100.74,22162.8,0.0,977.77,281.43,1259.2,220,277024.0,97.58
2025-02,Pre-Iran Escalation,Emirates,EK,Dubai,New York,Airbus A380,11000,11000.0,0.0,No,No,220.0,103.76,121.77,26789.4,0.0,1181.89,411.2,1593.09,252,401458.68,97.99
2025-03,Pre-Iran Escalation,Emirates,EK,Dubai,New York,Airbus A380,11000,11000.0,0.0,No,No,220.0,101.26,114.33,25152.6,0.0,1109.67,362.48,1472.15,264,388647.6,97.86
2025-04,Pre-Iran Escalation,Emirates,EK,Dubai,New York,Airbus A380,11000,11000.0,0.0,No,No,220.0,101.77,122.48,26945.6,0.0,1188.78,416.01,1604.79,269,431688.51,98.0
2025-05,Pre-Iran Escalation,Emirates,EK,Dubai,New York,Airbus A380,11000,11000.0,0.0,No,No,220.0,102.74,118.36,26039.2,0.0,1148.79,388.49,1537.28,258,396618.24,97.93
2025-06,Pre-Iran Escalation,Emirates,EK,Dubai,New York,Airbus A380,11000,11000.0,0.0,No,No,220.0,86.7,98.72,21718.4,0.0,958.16,270.26,1228.42,266,326759.72,97.53
2025-07,Pre-Iran Escalation,Emirates,EK,Dubai,New York,Airbus A380,11000,11000.0,0.0,No,No,220.0,93.24,104.81,23058.2,0.0,1017.27,304.63,1321.9,222,293461.8,97.67
2025-08,Pre-Iran Escalation,Emirates,EK,Dubai,New York,Airbus A380,11000,11000.0,0.0,No,No,220.0,87.66,103.36,22739.2,0.0,1003.2,296.26,1299.46,259,336560.14,97.64
2025-09,Pre-Iran Escalation,Emirates,EK,Dubai,New York,Airbus A380,11000,11000.0,0.0,No,No,220.0,104.85,124.54,27398.8,0.0,1208.77,430.11,1638.88,241,394970.08,98.03
2025-10,Pre-Iran Escalation,Emirates,EK,Dubai,New York,Airbus A380,11000,11000.0,0.0,No,No,220.0,99.34,111.43,24514.6,0.0,1081.53,344.33,1425.86,278,396389.08,97.81
2025-11,Pre-Iran Escalation,Emirates,EK,Dubai,New York,Airbus A380,11000,11000.0,0.0,No,No,220.0,92.61,108.47,23863.4,0.0,1052.8,326.28,1379.08,256,353044.48,97.75
2025-12,US-Iran War Conflict,Emirates,EK,Dubai,New York,Airbus A380,11000,12893.0,1893.0,Yes,Yes,257.9,122.22,139.65,36015.74,6197.98,1355.43,540.82,1896.25,0,0.0,98.5
2026-01,US-Iran War Conflict,Emirates,EK,Dubai,New York,Airbus A380,11000,13435.0,2435.0,Yes,No,268.7,130.88,155.03,41656.56,9221.25,1504.7,666.5,2171.2,210,455952.0,98.7
2026-02,US-Iran War Conflict,Emirates,EK,Dubai,New York,Airbus A380,11000,13489.0,2489.0,Yes,No,269.8,155.73,177.13,47789.67,10813.5,1719.2,773.64,2492.84,212,528482.08,98.86
2026-03,US-Iran War Conflict,Emirates,EK,Dubai,New York,Airbus A380,11000,12970.0,1970.0,Yes,No,259.4,169.08,201.05,52152.37,9340.02,1951.37,878.12,2829.49,247,698884.03,98.96
2026-04,De-escalation & Negotiations,Emirates,EK,Dubai,New York,Airbus A380,11000,11395.0,395.0,Yes,No,227.9,111.38,129.05,29410.5,1056.1,1252.54,461.83,1714.37,219,375447.03,98.16
2026-05,De-escalation & Negotiations,Emirates,EK,Dubai,New York,Airbus A380,11000,11206.0,206.0,Yes,No,224.1,104.87,127.28,28523.45,534.17,1235.36,449.25,1684.61,265,446421.65,98.11
2026-06,De-escalation & Negotiations,Emirates,EK,Dubai,New York,Airbus A380,11000,11197.0,197.0,Yes,No,223.9,92.83,105.25,23565.48,422.04,1021.54,307.19,1328.73,261,346798.53,97.72
2019-01,Pre-Pandemic Baseline,Emirates,EK,Dubai,Singapore,Boeing 777-300ER,5845,5845.0,0.0,No,No,110.0,63.0,71.31,7844.1,0.0,367.77,74.93,442.7,284,125726.8,96.41
2019-02,Pre-Pandemic Baseline,Emirates,EK,Dubai,Singapore,Boeing 777-300ER,5845,5845.0,0.0,No,No,110.0,67.61,80.55,8860.5,0.0,415.42,95.61,511.03,261,133378.83,96.81
2019-03,Pre-Pandemic Baseline,Emirates,EK,Dubai,Singapore,Boeing 777-300ER,5845,5845.0,0.0,No,No,110.0,65.86,78.77,8664.7,0.0,406.24,91.43,497.67,215,106999.05,96.74
2019-04,Pre-Pandemic Baseline,Emirates,EK,Dubai,Singapore,Boeing 777-300ER,5845,5845.0,0.0,No,No,110.0,64.79,76.2,8382.0,0.0,392.99,85.56,478.55,250,119637.5,96.63
2019-05,Pre-Pandemic Baseline,Emirates,EK,Dubai,Singapore,Boeing 777-300ER,5845,5845.0,0.0,No,No,110.0,61.25,73.32,8065.2,0.0,378.14,79.21,457.35,272,124399.2,96.5
2019-06,Pre-Pandemic Baseline,Emirates,EK,Dubai,Singapore,Boeing 777-300ER,5845,5845.0,0.0,No,No,110.0,61.25,71.62,7878.2,0.0,369.37,75.58,444.95,281,125030.95,96.42
2019-07,Pre-Pandemic Baseline,Emirates,EK,Dubai,Singapore,Boeing 777-300ER,5845,5845.0,0.0,No,No,110.0,60.46,70.88,7796.8,0.0,365.55,74.03,439.58,264,116049.12,96.39
2019-08,Pre-Pandemic Baseline,Emirates,EK,Dubai,Singapore,Boeing 777-300ER,5845,5845.0,0.0,No,No,110.0,66.93,77.82,8560.2,0.0,401.35,89.24,490.59,233,114307.47,96.7
2019-09,Pre-Pandemic Baseline,Emirates,EK,Dubai,Singapore,Boeing 777-300ER,5845,5845.0,0.0,No,No,110.0,64.81,72.75,8002.5,0.0,375.2,77.99,453.19,228,103327.32,96.48
2019-10,Pre-Pandemic Baseline,Emirates,EK,Dubai,Singapore,Boeing 777-300ER,5845,5845.0,0.0,No,No,110.0,65.66,74.25,8167.5,0.0,382.93,81.24,464.17,268,124397.56,96.55
2019-11,Pre-Pandemic Baseline,Emirates,EK,Dubai,Singapore,Boeing 777-300ER,5845,5845.0,0.0,No,No,110.0,60.16,67.57,7432.7,0.0,348.48,67.28,415.76,267,111007.92,96.22
2019-12,Pre-Pandemic Baseline,Emirates,EK,Dubai,Singapore,Boeing 777-300ER,5845,5845.0,0.0,No,No,110.0,67.76,80.2,8822.0,0.0,413.62,94.78,508.4,246,125066.4,96.79
2020-01,Pre-Pandemic Baseline,Emirates,EK,Dubai,Singapore,Boeing 777-300ER,5845,5845.0,0.0,No,No,110.0,66.66,76.75,8442.5,0.0,395.83,86.8,482.63,216,104248.08,96.65
2020-02,Pre-Pandemic Baseline,Emirates,EK,Dubai,Singapore,Boeing 777-300ER,5845,5845.0,0.0,No,No,110.0,61.7,72.24,7946.4,0.0,372.57,76.9,449.47,260,116862.2,96.45
2020-03,COVID-19 Collapse,Emirates,EK,Dubai,Singapore,Boeing 777-300ER,5845,5845.0,0.0,No,No,110.0,20.55,24.88,2736.8,0.0,128.31,9.12,137.43,254,34907.22,90.35
2020-04,COVID-19 Collapse,Emirates,EK,Dubai,Singapore,Boeing 777-300ER,5845,5845.0,0.0,No,No,110.0,20.57,23.55,2590.5,0.0,121.46,8.17,129.63,210,27222.3,89.86
2020-05,COVID-19 Collapse,Emirates,EK,Dubai,Singapore,Boeing 777-300ER,5845,5845.0,0.0,No,No,110.0,22.26,25.84,2842.4,0.0,133.27,9.84,143.11,258,36922.38,90.68
2020-06,COVID-19 Collapse,Emirates,EK,Dubai,Singapore,Boeing 777-300ER,5845,5845.0,0.0,No,No,110.0,45.35,54.22,5964.2,0.0,279.63,43.32,322.95,219,70726.05,95.33
2020-07,COVID-19 Collapse,Emirates,EK,Dubai,Singapore,Boeing 777-300ER,5845,5845.0,0.0,No,No,110.0,44.05,50.34,5537.4,0.0,259.62,37.34,296.96,271,80476.16,94.99
2020-08,COVID-19 Collapse,Emirates,EK,Dubai,Singapore,Boeing 777-300ER,5845,5845.0,0.0,No,No,110.0,42.08,47.45,5219.5,0.0,244.72,33.18,277.9,260,72254.0,94.7
2020-09,COVID-19 Collapse,Emirates,EK,Dubai,Singapore,Boeing 777-300ER,5845,5845.0,0.0,No,No,110.0,46.57,53.51,5886.1,0.0,275.97,42.19,318.16,213,67768.08,95.27
2020-10,COVID-19 Collapse,Emirates,EK,Dubai,Singapore,Boeing 777-300ER,5845,5845.0,0.0,No,No,110.0,39.95,45.39,4992.9,0.0,234.09,30.36,264.45,249,65848.05,94.47
2020-11,COVID-19 Collapse,Emirates,EK,Dubai,Singapore,Boeing 777-300ER,5845,5845.0,0.0,No,No,110.0,42.09,51.05,5615.5,0.0,263.28,38.4,301.68,270,81453.6,95.05
2020-12,COVID-19 Collapse,Emirates,EK,Dubai,Singapore,Boeing 777-300ER,5845,5845.0,0.0,No,No,110.0,43.13,51.79,5696.9,0.0,267.1,39.52,306.62,272,83400.64,95.12
2021-01,COVID-19 Collapse,Emirates,EK,Dubai,Singapore,Boeing 777-300ER,5845,5845.0,0.0,No,No,110.0,75.49,89.33,9826.3,0.0,460.71,117.59,578.3,216,124912.8,97.11
2021-02,COVID-19 Collapse,Emirates,EK,Dubai,Singapore,Boeing 777-300ER,5845,5845.0,0.0,No,No,110.0,83.06,100.27,11029.7,0.0,517.13,148.15,665.28,215,143035.2,97.42
2021-03,COVID-19 Collapse,Emirates,EK,Dubai,Singapore,Boeing 777-300ER,5845,5845.0,0.0,No,No,110.0,69.59,83.53,9188.3,0.0,430.79,102.81,533.6,268,143004.8,96.92
2021-04,COVID-19 Collapse,Emirates,EK,Dubai,Singapore,Boeing 777-300ER,5845,5845.0,0.0,No,No,110.0,76.83,87.48,9622.8,0.0,451.17,112.77,563.94,227,128014.38,97.05
2021-05,COVID-19 Collapse,Emirates,EK,Dubai,Singapore,Boeing 777-300ER,5845,5845.0,0.0,No,No,110.0,78.63,95.08,10458.8,0.0,490.36,133.21,623.57,254,158386.78,97.28
2021-06,Recovery & Surge,Emirates,EK,Dubai,Singapore,Boeing 777-300ER,5845,5845.0,0.0,No,No,110.0,66.07,77.56,8531.6,0.0,400.0,88.64,488.64,255,124603.2,96.69
2021-07,Recovery & Surge,Emirates,EK,Dubai,Singapore,Boeing 777-300ER,5845,5845.0,0.0,No,No,110.0,78.97,94.82,10430.2,0.0,489.02,132.48,621.5,257,159725.5,97.27
2021-08,Recovery & Surge,Emirates,EK,Dubai,Singapore,Boeing 777-300ER,5845,5845.0,0.0,No,No,110.0,68.92,83.37,9170.7,0.0,429.97,102.42,532.39,235,125111.65,96.91
2021-09,Recovery & Surge,Emirates,EK,Dubai,Singapore,Boeing 777-300ER,5845,5845.0,0.0,No,No,110.0,66.5,76.59,8424.9,0.0,395.0,86.44,481.44,212,102065.28,96.65
2021-10,Recovery & Surge,Emirates,EK,Dubai,Singapore,Boeing 777-300ER,5845,5845.0,0.0,No,No,110.0,86.82,98.19,10800.9,0.0,506.4,142.07,648.47,250,162117.5,97.37
2021-11,Recovery & Surge,Emirates,EK,Dubai,Singapore,Boeing 777-300ER,5845,5845.0,0.0,No,No,110.0,87.21,99.66,10962.6,0.0,513.98,146.35,660.33,248,163761.84,97.4
2021-12,Recovery & Surge,Emirates,EK,Dubai,Singapore,Boeing 777-300ER,5845,5845.0,0.0,No,No,110.0,83.59,97.19,10690.9,0.0,501.24,139.19,640.43,242,154984.06,97.34
2022-01,Recovery & Surge,Emirates,EK,Dubai,Singapore,Boeing 777-300ER,5845,5845.0,0.0,No,No,110.0,72.01,86.54,9519.4,0.0,446.32,110.36,556.68,230,128036.4,97.02
2022-02,Recovery & Surge,Emirates,EK,Dubai,Singapore,Boeing 777-300ER,5845,5845.0,0.0,No,No,110.0,67.25,81.11,8922.1,0.0,418.31,96.94,515.25,273,140663.25,96.83
2022-03,Ukraine War Shock,Emirates,EK,Dubai,Singapore,Boeing 777-300ER,5845,5845.0,0.0,No,No,110.0,117.58,131.77,14494.7,0.0,679.58,255.85,935.43,237,221696.91,98.02
2022-04,Ukraine War Shock,Emirates,EK,Dubai,Singapore,Boeing 777-300ER,5845,5845.0,0.0,No,No,110.0,109.53,128.27,14109.7,0.0,661.53,242.44,903.97,219,197969.43,97.97
2022-05,Ukraine War Shock,Emirates,EK,Dubai,Singapore,Boeing 777-300ER,5845,5845.0,0.0,No,No,110.0,99.03,115.05,12655.5,0.0,593.35,195.04,788.39,266,209711.74,97.74
2022-06,Ukraine War Shock,Emirates,EK,Dubai,Singapore,Boeing 777-300ER,5845,5845.0,0.0,No,No,110.0,111.34,127.17,13988.7,0.0,655.86,238.3,894.16,257,229799.12,97.95
2022-07,Ukraine War Shock,Emirates,EK,Dubai,Singapore,Boeing 777-300ER,5845,5845.0,0.0,No,No,110.0,80.69,91.34,10047.4,0.0,471.07,122.94,594.01,233,138404.33,97.17
2022-08,Ukraine War Shock,Emirates,EK,Dubai,Singapore,Boeing 777-300ER,5845,5845.0,0.0,No,No,110.0,98.19,113.29,12461.9,0.0,584.28,189.12,773.4,221,170921.4,97.71
2022-09,Ukraine War Shock,Emirates,EK,Dubai,Singapore,Boeing 777-300ER,5845,5845.0,0.0,No,No,110.0,85.18,103.43,11377.3,0.0,533.43,157.64,691.07,242,167238.94,97.5
2022-10,Ukraine War Shock,Emirates,EK,Dubai,Singapore,Boeing 777-300ER,5845,5845.0,0.0,No,Yes,110.0,93.25,107.45,11819.5,0.0,554.16,170.13,724.29,0,0.0,97.59
2022-11,Ukraine War Shock,Emirates,EK,Dubai,Singapore,Boeing 777-300ER,5845,5845.0,0.0,No,No,110.0,86.23,101.05,11115.5,0.0,521.15,150.46,671.61,226,151783.86,97.44
2022-12,Ukraine War Shock,Emirates,EK,Dubai,Singapore,Boeing 777-300ER,5845,5845.0,0.0,No,No,110.0,90.4,107.6,11836.0,0.0,554.93,170.6,725.53,282,204599.46,97.59
2023-01,Stabilisation,Emirates,EK,Dubai,Singapore,Boeing 777-300ER,5845,5845.0,0.0,No,No,110.0,84.29,97.47,10721.7,0.0,502.69,139.99,642.68,221,142032.28,97.35
2023-02,Stabilisation,Emirates,EK,Dubai,Singapore,Boeing 777-300ER,5845,5845.0,0.0,No,No,110.0,78.14,95.11,10462.1,0.0,490.52,133.3,623.82,230,143478.6,97.28
2023-03,Stabilisation,Emirates,EK,Dubai,Singapore,Boeing 777-300ER,5845,5845.0,0.0,No,No,110.0,91.48,111.26,12238.6,0.0,573.81,182.41,756.22,220,166368.4,97.67
2023-04,Stabilisation,Emirates,EK,Dubai,Singapore,Boeing 777-300ER,5845,5845.0,0.0,No,No,110.0,88.18,100.98,11107.8,0.0,520.79,150.26,671.05,278,186551.9,97.44
2023-05,Stabilisation,Emirates,EK,Dubai,Singapore,Boeing 777-300ER,5845,5845.0,0.0,No,No,110.0,90.97,106.41,11705.1,0.0,548.79,166.85,715.64,279,199663.56,97.56
2023-06,Stabilisation,Emirates,EK,Dubai,Singapore,Boeing 777-300ER,5845,5845.0,0.0,No,No,110.0,90.21,103.75,11412.5,0.0,535.08,158.61,693.69,214,148449.66,97.5
2023-07,Stabilisation,Emirates,EK,Dubai,Singapore,Boeing 777-300ER,5845,5845.0,0.0,No,No,110.0,85.16,97.8,10758.0,0.0,504.39,140.94,645.33,277,178756.41,97.36
2023-08,Stabilisation,Emirates,EK,Dubai,Singapore,Boeing 777-300ER,5845,5845.0,0.0,No,No,110.0,90.67,101.88,11206.8,0.0,525.43,152.95,678.38,220,149243.6,97.46
2023-09,Stabilisation,Emirates,EK,Dubai,Singapore,Boeing 777-300ER,5845,5845.0,0.0,No,No,110.0,76.5,90.34,9937.4,0.0,465.92,120.26,586.18,239,140097.02,97.14
2023-10,Gaza-Israel Conflict,Emirates,EK,Dubai,Singapore,Boeing 777-300ER,5845,5845.0,0.0,No,No,110.0,78.33,91.67,10083.7,0.0,472.77,123.83,596.6,253,150939.8,97.18
2023-11,Gaza-Israel Conflict,Emirates,EK,Dubai,Singapore,Boeing 777-300ER,5845,5845.0,0.0,No,No,110.0,75.77,85.25,9377.5,0.0,439.66,107.09,546.75,244,133407.0,96.98
2023-12,Gaza-Israel Conflict,Emirates,EK,Dubai,Singapore,Boeing 777-300ER,5845,5845.0,0.0,No,No,110.0,80.53,92.44,10168.4,0.0,476.75,125.92,602.67,220,132587.4,97.21
2024-01,Gaza-Israel Conflict,Emirates,EK,Dubai,Singapore,Boeing 777-300ER,5845,5845.0,0.0,No,No,110.0,84.61,102.45,11269.5,0.0,528.37,154.66,683.03,269,183735.07,97.47
2024-02,Gaza-Israel Conflict,Emirates,EK,Dubai,Singapore,Boeing 777-300ER,5845,5845.0,0.0,No,No,110.0,82.61,94.5,10395.0,0.0,487.37,131.59,618.96,261,161548.56,97.27
2024-03,Gaza-Israel Conflict,Emirates,EK,Dubai,Singapore,Boeing 777-300ER,5845,5845.0,0.0,No,No,110.0,92.09,104.48,11492.8,0.0,538.84,160.85,699.69,280,195913.2,97.52
2024-04,Gaza-Israel Conflict,Emirates,EK,Dubai,Singapore,Boeing 777-300ER,5845,5845.0,0.0,No,No,110.0,84.06,98.26,10808.6,0.0,506.76,142.27,649.03,236,153171.08,97.37
2024-05,Gaza-Israel Conflict,Emirates,EK,Dubai,Singapore,Boeing 777-300ER,5845,5845.0,0.0,No,No,110.0,82.78,100.87,11095.7,0.0,520.22,149.93,670.15,242,162176.3,97.43
2024-06,Gaza-Israel Conflict,Emirates,EK,Dubai,Singapore,Boeing 777-300ER,5845,5845.0,0.0,No,No,110.0,87.23,99.81,10979.1,0.0,514.76,146.79,661.55,236,156125.8,97.41
2024-07,Gaza-Israel Conflict,Emirates,EK,Dubai,Singapore,Boeing 777-300ER,5845,5845.0,0.0,No,No,110.0,80.4,95.45,10499.5,0.0,492.27,134.25,626.52,214,134075.28,97.29
2024-08,Gaza-Israel Conflict,Emirates,EK,Dubai,Singapore,Boeing 777-300ER,5845,5845.0,0.0,No,No,110.0,91.64,109.62,12058.2,0.0,565.35,177.07,742.42,214,158877.88,97.63
2024-09,Gaza-Israel Conflict,Emirates,EK,Dubai,Singapore,Boeing 777-300ER,5845,5845.0,0.0,No,No,110.0,79.27,90.67,9973.7,0.0,467.62,121.14,588.76,267,157198.92,97.15
2024-10,Gaza-Israel Conflict,Emirates,EK,Dubai,Singapore,Boeing 777-300ER,5845,5845.0,0.0,No,No,110.0,94.78,113.06,12436.6,0.0,583.09,188.35,771.44,231,178202.64,97.7
2024-11,Gaza-Israel Conflict,Emirates,EK,Dubai,Singapore,Boeing 777-300ER,5845,5845.0,0.0,No,No,110.0,91.13,105.42,11596.2,0.0,543.69,163.76,707.45,246,174032.7,97.54
2024-12,Pre-Iran Escalation,Emirates,EK,Dubai,Singapore,Boeing 777-300ER,5845,5845.0,0.0,No,No,110.0,81.38,96.29,10591.9,0.0,496.6,136.62,633.22,283,179201.26,97.31
2025-01,Pre-Iran Escalation,Emirates,EK,Dubai,Singapore,Boeing 777-300ER,5845,5845.0,0.0,No,No,110.0,85.13,100.74,11081.4,0.0,519.55,149.54,669.09,211,141177.99,97.43
2025-02,Pre-Iran Escalation,Emirates,EK,Dubai,Singapore,Boeing 777-300ER,5845,5845.0,0.0,No,No,110.0,103.76,121.77,13394.7,0.0,628.01,218.49,846.5,248,209932.0,97.86
2025-03,Pre-Iran Escalation,Emirates,EK,Dubai,Singapore,Boeing 777-300ER,5845,5845.0,0.0,No,No,110.0,101.26,114.33,12576.3,0.0,589.64,192.61,782.25,248,193998.0,97.73
2025-04,Pre-Iran Escalation,Emirates,EK,Dubai,Singapore,Boeing 777-300ER,5845,5845.0,0.0,No,No,110.0,101.77,122.48,13472.8,0.0,631.67,221.05,852.72,284,242172.48,97.88
2025-05,Pre-Iran Escalation,Emirates,EK,Dubai,Singapore,Boeing 777-300ER,5845,5845.0,0.0,No,No,110.0,102.74,118.36,13019.6,0.0,610.42,206.43,816.85,272,222183.2,97.8
2025-06,Pre-Iran Escalation,Emirates,EK,Dubai,Singapore,Boeing 777-300ER,5845,5845.0,0.0,No,No,110.0,86.7,98.72,10859.2,0.0,509.13,143.6,652.73,215,140336.95,97.38
2025-07,Pre-Iran Escalation,Emirates,EK,Dubai,Singapore,Boeing 777-300ER,5845,5845.0,0.0,No,No,110.0,93.24,104.81,11529.1,0.0,540.54,161.87,702.41,221,155232.61,97.53
2025-08,Pre-Iran Escalation,Emirates,EK,Dubai,Singapore,Boeing 777-300ER,5845,5845.0,0.0,No,No,110.0,87.66,103.36,11369.6,0.0,533.06,157.42,690.48,212,146381.76,97.49
2025-09,Pre-Iran Escalation,Emirates,EK,Dubai,Singapore,Boeing 777-300ER,5845,5845.0,0.0,No,No,110.0,104.85,124.54,13699.4,0.0,642.3,228.55,870.85,224,195070.4,97.91
2025-10,Pre-Iran Escalation,Emirates,EK,Dubai,Singapore,Boeing 777-300ER,5845,5845.0,0.0,No,No,110.0,99.34,111.43,12257.3,0.0,574.68,182.96,757.64,225,170469.0,97.67
2025-11,Pre-Iran Escalation,Emirates,EK,Dubai,Singapore,Boeing 777-300ER,5845,5845.0,0.0,No,No,110.0,92.61,108.47,11931.7,0.0,559.42,173.37,732.79,216,158282.64,97.61
2025-12,US-Iran War Conflict,Emirates,EK,Dubai,Singapore,Boeing 777-300ER,5845,6836.0,991.0,Yes,Yes,128.7,122.22,139.65,17972.95,3047.25,720.22,287.37,1007.59,0,0.0,98.4
2026-01,US-Iran War Conflict,Emirates,EK,Dubai,Singapore,Boeing 777-300ER,5845,7111.0,1266.0,Yes,Yes,133.8,130.88,155.03,20743.01,4492.84,799.54,354.15,1153.69,0,0.0,98.61
2026-02,US-Iran War Conflict,Emirates,EK,Dubai,Singapore,Boeing 777-300ER,5845,7091.0,1246.0,Yes,Yes,133.4,155.73,177.13,23629.14,5037.11,913.52,411.08,1324.6,0,0.0,98.78
2026-03,US-Iran War Conflict,Emirates,EK,Dubai,Singapore,Boeing 777-300ER,5845,7143.0,1298.0,Yes,Yes,134.4,169.08,201.05,27021.12,6000.58,1036.89,466.6,1503.49,0,0.0,98.93
2026-04,De-escalation & Negotiations,Emirates,EK,Dubai,Singapore,Boeing 777-300ER,5845,6014.0,169.0,Yes,No,113.2,111.38,129.05,14608.46,422.38,665.56,245.4,910.96,266,242315.36,98.04
2026-05,De-escalation & Negotiations,Emirates,EK,Dubai,Singapore,Boeing 777-300ER,5845,6225.0,380.0,Yes,No,117.2,104.87,127.28,14917.22,969.81,656.43,238.72,895.15,232,207674.8,98.08
2026-06,De-escalation & Negotiations,Emirates,EK,Dubai,Singapore,Boeing 777-300ER,5845,5995.0,150.0,Yes,No,112.8,92.83,105.25,11872.2,304.68,542.81,163.23,706.04,260,183570.4,97.6
2019-01,Pre-Pandemic Baseline,Emirates,EK,Dubai,Sydney,Airbus A380,12003,12003.0,0.0,No,No,240.0,63.0,71.31,17114.4,0.0,755.24,153.87,909.11,276,250914.36,96.61
2019-02,Pre-Pandemic Baseline,Emirates,EK,Dubai,Sydney,Airbus A380,12003,12003.0,0.0,No,No,240.0,67.61,80.55,19332.0,0.0,853.1,196.33,1049.43,211,221429.73,96.99
2019-03,Pre-Pandemic Baseline,Emirates,EK,Dubai,Sydney,Airbus A380,12003,12003.0,0.0,No,No,240.0,65.86,78.77,18904.8,0.0,834.24,187.75,1021.99,284,290245.16,96.92
2019-04,Pre-Pandemic Baseline,Emirates,EK,Dubai,Sydney,Airbus A380,12003,12003.0,0.0,No,No,240.0,64.79,76.2,18288.0,0.0,807.03,175.7,982.73,224,220131.52,96.82
2019-05,Pre-Pandemic Baseline,Emirates,EK,Dubai,Sydney,Airbus A380,12003,12003.0,0.0,No,No,240.0,61.25,73.32,17596.8,0.0,776.52,162.67,939.19,236,221648.84,96.7
2019-06,Pre-Pandemic Baseline,Emirates,EK,Dubai,Sydney,Airbus A380,12003,12003.0,0.0,No,No,240.0,61.25,71.62,17188.8,0.0,758.52,155.21,913.73,213,194624.49,96.63
2019-07,Pre-Pandemic Baseline,Emirates,EK,Dubai,Sydney,Airbus A380,12003,12003.0,0.0,No,No,240.0,60.46,70.88,17011.2,0.0,750.68,152.02,902.7,214,193177.8,96.59
2019-08,Pre-Pandemic Baseline,Emirates,EK,Dubai,Sydney,Airbus A380,12003,12003.0,0.0,No,No,240.0,66.93,77.82,18676.8,0.0,824.18,183.25,1007.43,230,231708.9,96.89
2019-09,Pre-Pandemic Baseline,Emirates,EK,Dubai,Sydney,Airbus A380,12003,12003.0,0.0,No,No,240.0,64.81,72.75,17460.0,0.0,770.49,160.15,930.64,252,234521.28,96.68
2019-10,Pre-Pandemic Baseline,Emirates,EK,Dubai,Sydney,Airbus A380,12003,12003.0,0.0,No,No,240.0,65.66,74.25,17820.0,0.0,786.37,166.82,953.19,277,264033.63,96.74
2019-11,Pre-Pandemic Baseline,Emirates,EK,Dubai,Sydney,Airbus A380,12003,12003.0,0.0,No,No,240.0,60.16,67.57,16216.8,0.0,715.63,138.16,853.79,215,183564.85,96.43
2019-12,Pre-Pandemic Baseline,Emirates,EK,Dubai,Sydney,Airbus A380,12003,12003.0,0.0,No,No,240.0,67.76,80.2,19248.0,0.0,849.39,194.63,1044.02,250,261005.0,96.98
2020-01,Pre-Pandemic Baseline,Emirates,EK,Dubai,Sydney,Airbus A380,12003,12003.0,0.0,No,No,240.0,66.66,76.75,18420.0,0.0,812.85,178.25,991.1,241,238855.1,96.84
2020-02,Pre-Pandemic Baseline,Emirates,EK,Dubai,Sydney,Airbus A380,12003,12003.0,0.0,No,No,240.0,61.7,72.24,17337.6,0.0,765.09,157.91,923.0,284,262132.0,96.65
2020-03,COVID-19 Collapse,Emirates,EK,Dubai,Sydney,Airbus A380,12003,12003.0,0.0,No,No,240.0,20.55,24.88,5971.2,0.0,263.5,18.73,282.23,224,63219.52,90.87
2020-04,COVID-19 Collapse,Emirates,EK,Dubai,Sydney,Airbus A380,12003,12003.0,0.0,No,No,240.0,20.57,23.55,5652.0,0.0,249.42,16.78,266.2,237,63089.4,90.4
2020-05,COVID-19 Collapse,Emirates,EK,Dubai,Sydney,Airbus A380,12003,12003.0,0.0,No,No,240.0,22.26,25.84,6201.6,0.0,273.67,20.2,293.87,212,62300.44,91.18
2020-06,COVID-19 Collapse,Emirates,EK,Dubai,Sydney,Airbus A380,12003,12003.0,0.0,No,No,240.0,45.35,54.22,13012.8,0.0,574.24,88.96,663.2,278,184369.6,95.59
2020-07,COVID-19 Collapse,Emirates,EK,Dubai,Sydney,Airbus A380,12003,12003.0,0.0,No,No,240.0,44.05,50.34,12081.6,0.0,533.15,76.68,609.83,256,156116.48,95.27
2020-08,COVID-19 Collapse,Emirates,EK,Dubai,Sydney,Airbus A380,12003,12003.0,0.0,No,No,240.0,42.08,47.45,11388.0,0.0,502.54,68.13,570.67,254,144950.18,94.99
2020-09,COVID-19 Collapse,Emirates,EK,Dubai,Sydney,Airbus A380,12003,12003.0,0.0,No,No,240.0,46.57,53.51,12842.4,0.0,566.72,86.64,653.36,213,139165.68,95.54
2020-10,COVID-19 Collapse,Emirates,EK,Dubai,Sydney,Airbus A380,12003,12003.0,0.0,No,No,240.0,39.95,45.39,10893.6,0.0,480.72,62.34,543.06,217,117844.02,94.78
2020-11,COVID-19 Collapse,Emirates,EK,Dubai,Sydney,Airbus A380,12003,12003.0,0.0,No,No,240.0,42.09,51.05,12252.0,0.0,540.66,78.86,619.52,269,166650.88,95.33
2020-12,COVID-19 Collapse,Emirates,EK,Dubai,Sydney,Airbus A380,12003,12003.0,0.0,No,No,240.0,43.13,51.79,12429.6,0.0,548.5,81.16,629.66,251,158044.66,95.39
2021-01,COVID-19 Collapse,Emirates,EK,Dubai,Sydney,Airbus A380,12003,12003.0,0.0,No,No,240.0,75.49,89.33,21439.2,0.0,946.08,241.47,1187.55,224,266011.2,97.28
2021-02,COVID-19 Collapse,Emirates,EK,Dubai,Sydney,Airbus A380,12003,12003.0,0.0,No,No,240.0,83.06,100.27,24064.8,0.0,1061.95,304.23,1366.18,251,342911.18,97.57
2021-03,COVID-19 Collapse,Emirates,EK,Dubai,Sydney,Airbus A380,12003,12003.0,0.0,No,No,240.0,69.59,83.53,20047.2,0.0,884.66,211.13,1095.79,282,309012.78,97.09
2021-04,COVID-19 Collapse,Emirates,EK,Dubai,Sydney,Airbus A380,12003,12003.0,0.0,No,No,240.0,76.83,87.48,20995.2,0.0,926.49,231.57,1158.06,217,251299.02,97.22
2021-05,COVID-19 Collapse,Emirates,EK,Dubai,Sydney,Airbus A380,12003,12003.0,0.0,No,No,240.0,78.63,95.08,22819.2,0.0,1006.98,273.55,1280.53,282,361109.46,97.44
2021-06,Recovery & Surge,Emirates,EK,Dubai,Sydney,Airbus A380,12003,12003.0,0.0,No,No,240.0,66.07,77.56,18614.4,0.0,821.43,182.03,1003.46,268,268927.28,96.88
2021-07,Recovery & Surge,Emirates,EK,Dubai,Sydney,Airbus A380,12003,12003.0,0.0,No,No,240.0,78.97,94.82,22756.8,0.0,1004.23,272.06,1276.29,220,280783.8,97.43
2021-08,Recovery & Surge,Emirates,EK,Dubai,Sydney,Airbus A380,12003,12003.0,0.0,No,No,240.0,68.92,83.37,20008.8,0.0,882.96,210.32,1093.28,271,296278.88,97.09
2021-09,Recovery & Surge,Emirates,EK,Dubai,Sydney,Airbus A380,12003,12003.0,0.0,No,No,240.0,66.5,76.59,18381.6,0.0,811.16,177.5,988.66,265,261994.9,96.84
2021-10,Recovery & Surge,Emirates,EK,Dubai,Sydney,Airbus A380,12003,12003.0,0.0,No,No,240.0,86.82,98.19,23565.6,0.0,1039.92,291.74,1331.66,253,336909.98,97.52
2021-11,Recovery & Surge,Emirates,EK,Dubai,Sydney,Airbus A380,12003,12003.0,0.0,No,No,240.0,87.21,99.66,23918.4,0.0,1055.49,300.54,1356.03,268,363416.04,97.55
2021-12,Recovery & Surge,Emirates,EK,Dubai,Sydney,Airbus A380,12003,12003.0,0.0,No,No,240.0,83.59,97.19,23325.6,0.0,1029.33,285.83,1315.16,220,289335.2,97.49
2022-01,Recovery & Surge,Emirates,EK,Dubai,Sydney,Airbus A380,12003,12003.0,0.0,No,No,240.0,72.01,86.54,20769.6,0.0,916.53,226.62,1143.15,264,301791.6,97.19
2022-02,Recovery & Surge,Emirates,EK,Dubai,Sydney,Airbus A380,12003,12003.0,0.0,No,No,240.0,67.25,81.11,19466.4,0.0,859.03,199.07,1058.1,258,272989.8,97.01
2022-03,Ukraine War Shock,Emirates,EK,Dubai,Sydney,Airbus A380,12003,12003.0,0.0,No,No,240.0,117.58,131.77,31624.8,0.0,1395.56,525.41,1920.97,231,443744.07,98.14
2022-04,Ukraine War Shock,Emirates,EK,Dubai,Sydney,Airbus A380,12003,12003.0,0.0,No,No,240.0,109.53,128.27,30784.8,0.0,1358.49,497.87,1856.36,261,484509.96,98.09
2022-05,Ukraine War Shock,Emirates,EK,Dubai,Sydney,Airbus A380,12003,12003.0,0.0,No,No,240.0,99.03,115.05,27612.0,0.0,1218.48,400.53,1619.01,260,420942.6,97.87
2022-06,Ukraine War Shock,Emirates,EK,Dubai,Sydney,Airbus A380,12003,12003.0,0.0,No,No,240.0,111.34,127.17,30520.8,0.0,1346.84,489.36,1836.2,227,416817.4,98.07
2022-07,Ukraine War Shock,Emirates,EK,Dubai,Sydney,Airbus A380,12003,12003.0,0.0,No,No,240.0,80.69,91.34,21921.6,0.0,967.37,252.46,1219.83,221,269582.43,97.34
2022-08,Ukraine War Shock,Emirates,EK,Dubai,Sydney,Airbus A380,12003,12003.0,0.0,No,No,240.0,98.19,113.29,27189.6,0.0,1199.84,388.37,1588.21,237,376405.77,97.84
2022-09,Ukraine War Shock,Emirates,EK,Dubai,Sydney,Airbus A380,12003,12003.0,0.0,No,No,240.0,85.18,103.43,24823.2,0.0,1095.41,323.71,1419.12,239,339169.68,97.64
2022-10,Ukraine War Shock,Emirates,EK,Dubai,Sydney,Airbus A380,12003,12003.0,0.0,No,No,240.0,93.25,107.45,25788.0,0.0,1137.99,349.36,1487.35,271,403071.85,97.73
2022-11,Ukraine War Shock,Emirates,EK,Dubai,Sydney,Airbus A380,12003,12003.0,0.0,No,No,240.0,86.23,101.05,24252.0,0.0,1070.21,308.98,1379.19,242,333763.98,97.59
2022-12,Ukraine War Shock,Emirates,EK,Dubai,Sydney,Airbus A380,12003,12003.0,0.0,No,No,240.0,90.4,107.6,25824.0,0.0,1139.58,350.34,1489.92,265,394828.8,97.73
2023-01,Stabilisation,Emirates,EK,Dubai,Sydney,Airbus A380,12003,12003.0,0.0,No,No,240.0,84.29,97.47,23392.8,0.0,1032.29,287.48,1319.77,244,322023.88,97.5
2023-02,Stabilisation,Emirates,EK,Dubai,Sydney,Airbus A380,12003,12003.0,0.0,No,No,240.0,78.14,95.11,22826.4,0.0,1007.3,273.73,1281.03,215,275421.45,97.44
2023-03,Stabilisation,Emirates,EK,Dubai,Sydney,Airbus A380,12003,12003.0,0.0,No,No,240.0,91.48,111.26,26702.4,0.0,1178.34,374.58,1552.92,258,400653.36,97.8
2023-04,Stabilisation,Emirates,EK,Dubai,Sydney,Airbus A380,12003,12003.0,0.0,No,No,240.0,88.18,100.98,24235.2,0.0,1069.47,308.56,1378.03,277,381714.31,97.58
2023-05,Stabilisation,Emirates,EK,Dubai,Sydney,Airbus A380,12003,12003.0,0.0,No,No,240.0,90.97,106.41,25538.4,0.0,1126.98,342.63,1469.61,248,364463.28,97.7
2023-06,Stabilisation,Emirates,EK,Dubai,Sydney,Airbus A380,12003,12003.0,0.0,No,No,240.0,90.21,103.75,24900.0,0.0,1098.8,325.72,1424.52,262,373224.24,97.65
2023-07,Stabilisation,Emirates,EK,Dubai,Sydney,Airbus A380,12003,12003.0,0.0,No,No,240.0,85.16,97.8,23472.0,0.0,1035.79,289.43,1325.22,268,355158.96,97.51
2023-08,Stabilisation,Emirates,EK,Dubai,Sydney,Airbus A380,12003,12003.0,0.0,No,No,240.0,90.67,101.88,24451.2,0.0,1079.0,314.08,1393.08,245,341304.6,97.6
2023-09,Stabilisation,Emirates,EK,Dubai,Sydney,Airbus A380,12003,12003.0,0.0,No,No,240.0,76.5,90.34,21681.6,0.0,956.78,246.96,1203.74,228,274452.72,97.31
2023-10,Gaza-Israel Conflict,Emirates,EK,Dubai,Sydney,Airbus A380,12003,12003.0,0.0,No,No,240.0,78.33,91.67,22000.8,0.0,970.87,254.28,1225.15,274,335691.1,97.34
2023-11,Gaza-Israel Conflict,Emirates,EK,Dubai,Sydney,Airbus A380,12003,12003.0,0.0,No,No,240.0,75.77,85.25,20460.0,0.0,902.87,219.91,1122.78,272,305396.16,97.15
2023-12,Gaza-Israel Conflict,Emirates,EK,Dubai,Sydney,Airbus A380,12003,12003.0,0.0,No,No,240.0,80.53,92.44,22185.6,0.0,979.02,258.57,1237.59,274,339099.66,97.37
2024-01,Gaza-Israel Conflict,Emirates,EK,Dubai,Sydney,Airbus A380,12003,12003.0,0.0,No,No,240.0,84.61,102.45,24588.0,0.0,1085.04,317.61,1402.65,271,380118.15,97.62
2024-02,Gaza-Israel Conflict,Emirates,EK,Dubai,Sydney,Airbus A380,12003,12003.0,0.0,No,No,240.0,82.61,94.5,22680.0,0.0,1000.84,270.23,1271.07,219,278364.33,97.42
2024-03,Gaza-Israel Conflict,Emirates,EK,Dubai,Sydney,Airbus A380,12003,12003.0,0.0,No,No,240.0,92.09,104.48,25075.2,0.0,1106.54,330.32,1436.86,241,346283.26,97.66
2024-04,Gaza-Israel Conflict,Emirates,EK,Dubai,Sydney,Airbus A380,12003,12003.0,0.0,No,No,240.0,84.06,98.26,23582.4,0.0,1040.66,292.16,1332.82,224,298551.68,97.52
2024-05,Gaza-Israel Conflict,Emirates,EK,Dubai,Sydney,Airbus A380,12003,12003.0,0.0,No,No,240.0,82.78,100.87,24208.8,0.0,1068.3,307.88,1376.18,221,304135.78,97.58
2024-06,Gaza-Israel Conflict,Emirates,EK,Dubai,Sydney,Airbus A380,12003,12003.0,0.0,No,No,240.0,87.23,99.81,23954.4,0.0,1057.08,301.45,1358.53,268,364086.04,97.56
2024-07,Gaza-Israel Conflict,Emirates,EK,Dubai,Sydney,Airbus A380,12003,12003.0,0.0,No,No,240.0,80.4,95.45,22908.0,0.0,1010.9,275.69,1286.59,246,316501.14,97.45
2024-08,Gaza-Israel Conflict,Emirates,EK,Dubai,Sydney,Airbus A380,12003,12003.0,0.0,No,No,240.0,91.64,109.62,26308.8,0.0,1160.97,363.62,1524.59,216,329311.44,97.77
2024-09,Gaza-Israel Conflict,Emirates,EK,Dubai,Sydney,Airbus A380,12003,12003.0,0.0,No,No,240.0,79.27,90.67,21760.8,0.0,960.28,248.77,1209.05,240,290172.0,97.32
2024-10,Gaza-Israel Conflict,Emirates,EK,Dubai,Sydney,Airbus A380,12003,12003.0,0.0,No,No,240.0,94.78,113.06,27134.4,0.0,1197.41,386.8,1584.21,284,449915.64,97.84
2024-11,Gaza-Israel Conflict,Emirates,EK,Dubai,Sydney,Airbus A380,12003,12003.0,0.0,No,No,240.0,91.13,105.42,25300.8,0.0,1116.49,336.29,1452.78,225,326875.5,97.68
2024-12,Pre-Iran Escalation,Emirates,EK,Dubai,Sydney,Airbus A380,12003,12003.0,0.0,No,No,240.0,81.38,96.29,23109.6,0.0,1019.8,280.56,1300.36,239,310786.04,97.47
2025-01,Pre-Iran Escalation,Emirates,EK,Dubai,Sydney,Airbus A380,12003,12003.0,0.0,No,No,240.0,85.13,100.74,24177.6,0.0,1066.93,307.09,1374.02,254,349001.08,97.58
2025-02,Pre-Iran Escalation,Emirates,EK,Dubai,Sydney,Airbus A380,12003,12003.0,0.0,No,No,240.0,103.76,121.77,29224.8,0.0,1289.65,448.69,1738.34,224,389388.16,97.99
2025-03,Pre-Iran Escalation,Emirates,EK,Dubai,Sydney,Airbus A380,12003,12003.0,0.0,No,No,240.0,101.26,114.33,27439.2,0.0,1210.86,395.54,1606.4,282,453004.8,97.86
2025-04,Pre-Iran Escalation,Emirates,EK,Dubai,Sydney,Airbus A380,12003,12003.0,0.0,No,No,240.0,101.77,122.48,29395.2,0.0,1297.17,453.94,1751.11,257,450035.27,98.0
2025-05,Pre-Iran Escalation,Emirates,EK,Dubai,Sydney,Airbus A380,12003,12003.0,0.0,No,No,240.0,102.74,118.36,28406.4,0.0,1253.54,423.91,1677.45,227,380781.15,97.93
2025-06,Pre-Iran Escalation,Emirates,EK,Dubai,Sydney,Airbus A380,12003,12003.0,0.0,No,No,240.0,86.7,98.72,23692.8,0.0,1045.53,294.9,1340.43,243,325724.49,97.53
2025-07,Pre-Iran Escalation,Emirates,EK,Dubai,Sydney,Airbus A380,12003,12003.0,0.0,No,No,240.0,93.24,104.81,25154.4,0.0,1110.03,332.41,1442.44,237,341858.28,97.67
2025-08,Pre-Iran Escalation,Emirates,EK,Dubai,Sydney,Airbus A380,12003,12003.0,0.0,No,No,240.0,87.66,103.36,24806.4,0.0,1094.67,323.27,1417.94,219,310528.86,97.64
2025-09,Pre-Iran Escalation,Emirates,EK,Dubai,Sydney,Airbus A380,12003,12003.0,0.0,No,No,240.0,104.85,124.54,29889.6,0.0,1318.99,469.33,1788.32,231,413101.92,98.03
2025-10,Pre-Iran Escalation,Emirates,EK,Dubai,Sydney,Airbus A380,12003,12003.0,0.0,No,No,240.0,99.34,111.43,26743.2,0.0,1180.14,375.72,1555.86,251,390520.86,97.81
2025-11,Pre-Iran Escalation,Emirates,EK,Dubai,Sydney,Airbus A380,12003,12003.0,0.0,No,No,240.0,92.61,108.47,26032.8,0.0,1148.79,356.03,1504.82,216,325041.12,97.75
2025-12,US-Iran War Conflict,Emirates,EK,Dubai,Sydney,Airbus A380,12003,13062.0,1059.0,Yes,No,261.2,122.22,139.65,36476.58,3218.25,1479.02,590.13,2069.15,250,517287.5,98.38
2026-01,US-Iran War Conflict,Emirates,EK,Dubai,Sydney,Airbus A380,12003,13849.0,1846.0,Yes,No,276.9,130.88,155.03,42927.81,6602.08,1641.9,727.27,2369.17,224,530694.08,98.62
2026-02,US-Iran War Conflict,Emirates,EK,Dubai,Sydney,Airbus A380,12003,14418.0,2415.0,Yes,No,288.3,155.73,177.13,51066.58,10274.58,1875.96,844.18,2720.14,216,587550.24,98.84
2026-03,US-Iran War Conflict,Emirates,EK,Dubai,Sydney,Airbus A380,12003,13515.0,1512.0,Yes,No,270.2,169.08,201.05,54323.71,6843.08,2129.3,958.19,3087.49,217,669985.33,98.91
2026-04,De-escalation & Negotiations,Emirates,EK,Dubai,Sydney,Airbus A380,12003,12734.0,731.0,Yes,No,254.6,111.38,129.05,32856.13,2000.99,1366.75,503.94,1870.69,257,480767.33,98.21
2026-05,De-escalation & Negotiations,Emirates,EK,Dubai,Sydney,Airbus A380,12003,12281.0,278.0,Yes,No,245.6,104.87,127.28,31259.97,724.01,1348.01,490.21,1838.22,251,461393.22,98.12
2026-06,De-escalation & Negotiations,Emirates,EK,Dubai,Sydney,Airbus A380,12003,12708.0,705.0,Yes,Yes,254.1,92.83,105.25,26744.02,1570.82,1114.69,335.2,1449.89,0,0.0,97.81
2019-01,Pre-Pandemic Baseline,Qatar Airways,QR,Doha,London,Boeing 787-9,5335,5335.0,0.0,No,No,115.0,63.0,71.31,8200.65,0.0,335.68,68.39,404.07,259,104654.13,96.85
2019-02,Pre-Pandemic Baseline,Qatar Airways,QR,Doha,London,Boeing 787-9,5335,5335.0,0.0,No,No,115.0,67.61,80.55,9263.25,0.0,379.18,87.27,466.45,233,108682.85,97.2
2019-03,Pre-Pandemic Baseline,Qatar Airways,QR,Doha,London,Boeing 787-9,5335,5335.0,0.0,No,No,115.0,65.86,78.77,9058.55,0.0,370.8,83.45,454.25,220,99935.0,97.14
2019-04,Pre-Pandemic Baseline,Qatar Airways,QR,Doha,London,Boeing 787-9,5335,5335.0,0.0,No,No,115.0,64.79,76.2,8763.0,0.0,358.7,78.09,436.79,271,118370.09,97.05
2019-05,Pre-Pandemic Baseline,Qatar Airways,QR,Doha,London,Boeing 787-9,5335,5335.0,0.0,No,No,115.0,61.25,73.32,8431.8,0.0,345.14,72.3,417.44,255,106447.2,96.93
2019-06,Pre-Pandemic Baseline,Qatar Airways,QR,Doha,London,Boeing 787-9,5335,5335.0,0.0,No,No,115.0,61.25,71.62,8236.3,0.0,337.14,68.99,406.13,250,101532.5,96.86
2019-07,Pre-Pandemic Baseline,Qatar Airways,QR,Doha,London,Boeing 787-9,5335,5335.0,0.0,No,No,115.0,60.46,70.88,8151.2,0.0,333.66,67.57,401.23,272,109134.56,96.83
2019-08,Pre-Pandemic Baseline,Qatar Airways,QR,Doha,London,Boeing 787-9,5335,5335.0,0.0,No,No,115.0,66.93,77.82,8949.3,0.0,366.33,81.45,447.78,229,102541.62,97.11
2019-09,Pre-Pandemic Baseline,Qatar Airways,QR,Doha,London,Boeing 787-9,5335,5335.0,0.0,No,No,115.0,64.81,72.75,8366.25,0.0,342.46,71.18,413.64,211,87278.04,96.91
2019-10,Pre-Pandemic Baseline,Qatar Airways,QR,Doha,London,Boeing 787-9,5335,5335.0,0.0,No,No,115.0,65.66,74.25,8538.75,0.0,349.52,74.15,423.67,281,119051.27,96.97
2019-11,Pre-Pandemic Baseline,Qatar Airways,QR,Doha,London,Boeing 787-9,5335,5335.0,0.0,No,No,115.0,60.16,67.57,7770.55,0.0,318.08,61.41,379.49,229,86903.21,96.68
2019-12,Pre-Pandemic Baseline,Qatar Airways,QR,Doha,London,Boeing 787-9,5335,5335.0,0.0,No,No,115.0,67.76,80.2,9223.0,0.0,377.53,86.51,464.04,257,119258.28,97.19
2020-01,Pre-Pandemic Baseline,Qatar Airways,QR,Doha,London,Boeing 787-9,5335,5335.0,0.0,No,No,115.0,66.66,76.75,8826.25,0.0,361.29,79.23,440.52,283,124667.16,97.07
2020-02,Pre-Pandemic Baseline,Qatar Airways,QR,Doha,London,Boeing 787-9,5335,5335.0,0.0,No,No,115.0,61.7,72.24,8307.6,0.0,340.06,70.19,410.25,227,93126.75,96.89
2020-03,COVID-19 Collapse,Qatar Airways,QR,Doha,London,Boeing 787-9,5335,5335.0,0.0,No,No,115.0,20.55,24.88,2861.2,0.0,117.12,8.33,125.45,284,35627.8,91.47
2020-04,COVID-19 Collapse,Qatar Airways,QR,Doha,London,Boeing 787-9,5335,5335.0,0.0,No,No,115.0,20.57,23.55,2708.25,0.0,110.86,7.46,118.32,250,29580.0,91.03
2020-05,COVID-19 Collapse,Qatar Airways,QR,Doha,London,Boeing 787-9,5335,5335.0,0.0,No,No,115.0,22.26,25.84,2971.6,0.0,121.64,8.98,130.62,281,36704.22,91.76
2020-06,COVID-19 Collapse,Qatar Airways,QR,Doha,London,Boeing 787-9,5335,5335.0,0.0,No,No,115.0,45.35,54.22,6235.3,0.0,255.23,39.54,294.77,216,63670.32,95.9
2020-07,COVID-19 Collapse,Qatar Airways,QR,Doha,London,Boeing 787-9,5335,5335.0,0.0,No,No,115.0,44.05,50.34,5789.1,0.0,236.97,34.08,271.05,249,67491.45,95.6
2020-08,COVID-19 Collapse,Qatar Airways,QR,Doha,London,Boeing 787-9,5335,5335.0,0.0,No,No,115.0,42.08,47.45,5456.75,0.0,223.36,30.28,253.64,280,71019.2,95.34
2020-09,COVID-19 Collapse,Qatar Airways,QR,Doha,London,Boeing 787-9,5335,5335.0,0.0,No,No,115.0,46.57,53.51,6153.65,0.0,251.89,38.51,290.4,221,64178.4,95.85
2020-10,COVID-19 Collapse,Qatar Airways,QR,Doha,London,Boeing 787-9,5335,5335.0,0.0,No,No,115.0,39.95,45.39,5219.85,0.0,213.67,27.71,241.38,230,55517.4,95.14
2020-11,COVID-19 Collapse,Qatar Airways,QR,Doha,London,Boeing 787-9,5335,5335.0,0.0,No,No,115.0,42.09,51.05,5870.75,0.0,240.31,35.05,275.36,225,61956.0,95.65
2020-12,COVID-19 Collapse,Qatar Airways,QR,Doha,London,Boeing 787-9,5335,5335.0,0.0,No,No,115.0,43.13,51.79,5955.85,0.0,243.79,36.07,279.86,282,78920.52,95.71
2021-01,COVID-19 Collapse,Qatar Airways,QR,Doha,London,Boeing 787-9,5335,5335.0,0.0,No,No,115.0,75.49,89.33,10272.95,0.0,420.51,107.33,527.84,229,120875.36,97.47
2021-02,COVID-19 Collapse,Qatar Airways,QR,Doha,London,Boeing 787-9,5335,5335.0,0.0,No,No,115.0,83.06,100.27,11531.05,0.0,472.01,135.22,607.23,219,132983.37,97.74
2021-03,COVID-19 Collapse,Qatar Airways,QR,Doha,London,Boeing 787-9,5335,5335.0,0.0,No,No,115.0,69.59,83.53,9605.95,0.0,393.21,93.84,487.05,269,131016.45,97.3
2021-04,COVID-19 Collapse,Qatar Airways,QR,Doha,London,Boeing 787-9,5335,5335.0,0.0,No,No,115.0,76.83,87.48,10060.2,0.0,411.8,102.93,514.73,248,127653.04,97.42
2021-05,COVID-19 Collapse,Qatar Airways,QR,Doha,London,Boeing 787-9,5335,5335.0,0.0,No,No,115.0,78.63,95.08,10934.2,0.0,447.58,121.59,569.17,254,144569.18,97.62
2021-06,Recovery & Surge,Qatar Airways,QR,Doha,London,Boeing 787-9,5335,5335.0,0.0,No,No,115.0,66.07,77.56,8919.4,0.0,365.1,80.91,446.01,255,113732.55,97.1
2021-07,Recovery & Surge,Qatar Airways,QR,Doha,London,Boeing 787-9,5335,5335.0,0.0,No,No,115.0,78.97,94.82,10904.3,0.0,446.35,120.92,567.27,255,144653.85,97.61
2021-08,Recovery & Surge,Qatar Airways,QR,Doha,London,Boeing 787-9,5335,5335.0,0.0,No,No,115.0,68.92,83.37,9587.55,0.0,392.45,93.48,485.93,244,118566.92,97.29
2021-09,Recovery & Surge,Qatar Airways,QR,Doha,London,Boeing 787-9,5335,5335.0,0.0,No,No,115.0,66.5,76.59,8807.85,0.0,360.54,78.9,439.44,283,124361.52,97.06
2021-10,Recovery & Surge,Qatar Airways,QR,Doha,London,Boeing 787-9,5335,5335.0,0.0,No,No,115.0,86.82,98.19,11291.85,0.0,462.21,129.67,591.88,223,131989.24,97.69
2021-11,Recovery & Surge,Qatar Airways,QR,Doha,London,Boeing 787-9,5335,5335.0,0.0,No,No,115.0,87.21,99.66,11460.9,0.0,469.13,133.58,602.71,281,169361.51,97.73
2021-12,Recovery & Surge,Qatar Airways,QR,Doha,London,Boeing 787-9,5335,5335.0,0.0,No,No,115.0,83.59,97.19,11176.85,0.0,457.51,127.04,584.55,231,135031.05,97.67
2022-01,Recovery & Surge,Qatar Airways,QR,Doha,London,Boeing 787-9,5335,5335.0,0.0,No,No,115.0,72.01,86.54,9952.1,0.0,407.37,100.73,508.1,224,113814.4,97.39
2022-02,Recovery & Surge,Qatar Airways,QR,Doha,London,Boeing 787-9,5335,5335.0,0.0,No,No,115.0,67.25,81.11,9327.65,0.0,381.81,88.48,470.29,256,120394.24,97.22
2022-03,Ukraine War Shock,Qatar Airways,QR,Doha,London,Boeing 787-9,5335,5335.0,0.0,No,No,115.0,117.58,131.77,15153.55,0.0,620.29,233.53,853.82,276,235654.32,98.27
2022-04,Ukraine War Shock,Qatar Airways,QR,Doha,London,Boeing 787-9,5335,5335.0,0.0,No,No,115.0,109.53,128.27,14751.05,0.0,603.81,221.29,825.1,237,195548.7,98.22
2022-05,Ukraine War Shock,Qatar Airways,QR,Doha,London,Boeing 787-9,5335,5335.0,0.0,No,No,115.0,99.03,115.05,13230.75,0.0,541.58,178.03,719.61,215,154716.15,98.02
2022-06,Ukraine War Shock,Qatar Airways,QR,Doha,London,Boeing 787-9,5335,5335.0,0.0,No,No,115.0,111.34,127.17,14624.55,0.0,598.63,217.51,816.14,250,204035.0,98.21
2022-07,Ukraine War Shock,Qatar Airways,QR,Doha,London,Boeing 787-9,5335,5335.0,0.0,No,No,115.0,80.69,91.34,10504.1,0.0,429.97,112.21,542.18,283,153436.94,97.52
2022-08,Ukraine War Shock,Qatar Airways,QR,Doha,London,Boeing 787-9,5335,5335.0,0.0,No,No,115.0,98.19,113.29,13028.35,0.0,533.3,172.62,705.92,239,168714.88,97.99
2022-09,Ukraine War Shock,Qatar Airways,QR,Doha,London,Boeing 787-9,5335,5335.0,0.0,No,No,115.0,85.18,103.43,11894.45,0.0,486.88,143.88,630.76,211,133090.36,97.81
2022-10,Ukraine War Shock,Qatar Airways,QR,Doha,London,Boeing 787-9,5335,5335.0,0.0,No,No,115.0,93.25,107.45,12356.75,0.0,505.81,155.28,661.09,247,163289.23,97.89
2022-11,Ukraine War Shock,Qatar Airways,QR,Doha,London,Boeing 787-9,5335,5335.0,0.0,No,No,115.0,86.23,101.05,11620.75,0.0,475.68,137.34,613.02,238,145898.76,97.76
2022-12,Ukraine War Shock,Qatar Airways,QR,Doha,London,Boeing 787-9,5335,5335.0,0.0,No,No,115.0,90.4,107.6,12374.0,0.0,506.51,155.72,662.23,215,142379.45,97.89
2023-01,Stabilisation,Qatar Airways,QR,Doha,London,Boeing 787-9,5335,5335.0,0.0,No,No,115.0,84.29,97.47,11209.05,0.0,458.83,127.78,586.61,275,161317.75,97.68
2023-02,Stabilisation,Qatar Airways,QR,Doha,London,Boeing 787-9,5335,5335.0,0.0,No,No,115.0,78.14,95.11,10937.65,0.0,447.72,121.66,569.38,256,145761.28,97.62
2023-03,Stabilisation,Qatar Airways,QR,Doha,London,Boeing 787-9,5335,5335.0,0.0,No,No,115.0,91.48,111.26,12794.9,0.0,523.74,166.49,690.23,221,152540.83,97.96
2023-04,Stabilisation,Qatar Airways,QR,Doha,London,Boeing 787-9,5335,5335.0,0.0,No,No,115.0,88.18,100.98,11612.7,0.0,475.35,137.15,612.5,279,170887.5,97.75
2023-05,Stabilisation,Qatar Airways,QR,Doha,London,Boeing 787-9,5335,5335.0,0.0,No,No,115.0,90.97,106.41,12237.15,0.0,500.91,152.29,653.2,253,165259.6,97.87
2023-06,Stabilisation,Qatar Airways,QR,Doha,London,Boeing 787-9,5335,5335.0,0.0,No,No,115.0,90.21,103.75,11931.25,0.0,488.39,144.77,633.16,261,165254.76,97.81
2023-07,Stabilisation,Qatar Airways,QR,Doha,London,Boeing 787-9,5335,5335.0,0.0,No,No,115.0,85.16,97.8,11247.0,0.0,460.38,128.64,589.02,253,149022.06,97.68
2023-08,Stabilisation,Qatar Airways,QR,Doha,London,Boeing 787-9,5335,5335.0,0.0,No,No,115.0,90.67,101.88,11716.2,0.0,479.59,139.6,619.19,283,175230.77,97.77
2023-09,Stabilisation,Qatar Airways,QR,Doha,London,Boeing 787-9,5335,5335.0,0.0,No,No,115.0,76.5,90.34,10389.1,0.0,425.26,109.77,535.03,276,147668.28,97.5
2023-10,Gaza-Israel Conflict,Qatar Airways,QR,Doha,London,Boeing 787-9,5335,5335.0,0.0,No,No,115.0,78.33,91.67,10542.05,0.0,431.52,113.02,544.54,211,114897.94,97.53
2023-11,Gaza-Israel Conflict,Qatar Airways,QR,Doha,London,Boeing 787-9,5335,5335.0,0.0,No,No,115.0,75.77,85.25,9803.75,0.0,401.3,97.75,499.05,211,105299.55,97.35
2023-12,Gaza-Israel Conflict,Qatar Airways,QR,Doha,London,Boeing 787-9,5335,5335.0,0.0,No,No,115.0,80.53,92.44,10630.6,0.0,435.15,114.93,550.08,246,135319.68,97.55
2024-01,Gaza-Israel Conflict,Qatar Airways,QR,Doha,London,Boeing 787-9,5335,5335.0,0.0,No,No,115.0,84.61,102.45,11781.75,0.0,482.27,141.17,623.44,233,145261.52,97.79
2024-02,Gaza-Israel Conflict,Qatar Airways,QR,Doha,London,Boeing 787-9,5335,5335.0,0.0,No,No,115.0,82.61,94.5,10867.5,0.0,444.84,120.11,564.95,250,141237.5,97.6
2024-03,Gaza-Israel Conflict,Qatar Airways,QR,Doha,London,Boeing 787-9,5335,5335.0,0.0,No,No,115.0,92.09,104.48,12015.2,0.0,491.82,146.82,638.64,235,150080.4,97.83
2024-04,Gaza-Israel Conflict,Qatar Airways,QR,Doha,London,Boeing 787-9,5335,5335.0,0.0,No,No,115.0,84.06,98.26,11299.9,0.0,462.54,129.85,592.39,275,162907.25,97.69
2024-05,Gaza-Israel Conflict,Qatar Airways,QR,Doha,London,Boeing 787-9,5335,5335.0,0.0,No,No,115.0,82.78,100.87,11600.05,0.0,474.83,136.85,611.68,222,135792.96,97.75
2024-06,Gaza-Israel Conflict,Qatar Airways,QR,Doha,London,Boeing 787-9,5335,5335.0,0.0,No,No,115.0,87.23,99.81,11478.15,0.0,469.84,133.98,603.82,214,129217.48,97.73
2024-07,Gaza-Israel Conflict,Qatar Airways,QR,Doha,London,Boeing 787-9,5335,5335.0,0.0,No,No,115.0,80.4,95.45,10976.75,0.0,449.32,122.54,571.86,235,134387.1,97.63
2024-08,Gaza-Israel Conflict,Qatar Airways,QR,Doha,London,Boeing 787-9,5335,5335.0,0.0,No,No,115.0,91.64,109.62,12606.3,0.0,516.02,161.62,677.64,220,149080.8,97.93
2024-09,Gaza-Israel Conflict,Qatar Airways,QR,Doha,London,Boeing 787-9,5335,5335.0,0.0,No,No,115.0,79.27,90.67,10427.05,0.0,426.82,110.57,537.39,254,136497.06,97.51
2024-10,Gaza-Israel Conflict,Qatar Airways,QR,Doha,London,Boeing 787-9,5335,5335.0,0.0,No,No,115.0,94.78,113.06,13001.9,0.0,532.21,171.92,704.13,245,172511.85,97.99
2024-11,Gaza-Israel Conflict,Qatar Airways,QR,Doha,London,Boeing 787-9,5335,5335.0,0.0,No,No,115.0,91.13,105.42,12123.3,0.0,496.25,149.47,645.72,263,169824.36,97.85
2024-12,Pre-Iran Escalation,Qatar Airways,QR,Doha,London,Boeing 787-9,5335,5335.0,0.0,No,No,115.0,81.38,96.29,11073.35,0.0,453.27,124.7,577.97,215,124263.55,97.65
2025-01,Pre-Iran Escalation,Qatar Airways,QR,Doha,London,Boeing 787-9,5335,5335.0,0.0,No,No,115.0,85.13,100.74,11585.1,0.0,474.22,136.49,610.71,266,162448.86,97.75
2025-02,Pre-Iran Escalation,Qatar Airways,QR,Doha,London,Boeing 787-9,5335,5335.0,0.0,No,No,115.0,103.76,121.77,14003.55,0.0,573.21,199.43,772.64,230,177707.2,98.13
2025-03,Pre-Iran Escalation,Qatar Airways,QR,Doha,London,Boeing 787-9,5335,5335.0,0.0,No,No,115.0,101.26,114.33,13147.95,0.0,538.19,175.8,713.99,260,185637.4,98.01
2025-04,Pre-Iran Escalation,Qatar Airways,QR,Doha,London,Boeing 787-9,5335,5335.0,0.0,No,No,115.0,101.77,122.48,14085.2,0.0,576.56,201.76,778.32,231,179791.92,98.14
2025-05,Pre-Iran Escalation,Qatar Airways,QR,Doha,London,Boeing 787-9,5335,5335.0,0.0,No,No,115.0,102.74,118.36,13611.4,0.0,557.16,188.42,745.58,272,202797.76,98.08
2025-06,Pre-Iran Escalation,Qatar Airways,QR,Doha,London,Boeing 787-9,5335,5335.0,0.0,No,No,115.0,86.7,98.72,11352.8,0.0,464.71,131.07,595.78,272,162052.16,97.7
2025-07,Pre-Iran Escalation,Qatar Airways,QR,Doha,London,Boeing 787-9,5335,5335.0,0.0,No,No,115.0,93.24,104.81,12053.15,0.0,493.38,147.75,641.13,232,148742.16,97.83
2025-08,Pre-Iran Escalation,Qatar Airways,QR,Doha,London,Boeing 787-9,5335,5335.0,0.0,No,No,115.0,87.66,103.36,11886.4,0.0,486.55,143.69,630.24,278,175206.72,97.81
2025-09,Pre-Iran Escalation,Qatar Airways,QR,Doha,London,Boeing 787-9,5335,5335.0,0.0,No,No,115.0,104.85,124.54,14322.1,0.0,586.25,208.6,794.85,234,185994.9,98.17
2025-10,Pre-Iran Escalation,Qatar Airways,QR,Doha,London,Boeing 787-9,5335,5335.0,0.0,No,No,115.0,99.34,111.43,12814.45,0.0,524.54,167.0,691.54,277,191556.58,97.96
2025-11,Pre-Iran Escalation,Qatar Airways,QR,Doha,London,Boeing 787-9,5335,5335.0,0.0,No,No,115.0,92.61,108.47,12474.05,0.0,510.61,158.25,668.86,224,149824.64,97.91
2025-12,US-Iran War Conflict,Qatar Airways,QR,Doha,London,Boeing 787-9,5335,6023.0,688.0,Yes,Yes,129.8,122.22,139.65,18126.57,2337.6,657.38,262.29,919.67,0,0.0,98.55
2026-01,US-Iran War Conflict,Qatar Airways,QR,Doha,London,Boeing 787-9,5335,5835.0,500.0,Yes,Yes,125.8,130.88,155.03,19502.77,1827.81,729.78,323.25,1053.03,0,0.0,98.65
2026-02,US-Iran War Conflict,Qatar Airways,QR,Doha,London,Boeing 787-9,5335,6380.0,1045.0,Yes,No,137.5,155.73,177.13,24355.38,4770.64,833.81,375.21,1209.02,282,340943.64,98.92
2026-03,US-Iran War Conflict,Qatar Airways,QR,Doha,London,Boeing 787-9,5335,6644.0,1309.0,Yes,Yes,143.2,169.08,201.05,28790.36,7064.03,946.41,425.88,1372.29,0,0.0,99.08
2026-04,De-escalation & Negotiations,Qatar Airways,QR,Doha,London,Boeing 787-9,5335,5634.0,299.0,Yes,No,121.5,111.38,129.05,15679.58,878.76,607.48,223.99,831.47,221,183754.87,98.33
2026-05,De-escalation & Negotiations,Qatar Airways,QR,Doha,London,Boeing 787-9,5335,5473.0,138.0,Yes,No,118.0,104.87,127.28,15019.04,388.5,599.15,217.89,817.04,251,205077.04,98.25
2026-06,De-escalation & Negotiations,Qatar Airways,QR,Doha,London,Boeing 787-9,5335,5477.0,142.0,Yes,No,118.1,92.83,105.25,12430.02,330.85,495.45,148.99,644.44,226,145643.44,97.9
2019-01,Pre-Pandemic Baseline,Qatar Airways,QR,Doha,New York,Airbus A350-1000,11083,11083.0,0.0,No,No,215.0,63.0,71.31,15331.65,0.0,697.35,142.08,839.43,211,177119.73,96.51
2019-02,Pre-Pandemic Baseline,Qatar Airways,QR,Doha,New York,Airbus A350-1000,11083,11083.0,0.0,No,No,215.0,67.61,80.55,17318.25,0.0,787.71,181.29,969.0,215,208335.0,96.9
2019-03,Pre-Pandemic Baseline,Qatar Airways,QR,Doha,New York,Airbus A350-1000,11083,11083.0,0.0,No,No,215.0,65.86,78.77,16935.55,0.0,770.3,173.36,943.66,263,248182.58,96.83
2019-04,Pre-Pandemic Baseline,Qatar Airways,QR,Doha,New York,Airbus A350-1000,11083,11083.0,0.0,No,No,215.0,64.79,76.2,16383.0,0.0,745.17,162.23,907.4,211,191461.4,96.73
2019-05,Pre-Pandemic Baseline,Qatar Airways,QR,Doha,New York,Airbus A350-1000,11083,11083.0,0.0,No,No,215.0,61.25,73.32,15763.8,0.0,717.0,150.2,867.2,277,240214.4,96.6
2019-06,Pre-Pandemic Baseline,Qatar Airways,QR,Doha,New York,Airbus A350-1000,11083,11083.0,0.0,No,No,215.0,61.25,71.62,15398.3,0.0,700.38,143.32,843.7,215,181395.5,96.53
2019-07,Pre-Pandemic Baseline,Qatar Airways,QR,Doha,New York,Airbus A350-1000,11083,11083.0,0.0,No,No,215.0,60.46,70.88,15239.2,0.0,693.14,140.37,833.51,221,184205.71,96.49
2019-08,Pre-Pandemic Baseline,Qatar Airways,QR,Doha,New York,Airbus A350-1000,11083,11083.0,0.0,No,No,215.0,66.93,77.82,16731.3,0.0,761.01,169.21,930.22,235,218601.7,96.79
2019-09,Pre-Pandemic Baseline,Qatar Airways,QR,Doha,New York,Airbus A350-1000,11083,11083.0,0.0,No,No,215.0,64.81,72.75,15641.25,0.0,711.43,147.88,859.31,264,226857.84,96.58
2019-10,Pre-Pandemic Baseline,Qatar Airways,QR,Doha,New York,Airbus A350-1000,11083,11083.0,0.0,No,No,215.0,65.66,74.25,15963.75,0.0,726.1,154.04,880.14,262,230596.68,96.65
2019-11,Pre-Pandemic Baseline,Qatar Airways,QR,Doha,New York,Airbus A350-1000,11083,11083.0,0.0,No,No,215.0,60.16,67.57,14527.55,0.0,660.77,127.57,788.34,228,179741.52,96.33
2019-12,Pre-Pandemic Baseline,Qatar Airways,QR,Doha,New York,Airbus A350-1000,11083,11083.0,0.0,No,No,215.0,67.76,80.2,17243.0,0.0,784.29,179.71,964.0,234,225576.0,96.89
2020-01,Pre-Pandemic Baseline,Qatar Airways,QR,Doha,New York,Airbus A350-1000,11083,11083.0,0.0,No,No,215.0,66.66,76.75,16501.25,0.0,750.55,164.58,915.13,271,248000.23,96.75
2020-02,Pre-Pandemic Baseline,Qatar Airways,QR,Doha,New York,Airbus A350-1000,11083,11083.0,0.0,No,No,215.0,61.7,72.24,15531.6,0.0,706.44,145.81,852.25,247,210505.75,96.56
2020-03,COVID-19 Collapse,Qatar Airways,QR,Doha,New York,Airbus A350-1000,11083,11083.0,0.0,No,No,215.0,20.55,24.88,5349.2,0.0,243.3,17.3,260.6,244,63586.4,90.61
2020-04,COVID-19 Collapse,Qatar Airways,QR,Doha,New York,Airbus A350-1000,11083,11083.0,0.0,No,No,215.0,20.57,23.55,5063.25,0.0,230.3,15.5,245.8,257,63170.6,90.14
2020-05,COVID-19 Collapse,Qatar Airways,QR,Doha,New York,Airbus A350-1000,11083,11083.0,0.0,No,No,215.0,22.26,25.84,5555.6,0.0,252.69,18.66,271.35,244,66209.4,90.93
2020-06,COVID-19 Collapse,Qatar Airways,QR,Doha,New York,Airbus A350-1000,11083,11083.0,0.0,No,No,215.0,45.35,54.22,11657.3,0.0,530.22,82.14,612.36,242,148191.12,95.46
2020-07,COVID-19 Collapse,Qatar Airways,QR,Doha,New York,Airbus A350-1000,11083,11083.0,0.0,No,No,215.0,44.05,50.34,10823.1,0.0,492.28,70.8,563.08,269,151468.52,95.13
2020-08,COVID-19 Collapse,Qatar Airways,QR,Doha,New York,Airbus A350-1000,11083,11083.0,0.0,No,No,215.0,42.08,47.45,10201.75,0.0,464.02,62.91,526.93,279,147013.47,94.85
2020-09,COVID-19 Collapse,Qatar Airways,QR,Doha,New York,Airbus A350-1000,11083,11083.0,0.0,No,No,215.0,46.57,53.51,11504.65,0.0,523.28,80.0,603.28,251,151423.28,95.4
2020-10,COVID-19 Collapse,Qatar Airways,QR,Doha,New York,Airbus A350-1000,11083,11083.0,0.0,No,No,215.0,39.95,45.39,9758.85,0.0,443.87,57.56,501.43,231,115830.33,94.63
2020-11,COVID-19 Collapse,Qatar Airways,QR,Doha,New York,Airbus A350-1000,11083,11083.0,0.0,No,No,215.0,42.09,51.05,10975.75,0.0,499.22,72.81,572.03,281,160740.43,95.19
2020-12,COVID-19 Collapse,Qatar Airways,QR,Doha,New York,Airbus A350-1000,11083,11083.0,0.0,No,No,215.0,43.13,51.79,11134.85,0.0,506.46,74.94,581.4,262,152326.8,95.26
2021-01,COVID-19 Collapse,Qatar Airways,QR,Doha,New York,Airbus A350-1000,11083,11083.0,0.0,No,No,215.0,75.49,89.33,19205.95,0.0,873.57,222.96,1096.53,259,284001.27,97.2
2021-02,COVID-19 Collapse,Qatar Airways,QR,Doha,New York,Airbus A350-1000,11083,11083.0,0.0,No,No,215.0,83.06,100.27,21558.05,0.0,980.55,280.91,1261.46,255,321672.3,97.49
2021-03,COVID-19 Collapse,Qatar Airways,QR,Doha,New York,Airbus A350-1000,11083,11083.0,0.0,No,No,215.0,69.59,83.53,17958.95,0.0,816.85,194.95,1011.8,265,268127.0,97.01
2021-04,COVID-19 Collapse,Qatar Airways,QR,Doha,New York,Airbus A350-1000,11083,11083.0,0.0,No,No,215.0,76.83,87.48,18808.2,0.0,855.48,213.82,1069.3,268,286572.4,97.14
2021-05,COVID-19 Collapse,Qatar Airways,QR,Doha,New York,Airbus A350-1000,11083,11083.0,0.0,No,No,215.0,78.63,95.08,20442.2,0.0,929.8,252.59,1182.39,269,318062.91,97.36
2021-06,Recovery & Surge,Qatar Airways,QR,Doha,New York,Airbus A350-1000,11083,11083.0,0.0,No,No,215.0,66.07,77.56,16675.4,0.0,758.47,168.08,926.55,283,262213.65,96.78
2021-07,Recovery & Surge,Qatar Airways,QR,Doha,New York,Airbus A350-1000,11083,11083.0,0.0,No,No,215.0,78.97,94.82,20386.3,0.0,927.26,251.21,1178.47,240,282832.8,97.35
2021-08,Recovery & Surge,Qatar Airways,QR,Doha,New York,Airbus A350-1000,11083,11083.0,0.0,No,No,215.0,68.92,83.37,17924.55,0.0,815.29,194.2,1009.49,228,230163.72,97.0
2021-09,Recovery & Surge,Qatar Airways,QR,Doha,New York,Airbus A350-1000,11083,11083.0,0.0,No,No,215.0,66.5,76.59,16466.85,0.0,748.98,163.9,912.88,239,218178.32,96.74
2021-10,Recovery & Surge,Qatar Airways,QR,Doha,New York,Airbus A350-1000,11083,11083.0,0.0,No,No,215.0,86.82,98.19,21110.85,0.0,960.21,269.38,1229.59,267,328300.53,97.44
2021-11,Recovery & Surge,Qatar Airways,QR,Doha,New York,Airbus A350-1000,11083,11083.0,0.0,No,No,215.0,87.21,99.66,21426.9,0.0,974.59,277.51,1252.1,250,313025.0,97.48
2021-12,Recovery & Surge,Qatar Airways,QR,Doha,New York,Airbus A350-1000,11083,11083.0,0.0,No,No,215.0,83.59,97.19,20895.85,0.0,950.43,263.92,1214.35,274,332731.9,97.42
2022-01,Recovery & Surge,Qatar Airways,QR,Doha,New York,Airbus A350-1000,11083,11083.0,0.0,No,No,215.0,72.01,86.54,18606.1,0.0,846.28,209.25,1055.53,227,239605.31,97.11
2022-02,Recovery & Surge,Qatar Airways,QR,Doha,New York,Airbus A350-1000,11083,11083.0,0.0,No,No,215.0,67.25,81.11,17438.65,0.0,793.18,183.81,976.99,265,258902.35,96.92
2022-03,Ukraine War Shock,Qatar Airways,QR,Doha,New York,Airbus A350-1000,11083,11083.0,0.0,No,No,215.0,117.58,131.77,28330.55,0.0,1288.59,485.14,1773.73,228,404410.44,98.08
2022-04,Ukraine War Shock,Qatar Airways,QR,Doha,New York,Airbus A350-1000,11083,11083.0,0.0,No,No,215.0,109.53,128.27,27578.05,0.0,1254.37,459.71,1714.08,269,461087.52,98.03
2022-05,Ukraine War Shock,Qatar Airways,QR,Doha,New York,Airbus A350-1000,11083,11083.0,0.0,No,No,215.0,99.03,115.05,24735.75,0.0,1125.09,369.83,1494.92,242,361770.64,97.81
2022-06,Ukraine War Shock,Qatar Airways,QR,Doha,New York,Airbus A350-1000,11083,11083.0,0.0,No,No,215.0,111.34,127.17,27341.55,0.0,1243.61,451.86,1695.47,284,481513.48,98.01
2022-07,Ukraine War Shock,Qatar Airways,QR,Doha,New York,Airbus A350-1000,11083,11083.0,0.0,No,Yes,215.0,80.69,91.34,19638.1,0.0,893.22,233.1,1126.32,0,0.0,97.26
2022-08,Ukraine War Shock,Qatar Airways,QR,Doha,New York,Airbus A350-1000,11083,11083.0,0.0,No,No,215.0,98.19,113.29,24357.35,0.0,1107.88,358.6,1466.48,265,388617.2,97.78
2022-09,Ukraine War Shock,Qatar Airways,QR,Doha,New York,Airbus A350-1000,11083,11083.0,0.0,No,No,215.0,85.18,103.43,22237.45,0.0,1011.45,298.9,1310.35,213,279104.55,97.57
2022-10,Ukraine War Shock,Qatar Airways,QR,Doha,New York,Airbus A350-1000,11083,11083.0,0.0,No,No,215.0,93.25,107.45,23101.75,0.0,1050.77,322.59,1373.36,262,359820.32,97.66
2022-11,Ukraine War Shock,Qatar Airways,QR,Doha,New York,Airbus A350-1000,11083,11083.0,0.0,No,No,215.0,86.23,101.05,21725.75,0.0,988.18,285.3,1273.48,241,306908.68,97.51
2022-12,Ukraine War Shock,Qatar Airways,QR,Doha,New York,Airbus A350-1000,11083,11083.0,0.0,No,No,215.0,90.4,107.6,23134.0,0.0,1052.23,323.49,1375.72,234,321918.48,97.66
2023-01,Stabilisation,Qatar Airways,QR,Doha,New York,Airbus A350-1000,11083,11083.0,0.0,No,No,215.0,84.29,97.47,20956.05,0.0,953.17,265.44,1218.61,269,327806.09,97.42
2023-02,Stabilisation,Qatar Airways,QR,Doha,New York,Airbus A350-1000,11083,11083.0,0.0,No,No,215.0,78.14,95.11,20448.65,0.0,930.09,252.75,1182.84,227,268504.68,97.36
2023-03,Stabilisation,Qatar Airways,QR,Doha,New York,Airbus A350-1000,11083,11083.0,0.0,No,No,215.0,91.48,111.26,23920.9,0.0,1088.02,345.87,1433.89,223,319757.47,97.74
2023-04,Stabilisation,Qatar Airways,QR,Doha,New York,Airbus A350-1000,11083,11083.0,0.0,No,No,215.0,88.18,100.98,21710.7,0.0,987.5,284.91,1272.41,236,300288.76,97.51
2023-05,Stabilisation,Qatar Airways,QR,Doha,New York,Airbus A350-1000,11083,11083.0,0.0,No,No,215.0,90.97,106.41,22878.15,0.0,1040.6,316.37,1356.97,257,348741.29,97.64
2023-06,Stabilisation,Qatar Airways,QR,Doha,New York,Airbus A350-1000,11083,11083.0,0.0,No,No,215.0,90.21,103.75,22306.25,0.0,1014.58,300.75,1315.33,229,301210.57,97.58
2023-07,Stabilisation,Qatar Airways,QR,Doha,New York,Airbus A350-1000,11083,11083.0,0.0,No,No,215.0,85.16,97.8,21027.0,0.0,956.4,267.25,1223.65,251,307136.15,97.43
2023-08,Stabilisation,Qatar Airways,QR,Doha,New York,Airbus A350-1000,11083,11083.0,0.0,No,No,215.0,90.67,101.88,21904.2,0.0,996.3,290.01,1286.31,238,306141.78,97.53
2023-09,Stabilisation,Qatar Airways,QR,Doha,New York,Airbus A350-1000,11083,11083.0,0.0,No,No,215.0,76.5,90.34,19423.1,0.0,883.45,228.03,1111.48,239,265643.72,97.23
2023-10,Gaza-Israel Conflict,Qatar Airways,QR,Doha,New York,Airbus A350-1000,11083,11083.0,0.0,No,No,215.0,78.33,91.67,19709.05,0.0,896.45,234.79,1131.24,225,254529.0,97.27
2023-11,Gaza-Israel Conflict,Qatar Airways,QR,Doha,New York,Airbus A350-1000,11083,11083.0,0.0,No,No,215.0,75.77,85.25,18328.75,0.0,833.67,203.06,1036.73,234,242594.82,97.07
2023-12,Gaza-Israel Conflict,Qatar Airways,QR,Doha,New York,Airbus A350-1000,11083,11083.0,0.0,No,No,215.0,80.53,92.44,19874.6,0.0,903.98,238.75,1142.73,230,262827.9,97.29
2024-01,Gaza-Israel Conflict,Qatar Airways,QR,Doha,New York,Airbus A350-1000,11083,11083.0,0.0,No,No,215.0,84.61,102.45,22026.75,0.0,1001.87,293.26,1295.13,228,295289.64,97.55
2024-02,Gaza-Israel Conflict,Qatar Airways,QR,Doha,New York,Airbus A350-1000,11083,11083.0,0.0,No,No,215.0,82.61,94.5,20317.5,0.0,924.13,249.52,1173.65,216,253508.4,97.34
2024-03,Gaza-Israel Conflict,Qatar Airways,QR,Doha,New York,Airbus A350-1000,11083,11083.0,0.0,No,No,215.0,92.09,104.48,22463.2,0.0,1021.72,305.0,1326.72,242,321066.24,97.59
2024-04,Gaza-Israel Conflict,Qatar Airways,QR,Doha,New York,Airbus A350-1000,11083,11083.0,0.0,No,No,215.0,84.06,98.26,21125.9,0.0,960.9,269.77,1230.67,228,280592.76,97.44
2024-05,Gaza-Israel Conflict,Qatar Airways,QR,Doha,New York,Airbus A350-1000,11083,11083.0,0.0,No,No,215.0,82.78,100.87,21687.05,0.0,986.42,284.29,1270.71,282,358340.22,97.51
2024-06,Gaza-Israel Conflict,Qatar Airways,QR,Doha,New York,Airbus A350-1000,11083,11083.0,0.0,No,No,215.0,87.23,99.81,21459.15,0.0,976.05,278.34,1254.39,255,319869.45,97.48
2024-07,Gaza-Israel Conflict,Qatar Airways,QR,Doha,New York,Airbus A350-1000,11083,11083.0,0.0,No,No,215.0,80.4,95.45,20521.75,0.0,933.42,254.56,1187.98,244,289867.12,97.37
2024-08,Gaza-Israel Conflict,Qatar Airways,QR,Doha,New York,Airbus A350-1000,11083,11083.0,0.0,No,No,215.0,91.64,109.62,23568.3,0.0,1071.99,335.75,1407.74,235,330818.9,97.7
2024-09,Gaza-Israel Conflict,Qatar Airways,QR,Doha,New York,Airbus A350-1000,11083,11083.0,0.0,No,No,215.0,79.27,90.67,19494.05,0.0,886.67,229.7,1116.37,244,272394.28,97.24
2024-10,Gaza-Israel Conflict,Qatar Airways,QR,Doha,New York,Airbus A350-1000,11083,11083.0,0.0,No,No,215.0,94.78,113.06,24307.9,0.0,1105.63,357.15,1462.78,235,343753.3,97.77
2024-11,Gaza-Israel Conflict,Qatar Airways,QR,Doha,New York,Airbus A350-1000,11083,11083.0,0.0,No,No,215.0,91.13,105.42,22665.3,0.0,1030.91,310.51,1341.42,274,367549.08,97.61
2024-12,Pre-Iran Escalation,Qatar Airways,QR,Doha,New York,Airbus A350-1000,11083,11083.0,0.0,No,No,215.0,81.38,96.29,20702.35,0.0,941.63,259.06,1200.69,229,274958.01,97.39
2025-01,Pre-Iran Escalation,Qatar Airways,QR,Doha,New York,Airbus A350-1000,11083,11083.0,0.0,No,No,215.0,85.13,100.74,21659.1,0.0,985.15,283.55,1268.7,230,291801.0,97.51
2025-02,Pre-Iran Escalation,Qatar Airways,QR,Doha,New York,Airbus A350-1000,11083,11083.0,0.0,No,No,215.0,103.76,121.77,26180.55,0.0,1190.8,414.3,1605.1,263,422141.3,97.93
2025-03,Pre-Iran Escalation,Qatar Airways,QR,Doha,New York,Airbus A350-1000,11083,11083.0,0.0,No,No,215.0,101.26,114.33,24580.95,0.0,1118.05,365.22,1483.27,277,410865.79,97.8
2025-04,Pre-Iran Escalation,Qatar Airways,QR,Doha,New York,Airbus A350-1000,11083,11083.0,0.0,No,No,215.0,101.77,122.48,26333.2,0.0,1197.75,419.14,1616.89,261,422008.29,97.94
2025-05,Pre-Iran Escalation,Qatar Airways,QR,Doha,New York,Airbus A350-1000,11083,11083.0,0.0,No,No,215.0,102.74,118.36,25447.4,0.0,1157.46,391.42,1548.88,216,334558.08,97.87
2025-06,Pre-Iran Escalation,Qatar Airways,QR,Doha,New York,Airbus A350-1000,11083,11083.0,0.0,No,No,215.0,86.7,98.72,21224.8,0.0,965.39,272.3,1237.69,277,342840.13,97.46
2025-07,Pre-Iran Escalation,Qatar Airways,QR,Doha,New York,Airbus A350-1000,11083,11083.0,0.0,No,No,215.0,93.24,104.81,22534.15,0.0,1024.95,306.93,1331.88,267,355611.96,97.6
2025-08,Pre-Iran Escalation,Qatar Airways,QR,Doha,New York,Airbus A350-1000,11083,11083.0,0.0,No,No,215.0,87.66,103.36,22222.4,0.0,1010.77,298.49,1309.26,227,297202.02,97.57
2025-09,Pre-Iran Escalation,Qatar Airways,QR,Doha,New York,Airbus A350-1000,11083,11083.0,0.0,No,No,215.0,104.85,124.54,26776.1,0.0,1217.89,433.36,1651.25,214,353367.5,97.97
2025-10,Pre-Iran Escalation,Qatar Airways,QR,Doha,New York,Airbus A350-1000,11083,11083.0,0.0,No,No,215.0,99.34,111.43,23957.45,0.0,1089.69,346.93,1436.62,263,377831.06,97.74
2025-11,Pre-Iran Escalation,Qatar Airways,QR,Doha,New York,Airbus A350-1000,11083,11083.0,0.0,No,No,215.0,92.61,108.47,23321.05,0.0,1060.74,328.74,1389.48,227,315411.96,97.68
2025-12,US-Iran War Conflict,Qatar Airways,QR,Doha,New York,Airbus A350-1000,11083,12957.0,1874.0,Yes,No,251.3,122.22,139.65,35094.05,5933.98,1365.65,544.89,1910.54,216,412676.64,98.45
2026-01,US-Iran War Conflict,Qatar Airways,QR,Doha,New York,Airbus A350-1000,11083,13040.0,1957.0,Yes,No,253.0,130.88,155.03,39222.59,6925.8,1516.06,671.53,2187.59,211,461581.49,98.61
2026-02,US-Iran War Conflict,Qatar Airways,QR,Doha,New York,Airbus A350-1000,11083,12976.0,1893.0,Yes,No,251.7,155.73,177.13,44583.62,7614.98,1732.18,779.48,2511.66,272,683171.52,98.77
2026-03,US-Iran War Conflict,Qatar Airways,QR,Doha,New York,Airbus A350-1000,11083,13064.0,1981.0,Yes,No,253.4,169.08,201.05,50946.07,9106.21,1966.09,884.74,2850.83,276,786829.08,98.92
2026-04,De-escalation & Negotiations,Qatar Airways,QR,Doha,New York,Airbus A350-1000,11083,11620.0,537.0,Yes,No,225.4,111.38,129.05,29087.87,1409.38,1262.0,465.32,1727.32,261,450830.52,98.13
2026-05,De-escalation & Negotiations,Qatar Airways,QR,Doha,New York,Airbus A350-1000,11083,11478.0,395.0,Yes,Yes,222.7,104.87,127.28,28345.26,1010.23,1244.69,452.64,1697.33,0,0.0,98.08
2026-06,De-escalation & Negotiations,Qatar Airways,QR,Doha,New York,Airbus A350-1000,11083,11454.0,371.0,Yes,No,222.2,92.83,105.25,23386.55,782.86,1029.25,309.51,1338.76,217,290510.92,97.69
2019-01,Pre-Pandemic Baseline,Qatar Airways,QR,Doha,Tokyo,Boeing 787-9,7967,7967.0,0.0,No,No,160.0,63.0,71.31,11409.6,0.0,501.29,102.13,603.42,229,138183.18,96.63
2019-02,Pre-Pandemic Baseline,Qatar Airways,QR,Doha,Tokyo,Boeing 787-9,7967,7967.0,0.0,No,No,160.0,67.61,80.55,12888.0,0.0,566.24,130.32,696.56,239,166477.84,97.0
2019-03,Pre-Pandemic Baseline,Qatar Airways,QR,Doha,Tokyo,Boeing 787-9,7967,7967.0,0.0,No,No,160.0,65.86,78.77,12603.2,0.0,553.73,124.62,678.35,235,159412.25,96.94
2019-04,Pre-Pandemic Baseline,Qatar Airways,QR,Doha,Tokyo,Boeing 787-9,7967,7967.0,0.0,No,No,160.0,64.79,76.2,12192.0,0.0,535.66,116.62,652.28,247,161113.16,96.84
2019-05,Pre-Pandemic Baseline,Qatar Airways,QR,Doha,Tokyo,Boeing 787-9,7967,7967.0,0.0,No,No,160.0,61.25,73.32,11731.2,0.0,515.42,107.97,623.39,246,153353.94,96.72
2019-06,Pre-Pandemic Baseline,Qatar Airways,QR,Doha,Tokyo,Boeing 787-9,7967,7967.0,0.0,No,No,160.0,61.25,71.62,11459.2,0.0,503.47,103.02,606.49,265,160719.85,96.64
2019-07,Pre-Pandemic Baseline,Qatar Airways,QR,Doha,Tokyo,Boeing 787-9,7967,7967.0,0.0,No,No,160.0,60.46,70.88,11340.8,0.0,498.27,100.91,599.18,239,143204.02,96.61
2019-08,Pre-Pandemic Baseline,Qatar Airways,QR,Doha,Tokyo,Boeing 787-9,7967,7967.0,0.0,No,No,160.0,66.93,77.82,12451.2,0.0,547.05,121.63,668.68,260,173856.8,96.9
2019-09,Pre-Pandemic Baseline,Qatar Airways,QR,Doha,Tokyo,Boeing 787-9,7967,7967.0,0.0,No,No,160.0,64.81,72.75,11640.0,0.0,511.41,106.3,617.71,276,170487.96,96.69
2019-10,Pre-Pandemic Baseline,Qatar Airways,QR,Doha,Tokyo,Boeing 787-9,7967,7967.0,0.0,No,No,160.0,65.66,74.25,11880.0,0.0,521.96,110.73,632.69,244,154376.36,96.76
2019-11,Pre-Pandemic Baseline,Qatar Airways,QR,Doha,Tokyo,Boeing 787-9,7967,7967.0,0.0,No,No,160.0,60.16,67.57,10811.2,0.0,475.0,91.7,566.7,251,142241.7,96.45
2019-12,Pre-Pandemic Baseline,Qatar Airways,QR,Doha,Tokyo,Boeing 787-9,7967,7967.0,0.0,No,No,160.0,67.76,80.2,12832.0,0.0,563.78,129.19,692.97,260,180172.2,96.99
2020-01,Pre-Pandemic Baseline,Qatar Airways,QR,Doha,Tokyo,Boeing 787-9,7967,7967.0,0.0,No,No,160.0,66.66,76.75,12280.0,0.0,539.53,118.31,657.84,247,162486.48,96.86
2020-02,Pre-Pandemic Baseline,Qatar Airways,QR,Doha,Tokyo,Boeing 787-9,7967,7967.0,0.0,No,No,160.0,61.7,72.24,11558.4,0.0,507.83,104.82,612.65,222,136008.3,96.67
2020-03,COVID-19 Collapse,Qatar Airways,QR,Doha,Tokyo,Boeing 787-9,7967,7967.0,0.0,No,No,160.0,20.55,24.88,3980.8,0.0,174.9,12.43,187.33,232,43460.56,90.9
2020-04,COVID-19 Collapse,Qatar Airways,QR,Doha,Tokyo,Boeing 787-9,7967,7967.0,0.0,No,No,160.0,20.57,23.55,3768.0,0.0,165.55,11.14,176.69,212,37458.28,90.44
2020-05,COVID-19 Collapse,Qatar Airways,QR,Doha,Tokyo,Boeing 787-9,7967,7967.0,0.0,No,No,160.0,22.26,25.84,4134.4,0.0,181.65,13.41,195.06,261,50910.66,91.21
2020-06,COVID-19 Collapse,Qatar Airways,QR,Doha,Tokyo,Boeing 787-9,7967,7967.0,0.0,No,No,160.0,45.35,54.22,8675.2,0.0,381.15,59.05,440.2,230,101246.0,95.61
2020-07,COVID-19 Collapse,Qatar Airways,QR,Doha,Tokyo,Boeing 787-9,7967,7967.0,0.0,No,No,160.0,44.05,50.34,8054.4,0.0,353.88,50.9,404.78,271,109695.38,95.29
2020-08,COVID-19 Collapse,Qatar Airways,QR,Doha,Tokyo,Boeing 787-9,7967,7967.0,0.0,No,No,160.0,42.08,47.45,7592.0,0.0,333.56,45.22,378.78,259,98104.02,95.01
2020-09,COVID-19 Collapse,Qatar Airways,QR,Doha,Tokyo,Boeing 787-9,7967,7967.0,0.0,No,No,160.0,46.57,53.51,8561.6,0.0,376.16,57.51,433.67,265,114922.55,95.55
2020-10,COVID-19 Collapse,Qatar Airways,QR,Doha,Tokyo,Boeing 787-9,7967,7967.0,0.0,No,No,160.0,39.95,45.39,7262.4,0.0,319.08,41.38,360.46,276,99486.96,94.8
2020-11,COVID-19 Collapse,Qatar Airways,QR,Doha,Tokyo,Boeing 787-9,7967,7967.0,0.0,No,No,160.0,42.09,51.05,8168.0,0.0,358.87,52.34,411.21,241,99101.61,95.35
2020-12,COVID-19 Collapse,Qatar Airways,QR,Doha,Tokyo,Boeing 787-9,7967,7967.0,0.0,No,No,160.0,43.13,51.79,8286.4,0.0,364.07,53.87,417.94,224,93618.56,95.41
2021-01,COVID-19 Collapse,Qatar Airways,QR,Doha,Tokyo,Boeing 787-9,7967,7967.0,0.0,No,No,160.0,75.49,89.33,14292.8,0.0,627.96,160.27,788.23,280,220704.4,97.29
2021-02,COVID-19 Collapse,Qatar Airways,QR,Doha,Tokyo,Boeing 787-9,7967,7967.0,0.0,No,No,160.0,83.06,100.27,16043.2,0.0,704.87,201.94,906.81,284,257534.04,97.58
2021-03,COVID-19 Collapse,Qatar Airways,QR,Doha,Tokyo,Boeing 787-9,7967,7967.0,0.0,No,No,160.0,69.59,83.53,13364.8,0.0,587.19,140.14,727.33,226,164376.58,97.11
2021-04,COVID-19 Collapse,Qatar Airways,QR,Doha,Tokyo,Boeing 787-9,7967,7967.0,0.0,No,No,160.0,76.83,87.48,13996.8,0.0,614.96,153.7,768.66,265,203694.9,97.23
2021-05,COVID-19 Collapse,Qatar Airways,QR,Doha,Tokyo,Boeing 787-9,7967,7967.0,0.0,No,No,160.0,78.63,95.08,15212.8,0.0,668.38,181.57,849.95,215,182739.25,97.45
2021-06,Recovery & Surge,Qatar Airways,QR,Doha,Tokyo,Boeing 787-9,7967,7967.0,0.0,No,No,160.0,66.07,77.56,12409.6,0.0,545.22,120.82,666.04,212,141200.48,96.89
2021-07,Recovery & Surge,Qatar Airways,QR,Doha,Tokyo,Boeing 787-9,7967,7967.0,0.0,No,No,160.0,78.97,94.82,15171.2,0.0,666.56,180.58,847.14,260,220256.4,97.44
2021-08,Recovery & Surge,Qatar Airways,QR,Doha,Tokyo,Boeing 787-9,7967,7967.0,0.0,No,No,160.0,68.92,83.37,13339.2,0.0,586.07,139.6,725.67,229,166178.43,97.1
2021-09,Recovery & Surge,Qatar Airways,QR,Doha,Tokyo,Boeing 787-9,7967,7967.0,0.0,No,No,160.0,66.5,76.59,12254.4,0.0,538.41,117.82,656.23,275,180463.25,96.85
2021-10,Recovery & Surge,Qatar Airways,QR,Doha,Tokyo,Boeing 787-9,7967,7967.0,0.0,No,No,160.0,86.82,98.19,15710.4,0.0,690.25,193.64,883.89,248,219204.72,97.53
2021-11,Recovery & Surge,Qatar Airways,QR,Doha,Tokyo,Boeing 787-9,7967,7967.0,0.0,No,No,160.0,87.21,99.66,15945.6,0.0,700.58,199.49,900.07,268,241218.76,97.56
2021-12,Recovery & Surge,Qatar Airways,QR,Doha,Tokyo,Boeing 787-9,7967,7967.0,0.0,No,No,160.0,83.59,97.19,15550.4,0.0,683.22,189.72,872.94,217,189427.98,97.5
2022-01,Recovery & Surge,Qatar Airways,QR,Doha,Tokyo,Boeing 787-9,7967,7967.0,0.0,No,No,160.0,72.01,86.54,13846.4,0.0,608.35,150.42,758.77,275,208661.75,97.2
2022-02,Recovery & Surge,Qatar Airways,QR,Doha,Tokyo,Boeing 787-9,7967,7967.0,0.0,No,No,160.0,67.25,81.11,12977.6,0.0,570.18,132.14,702.32,224,157319.68,97.02
2022-03,Ukraine War Shock,Qatar Airways,QR,Doha,Tokyo,Boeing 787-9,7967,7967.0,0.0,No,No,160.0,117.58,131.77,21083.2,0.0,926.3,348.74,1275.04,252,321310.08,98.15
2022-04,Ukraine War Shock,Qatar Airways,QR,Doha,Tokyo,Boeing 787-9,7967,7967.0,0.0,No,No,160.0,109.53,128.27,20523.2,0.0,901.7,330.46,1232.16,255,314200.8,98.1
2022-05,Ukraine War Shock,Qatar Airways,QR,Doha,Tokyo,Boeing 787-9,7967,7967.0,0.0,No,No,160.0,99.03,115.05,18408.0,0.0,808.77,265.85,1074.62,214,229968.68,97.88
2022-06,Ukraine War Shock,Qatar Airways,QR,Doha,Tokyo,Boeing 787-9,7967,7967.0,0.0,No,No,160.0,111.34,127.17,20347.2,0.0,893.97,324.82,1218.79,283,344917.57,98.08
2022-07,Ukraine War Shock,Qatar Airways,QR,Doha,Tokyo,Boeing 787-9,7967,7967.0,0.0,No,No,160.0,80.69,91.34,14614.4,0.0,642.09,167.57,809.66,232,187841.12,97.35
2022-08,Ukraine War Shock,Qatar Airways,QR,Doha,Tokyo,Boeing 787-9,7967,7967.0,0.0,No,No,160.0,98.19,113.29,18126.4,0.0,796.4,257.78,1054.18,263,277249.34,97.85
2022-09,Ukraine War Shock,Qatar Airways,QR,Doha,Tokyo,Boeing 787-9,7967,7967.0,0.0,No,No,160.0,85.18,103.43,16548.8,0.0,727.08,214.86,941.94,257,242078.58,97.65
2022-10,Ukraine War Shock,Qatar Airways,QR,Doha,Tokyo,Boeing 787-9,7967,7967.0,0.0,No,No,160.0,93.25,107.45,17192.0,0.0,755.34,231.89,987.23,212,209292.76,97.74
2022-11,Ukraine War Shock,Qatar Airways,QR,Doha,Tokyo,Boeing 787-9,7967,7967.0,0.0,No,No,160.0,86.23,101.05,16168.0,0.0,710.35,205.09,915.44,274,250830.56,97.6
2022-12,Ukraine War Shock,Qatar Airways,QR,Doha,Tokyo,Boeing 787-9,7967,7967.0,0.0,No,No,160.0,90.4,107.6,17216.0,0.0,756.4,232.54,988.94,232,229434.08,97.74
2023-01,Stabilisation,Qatar Airways,QR,Doha,Tokyo,Boeing 787-9,7967,7967.0,0.0,No,No,160.0,84.29,97.47,15595.2,0.0,685.19,190.82,876.01,228,199730.28,97.51
2023-02,Stabilisation,Qatar Airways,QR,Doha,Tokyo,Boeing 787-9,7967,7967.0,0.0,No,No,160.0,78.14,95.11,15217.6,0.0,668.6,181.69,850.29,214,181962.06,97.45
2023-03,Stabilisation,Qatar Airways,QR,Doha,Tokyo,Boeing 787-9,7967,7967.0,0.0,No,No,160.0,91.48,111.26,17801.6,0.0,782.13,248.63,1030.76,228,235013.28,97.81
2023-04,Stabilisation,Qatar Airways,QR,Doha,Tokyo,Boeing 787-9,7967,7967.0,0.0,No,No,160.0,88.18,100.98,16156.8,0.0,709.86,204.8,914.66,256,234152.96,97.59
2023-05,Stabilisation,Qatar Airways,QR,Doha,Tokyo,Boeing 787-9,7967,7967.0,0.0,No,No,160.0,90.97,106.41,17025.6,0.0,748.03,227.42,975.45,225,219476.25,97.71
2023-06,Stabilisation,Qatar Airways,QR,Doha,Tokyo,Boeing 787-9,7967,7967.0,0.0,No,No,160.0,90.21,103.75,16600.0,0.0,729.33,216.19,945.52,244,230706.88,97.66
2023-07,Stabilisation,Qatar Airways,QR,Doha,Tokyo,Boeing 787-9,7967,7967.0,0.0,No,No,160.0,85.16,97.8,15648.0,0.0,687.51,192.11,879.62,269,236617.78,97.52
2023-08,Stabilisation,Qatar Airways,QR,Doha,Tokyo,Boeing 787-9,7967,7967.0,0.0,No,No,160.0,90.67,101.88,16300.8,0.0,716.19,208.47,924.66,281,259829.46,97.61
2023-09,Stabilisation,Qatar Airways,QR,Doha,Tokyo,Boeing 787-9,7967,7967.0,0.0,No,No,160.0,76.5,90.34,14454.4,0.0,635.06,163.92,798.98,262,209332.76,97.32
2023-10,Gaza-Israel Conflict,Qatar Airways,QR,Doha,Tokyo,Boeing 787-9,7967,7967.0,0.0,No,No,160.0,78.33,91.67,14667.2,0.0,644.41,168.78,813.19,224,182154.56,97.36
2023-11,Gaza-Israel Conflict,Qatar Airways,QR,Doha,Tokyo,Boeing 787-9,7967,7967.0,0.0,No,No,160.0,75.77,85.25,13640.0,0.0,599.28,145.97,745.25,238,177369.5,97.16
2023-12,Gaza-Israel Conflict,Qatar Airways,QR,Doha,Tokyo,Boeing 787-9,7967,7967.0,0.0,No,No,160.0,80.53,92.44,14790.4,0.0,649.83,171.63,821.46,251,206186.46,97.38
2024-01,Gaza-Israel Conflict,Qatar Airways,QR,Doha,Tokyo,Boeing 787-9,7967,7967.0,0.0,No,No,160.0,84.61,102.45,16392.0,0.0,720.19,210.81,931.0,275,256025.0,97.63
2024-02,Gaza-Israel Conflict,Qatar Airways,QR,Doha,Tokyo,Boeing 787-9,7967,7967.0,0.0,No,No,160.0,82.61,94.5,15120.0,0.0,664.31,179.36,843.67,251,211761.17,97.43
2024-03,Gaza-Israel Conflict,Qatar Airways,QR,Doha,Tokyo,Boeing 787-9,7967,7967.0,0.0,No,No,160.0,92.09,104.48,16716.8,0.0,734.46,219.25,953.71,246,234612.66,97.67
2024-04,Gaza-Israel Conflict,Qatar Airways,QR,Doha,Tokyo,Boeing 787-9,7967,7967.0,0.0,No,No,160.0,84.06,98.26,15721.6,0.0,690.74,193.92,884.66,229,202587.14,97.53
2024-05,Gaza-Israel Conflict,Qatar Airways,QR,Doha,Tokyo,Boeing 787-9,7967,7967.0,0.0,No,No,160.0,82.78,100.87,16139.2,0.0,709.09,204.36,913.45,247,225622.15,97.59
2024-06,Gaza-Israel Conflict,Qatar Airways,QR,Doha,Tokyo,Boeing 787-9,7967,7967.0,0.0,No,No,160.0,87.23,99.81,15969.6,0.0,701.63,200.08,901.71,233,210098.43,97.57
2024-07,Gaza-Israel Conflict,Qatar Airways,QR,Doha,Tokyo,Boeing 787-9,7967,7967.0,0.0,No,No,160.0,80.4,95.45,15272.0,0.0,670.99,182.99,853.98,252,215202.96,97.46
2024-08,Gaza-Israel Conflict,Qatar Airways,QR,Doha,Tokyo,Boeing 787-9,7967,7967.0,0.0,No,No,160.0,91.64,109.62,17539.2,0.0,770.6,241.35,1011.95,270,273226.5,97.78
2024-09,Gaza-Israel Conflict,Qatar Airways,QR,Doha,Tokyo,Boeing 787-9,7967,7967.0,0.0,No,No,160.0,79.27,90.67,14507.2,0.0,637.38,165.12,802.5,280,224700.0,97.33
2024-10,Gaza-Israel Conflict,Qatar Airways,QR,Doha,Tokyo,Boeing 787-9,7967,7967.0,0.0,No,No,160.0,94.78,113.06,18089.6,0.0,794.78,256.74,1051.52,270,283910.4,97.85
2024-11,Gaza-Israel Conflict,Qatar Airways,QR,Doha,Tokyo,Boeing 787-9,7967,7967.0,0.0,No,No,160.0,91.13,105.42,16867.2,0.0,741.07,223.21,964.28,272,262284.16,97.69
2024-12,Pre-Iran Escalation,Qatar Airways,QR,Doha,Tokyo,Boeing 787-9,7967,7967.0,0.0,No,No,160.0,81.38,96.29,15406.4,0.0,676.89,186.22,863.11,236,203693.96,97.48
2025-01,Pre-Iran Escalation,Qatar Airways,QR,Doha,Tokyo,Boeing 787-9,7967,7967.0,0.0,No,No,160.0,85.13,100.74,16118.4,0.0,708.17,203.83,912.0,262,238944.0,97.59
2025-02,Pre-Iran Escalation,Qatar Airways,QR,Doha,Tokyo,Boeing 787-9,7967,7967.0,0.0,No,No,160.0,103.76,121.77,19483.2,0.0,856.01,297.82,1153.83,239,275765.37,98.0
2025-03,Pre-Iran Escalation,Qatar Airways,QR,Doha,Tokyo,Boeing 787-9,7967,7967.0,0.0,No,No,160.0,101.26,114.33,18292.8,0.0,803.71,262.54,1066.25,211,224978.75,97.87
2025-04,Pre-Iran Escalation,Qatar Airways,QR,Doha,Tokyo,Boeing 787-9,7967,7967.0,0.0,No,No,160.0,101.77,122.48,19596.8,0.0,861.0,301.3,1162.3,276,320794.8,98.01
2025-05,Pre-Iran Escalation,Qatar Airways,QR,Doha,Tokyo,Boeing 787-9,7967,7967.0,0.0,No,No,160.0,102.74,118.36,18937.6,0.0,832.04,281.37,1113.41,213,237156.33,97.94
2025-06,Pre-Iran Escalation,Qatar Airways,QR,Doha,Tokyo,Boeing 787-9,7967,7967.0,0.0,No,No,160.0,86.7,98.72,15795.2,0.0,693.97,195.74,889.71,218,193956.78,97.54
2025-07,Pre-Iran Escalation,Qatar Airways,QR,Doha,Tokyo,Boeing 787-9,7967,7967.0,0.0,No,No,160.0,93.24,104.81,16769.6,0.0,736.78,220.63,957.41,211,202013.51,97.68
2025-08,Pre-Iran Escalation,Qatar Airways,QR,Doha,Tokyo,Boeing 787-9,7967,7967.0,0.0,No,No,160.0,87.66,103.36,16537.6,0.0,726.59,214.57,941.16,215,202349.4,97.65
2025-09,Pre-Iran Escalation,Qatar Airways,QR,Doha,Tokyo,Boeing 787-9,7967,7967.0,0.0,No,No,160.0,104.85,124.54,19926.4,0.0,875.48,311.52,1187.0,214,254018.0,98.04
2025-10,Pre-Iran Escalation,Qatar Airways,QR,Doha,Tokyo,Boeing 787-9,7967,7967.0,0.0,No,No,160.0,99.34,111.43,17828.8,0.0,783.32,249.39,1032.71,260,268504.6,97.81
2025-11,Pre-Iran Escalation,Qatar Airways,QR,Doha,Tokyo,Boeing 787-9,7967,7967.0,0.0,No,No,160.0,92.61,108.47,17355.2,0.0,762.51,236.31,998.82,274,273676.68,97.76
2025-12,US-Iran War Conflict,Qatar Airways,QR,Doha,Tokyo,Boeing 787-9,7967,9683.0,1716.0,Yes,No,194.5,122.22,139.65,27161.93,5850.37,981.7,391.7,1373.4,256,351590.4,98.55
2026-01,US-Iran War Conflict,Qatar Airways,QR,Doha,Tokyo,Boeing 787-9,7967,9669.0,1702.0,Yes,Yes,194.2,130.88,155.03,30106.83,6431.76,1089.82,482.73,1572.55,0,0.0,98.69
2026-02,US-Iran War Conflict,Qatar Airways,QR,Doha,Tokyo,Boeing 787-9,7967,9832.0,1865.0,Yes,No,197.5,155.73,177.13,34983.17,8189.23,1245.17,560.33,1805.5,244,440542.0,98.87
2026-03,US-Iran War Conflict,Qatar Airways,QR,Doha,Tokyo,Boeing 787-9,7967,8643.0,676.0,Yes,No,173.6,169.08,201.05,34902.28,2961.46,1413.32,635.99,2049.31,262,536919.22,98.87
2026-04,De-escalation & Negotiations,Qatar Airways,QR,Doha,Tokyo,Boeing 787-9,7967,8510.0,543.0,Yes,No,170.9,111.38,129.05,22054.65,1503.16,907.18,334.49,1241.67,226,280617.42,98.23
2026-05,De-escalation & Negotiations,Qatar Airways,QR,Doha,Tokyo,Boeing 787-9,7967,8224.0,257.0,Yes,No,165.2,104.87,127.28,21026.66,678.28,894.74,325.38,1220.12,262,319671.44,98.14
2026-06,De-escalation & Negotiations,Qatar Airways,QR,Doha,Tokyo,Boeing 787-9,7967,8367.0,400.0,Yes,No,168.0,92.83,105.25,17682.0,887.76,739.88,222.49,962.37,276,265614.12,97.8
2019-01,Pre-Pandemic Baseline,Etihad Airways,EY,Abu Dhabi,London,Airbus A380,5418,5418.0,0.0,No,No,118.0,63.0,71.31,8414.58,0.0,340.9,69.46,410.36,245,100538.2,96.88
2019-02,Pre-Pandemic Baseline,Etihad Airways,EY,Abu Dhabi,London,Airbus A380,5418,5418.0,0.0,No,No,118.0,67.61,80.55,9504.9,0.0,385.08,88.62,473.7,260,123162.0,97.23
2019-03,Pre-Pandemic Baseline,Etihad Airways,EY,Abu Dhabi,London,Airbus A380,5418,5418.0,0.0,No,No,118.0,65.86,78.77,9294.86,0.0,376.57,84.75,461.32,230,106103.6,97.17
2019-04,Pre-Pandemic Baseline,Etihad Airways,EY,Abu Dhabi,London,Airbus A380,5418,5418.0,0.0,No,No,118.0,64.79,76.2,8991.6,0.0,364.28,79.31,443.59,279,123761.61,97.08
2019-05,Pre-Pandemic Baseline,Etihad Airways,EY,Abu Dhabi,London,Airbus A380,5418,5418.0,0.0,No,No,118.0,61.25,73.32,8651.76,0.0,350.51,73.43,423.94,237,100473.78,96.96
2019-06,Pre-Pandemic Baseline,Etihad Airways,EY,Abu Dhabi,London,Airbus A380,5418,5418.0,0.0,No,No,118.0,61.25,71.62,8451.16,0.0,342.39,70.06,412.45,250,103112.5,96.89
2019-07,Pre-Pandemic Baseline,Etihad Airways,EY,Abu Dhabi,London,Airbus A380,5418,5418.0,0.0,No,No,118.0,60.46,70.88,8363.84,0.0,338.85,68.62,407.47,256,104312.32,96.86
2019-08,Pre-Pandemic Baseline,Etihad Airways,EY,Abu Dhabi,London,Airbus A380,5418,5418.0,0.0,No,No,118.0,66.93,77.82,9182.76,0.0,372.03,82.72,454.75,229,104137.75,97.13
2019-09,Pre-Pandemic Baseline,Etihad Airways,EY,Abu Dhabi,London,Airbus A380,5418,5418.0,0.0,No,No,118.0,64.81,72.75,8584.5,0.0,347.79,72.29,420.08,233,97878.64,96.94
2019-10,Pre-Pandemic Baseline,Etihad Airways,EY,Abu Dhabi,London,Airbus A380,5418,5418.0,0.0,No,No,118.0,65.66,74.25,8761.5,0.0,354.96,75.3,430.26,247,106274.22,97.0
2019-11,Pre-Pandemic Baseline,Etihad Airways,EY,Abu Dhabi,London,Airbus A380,5418,5418.0,0.0,No,No,118.0,60.16,67.57,7973.26,0.0,323.02,62.36,385.38,230,88637.4,96.71
2019-12,Pre-Pandemic Baseline,Etihad Airways,EY,Abu Dhabi,London,Airbus A380,5418,5418.0,0.0,No,No,118.0,67.76,80.2,9463.6,0.0,383.4,87.85,471.25,219,103203.75,97.22
2020-01,Pre-Pandemic Baseline,Etihad Airways,EY,Abu Dhabi,London,Airbus A380,5418,5418.0,0.0,No,No,118.0,66.66,76.75,9056.5,0.0,366.91,80.46,447.37,272,121684.64,97.1
2020-02,Pre-Pandemic Baseline,Etihad Airways,EY,Abu Dhabi,London,Airbus A380,5418,5418.0,0.0,No,No,118.0,61.7,72.24,8524.32,0.0,345.35,71.28,416.63,234,97491.42,96.92
2020-03,COVID-19 Collapse,Etihad Airways,EY,Abu Dhabi,London,Airbus A380,5418,5418.0,0.0,No,No,118.0,20.55,24.88,2935.84,0.0,118.94,8.45,127.39,241,30700.99,91.55
2020-04,COVID-19 Collapse,Etihad Airways,EY,Abu Dhabi,London,Airbus A380,5418,5418.0,0.0,No,No,118.0,20.57,23.55,2778.9,0.0,112.58,7.58,120.16,251,30160.16,91.12
2020-05,COVID-19 Collapse,Etihad Airways,EY,Abu Dhabi,London,Airbus A380,5418,5418.0,0.0,No,No,118.0,22.26,25.84,3049.12,0.0,123.53,9.12,132.65,273,36213.45,91.84
2020-06,COVID-19 Collapse,Etihad Airways,EY,Abu Dhabi,London,Airbus A380,5418,5418.0,0.0,No,No,118.0,45.35,54.22,6397.96,0.0,259.2,40.15,299.35,220,65857.0,95.94
2020-07,COVID-19 Collapse,Etihad Airways,EY,Abu Dhabi,London,Airbus A380,5418,5418.0,0.0,No,No,118.0,44.05,50.34,5940.12,0.0,240.65,34.61,275.26,256,70466.56,95.64
2020-08,COVID-19 Collapse,Etihad Airways,EY,Abu Dhabi,London,Airbus A380,5418,5418.0,0.0,No,No,118.0,42.08,47.45,5599.1,0.0,226.84,30.75,257.59,236,60791.24,95.39
2020-09,COVID-19 Collapse,Etihad Airways,EY,Abu Dhabi,London,Airbus A380,5418,5418.0,0.0,No,No,118.0,46.57,53.51,6314.18,0.0,255.81,39.11,294.92,275,81103.0,95.89
2020-10,COVID-19 Collapse,Etihad Airways,EY,Abu Dhabi,London,Airbus A380,5418,5418.0,0.0,No,No,118.0,39.95,45.39,5356.02,0.0,216.99,28.14,245.13,259,63488.67,95.19
2020-11,COVID-19 Collapse,Etihad Airways,EY,Abu Dhabi,London,Airbus A380,5418,5418.0,0.0,No,No,118.0,42.09,51.05,6023.9,0.0,244.05,35.6,279.65,220,61523.0,95.7
2020-12,COVID-19 Collapse,Etihad Airways,EY,Abu Dhabi,London,Airbus A380,5418,5418.0,0.0,No,No,118.0,43.13,51.79,6111.22,0.0,247.59,36.64,284.23,232,65941.36,95.76
2021-01,COVID-19 Collapse,Etihad Airways,EY,Abu Dhabi,London,Airbus A380,5418,5418.0,0.0,No,No,118.0,75.49,89.33,10540.94,0.0,427.05,109.0,536.05,212,113642.6,97.49
2021-02,COVID-19 Collapse,Etihad Airways,EY,Abu Dhabi,London,Airbus A380,5418,5418.0,0.0,No,No,118.0,83.06,100.27,11831.86,0.0,479.35,137.33,616.68,267,164653.56,97.76
2021-03,COVID-19 Collapse,Etihad Airways,EY,Abu Dhabi,London,Airbus A380,5418,5418.0,0.0,No,No,118.0,69.59,83.53,9856.54,0.0,399.32,95.3,494.62,240,118708.8,97.33
2021-04,COVID-19 Collapse,Etihad Airways,EY,Abu Dhabi,London,Airbus A380,5418,5418.0,0.0,No,No,118.0,76.83,87.48,10322.64,0.0,418.21,104.53,522.74,213,111343.62,97.44
2021-05,COVID-19 Collapse,Etihad Airways,EY,Abu Dhabi,London,Airbus A380,5418,5418.0,0.0,No,No,118.0,78.63,95.08,11219.44,0.0,454.54,123.48,578.02,211,121962.22,97.64
2021-06,Recovery & Surge,Etihad Airways,EY,Abu Dhabi,London,Airbus A380,5418,5418.0,0.0,No,No,118.0,66.07,77.56,9152.08,0.0,370.78,82.16,452.94,281,127276.14,97.13
2021-07,Recovery & Surge,Etihad Airways,EY,Abu Dhabi,London,Airbus A380,5418,5418.0,0.0,No,No,118.0,78.97,94.82,11188.76,0.0,453.3,122.81,576.11,273,157278.03,97.64
2021-08,Recovery & Surge,Etihad Airways,EY,Abu Dhabi,London,Airbus A380,5418,5418.0,0.0,No,No,118.0,68.92,83.37,9837.66,0.0,398.56,94.94,493.5,235,115972.5,97.32
2021-09,Recovery & Surge,Etihad Airways,EY,Abu Dhabi,London,Airbus A380,5418,5418.0,0.0,No,No,118.0,66.5,76.59,9037.62,0.0,366.15,80.12,446.27,248,110674.96,97.09
2021-10,Recovery & Surge,Etihad Airways,EY,Abu Dhabi,London,Airbus A380,5418,5418.0,0.0,No,No,118.0,86.82,98.19,11586.42,0.0,469.41,131.69,601.1,253,152078.3,97.72
2021-11,Recovery & Surge,Etihad Airways,EY,Abu Dhabi,London,Airbus A380,5418,5418.0,0.0,No,No,118.0,87.21,99.66,11759.88,0.0,476.43,135.66,612.09,248,151798.32,97.75
2021-12,Recovery & Surge,Etihad Airways,EY,Abu Dhabi,London,Airbus A380,5418,5418.0,0.0,No,No,118.0,83.59,97.19,11468.42,0.0,464.63,129.02,593.65,233,138320.45,97.69
2022-01,Recovery & Surge,Etihad Airways,EY,Abu Dhabi,London,Airbus A380,5418,5418.0,0.0,No,No,118.0,72.01,86.54,10211.72,0.0,413.71,102.29,516.0,239,123324.0,97.42
2022-02,Recovery & Surge,Etihad Airways,EY,Abu Dhabi,London,Airbus A380,5418,5418.0,0.0,No,No,118.0,67.25,81.11,9570.98,0.0,387.75,89.86,477.61,223,106507.03,97.25
2022-03,Ukraine War Shock,Etihad Airways,EY,Abu Dhabi,London,Airbus A380,5418,5418.0,0.0,No,No,118.0,117.58,131.77,15548.86,0.0,629.94,237.16,867.1,212,183825.2,98.29
2022-04,Ukraine War Shock,Etihad Airways,EY,Abu Dhabi,London,Airbus A380,5418,5418.0,0.0,No,No,118.0,109.53,128.27,15135.86,0.0,613.21,224.73,837.94,221,185184.74,98.24
2022-05,Ukraine War Shock,Etihad Airways,EY,Abu Dhabi,London,Airbus A380,5418,5418.0,0.0,No,No,118.0,99.03,115.05,13575.9,0.0,550.01,180.8,730.81,210,153470.1,98.04
2022-06,Ukraine War Shock,Etihad Airways,EY,Abu Dhabi,London,Airbus A380,5418,5418.0,0.0,No,No,118.0,111.34,127.17,15006.06,0.0,607.95,220.89,828.84,242,200579.28,98.23
2022-07,Ukraine War Shock,Etihad Airways,EY,Abu Dhabi,London,Airbus A380,5418,5418.0,0.0,No,No,118.0,80.69,91.34,10778.12,0.0,436.66,113.96,550.62,259,142610.58,97.55
2022-08,Ukraine War Shock,Etihad Airways,EY,Abu Dhabi,London,Airbus A380,5418,5418.0,0.0,No,Yes,118.0,98.19,113.29,13368.22,0.0,541.59,175.3,716.89,0,0.0,98.01
2022-09,Ukraine War Shock,Etihad Airways,EY,Abu Dhabi,London,Airbus A380,5418,5418.0,0.0,No,No,118.0,85.18,103.43,12204.74,0.0,494.46,146.12,640.58,250,160145.0,97.83
2022-10,Ukraine War Shock,Etihad Airways,EY,Abu Dhabi,London,Airbus A380,5418,5418.0,0.0,No,Yes,118.0,93.25,107.45,12679.1,0.0,513.67,157.7,671.37,0,0.0,97.91
2022-11,Ukraine War Shock,Etihad Airways,EY,Abu Dhabi,London,Airbus A380,5418,5418.0,0.0,No,No,118.0,86.23,101.05,11923.9,0.0,483.08,139.47,622.55,218,135715.9,97.78
2022-12,Ukraine War Shock,Etihad Airways,EY,Abu Dhabi,London,Airbus A380,5418,5418.0,0.0,No,No,118.0,90.4,107.6,12696.8,0.0,514.39,158.14,672.53,219,147284.07,97.91
2023-01,Stabilisation,Etihad Airways,EY,Abu Dhabi,London,Airbus A380,5418,5418.0,0.0,No,No,118.0,84.29,97.47,11501.46,0.0,465.96,129.76,595.72,256,152504.32,97.7
2023-02,Stabilisation,Etihad Airways,EY,Abu Dhabi,London,Airbus A380,5418,5418.0,0.0,No,No,118.0,78.14,95.11,11222.98,0.0,454.68,123.56,578.24,218,126056.32,97.64
2023-03,Stabilisation,Etihad Airways,EY,Abu Dhabi,London,Airbus A380,5418,5418.0,0.0,No,No,118.0,91.48,111.26,13128.68,0.0,531.89,169.08,700.97,251,175943.47,97.98
2023-04,Stabilisation,Etihad Airways,EY,Abu Dhabi,London,Airbus A380,5418,5418.0,0.0,No,No,118.0,88.18,100.98,11915.64,0.0,482.74,139.28,622.02,224,139332.48,97.78
2023-05,Stabilisation,Etihad Airways,EY,Abu Dhabi,London,Airbus A380,5418,5418.0,0.0,No,No,118.0,90.97,106.41,12556.38,0.0,508.7,154.66,663.36,274,181760.64,97.89
2023-06,Stabilisation,Etihad Airways,EY,Abu Dhabi,London,Airbus A380,5418,5418.0,0.0,No,No,118.0,90.21,103.75,12242.5,0.0,495.99,147.03,643.02,213,136963.26,97.84
2023-07,Stabilisation,Etihad Airways,EY,Abu Dhabi,London,Airbus A380,5418,5418.0,0.0,No,No,118.0,85.16,97.8,11540.4,0.0,467.54,130.64,598.18,239,142965.02,97.71
2023-08,Stabilisation,Etihad Airways,EY,Abu Dhabi,London,Airbus A380,5418,5418.0,0.0,No,No,118.0,90.67,101.88,12021.84,0.0,487.05,141.77,628.82,267,167894.94,97.8
2023-09,Stabilisation,Etihad Airways,EY,Abu Dhabi,London,Airbus A380,5418,5418.0,0.0,No,No,118.0,76.5,90.34,10660.12,0.0,431.88,111.47,543.35,266,144531.1,97.52
2023-10,Gaza-Israel Conflict,Etihad Airways,EY,Abu Dhabi,London,Airbus A380,5418,5418.0,0.0,No,No,118.0,78.33,91.67,10817.06,0.0,438.24,114.78,553.02,220,121664.4,97.56
2023-11,Gaza-Israel Conflict,Etihad Airways,EY,Abu Dhabi,London,Airbus A380,5418,5418.0,0.0,No,No,118.0,75.77,85.25,10059.5,0.0,407.55,99.27,506.82,224,113527.68,97.38
2023-12,Gaza-Israel Conflict,Etihad Airways,EY,Abu Dhabi,London,Airbus A380,5418,5418.0,0.0,No,No,118.0,80.53,92.44,10907.92,0.0,441.92,116.72,558.64,250,139660.0,97.58
2024-01,Gaza-Israel Conflict,Etihad Airways,EY,Abu Dhabi,London,Airbus A380,5418,5418.0,0.0,No,No,118.0,84.61,102.45,12089.1,0.0,489.77,143.36,633.13,261,165246.93,97.81
2024-02,Gaza-Israel Conflict,Etihad Airways,EY,Abu Dhabi,London,Airbus A380,5418,5418.0,0.0,No,No,118.0,82.61,94.5,11151.0,0.0,451.77,121.98,573.75,266,152617.5,97.63
2024-03,Gaza-Israel Conflict,Etihad Airways,EY,Abu Dhabi,London,Airbus A380,5418,5418.0,0.0,No,No,118.0,92.09,104.48,12328.64,0.0,499.48,149.1,648.58,256,166036.48,97.85
2024-04,Gaza-Israel Conflict,Etihad Airways,EY,Abu Dhabi,London,Airbus A380,5418,5418.0,0.0,No,No,118.0,84.06,98.26,11594.68,0.0,469.74,131.88,601.62,268,161234.16,97.72
2024-05,Gaza-Israel Conflict,Etihad Airways,EY,Abu Dhabi,London,Airbus A380,5418,5418.0,0.0,No,No,118.0,82.78,100.87,11902.66,0.0,482.22,138.98,621.2,242,150330.4,97.77
2024-06,Gaza-Israel Conflict,Etihad Airways,EY,Abu Dhabi,London,Airbus A380,5418,5418.0,0.0,No,No,118.0,87.23,99.81,11777.58,0.0,477.15,136.07,613.22,252,154531.44,97.75
2024-07,Gaza-Israel Conflict,Etihad Airways,EY,Abu Dhabi,London,Airbus A380,5418,5418.0,0.0,No,No,118.0,80.4,95.45,11263.1,0.0,456.31,124.44,580.75,242,140541.5,97.65
2024-08,Gaza-Israel Conflict,Etihad Airways,EY,Abu Dhabi,London,Airbus A380,5418,5418.0,0.0,No,No,118.0,91.64,109.62,12935.16,0.0,524.05,164.13,688.18,267,183744.06,97.95
2024-09,Gaza-Israel Conflict,Etihad Airways,EY,Abu Dhabi,London,Airbus A380,5418,5418.0,0.0,No,No,118.0,79.27,90.67,10699.06,0.0,433.46,112.29,545.75,223,121702.25,97.53
2024-10,Gaza-Israel Conflict,Etihad Airways,EY,Abu Dhabi,London,Airbus A380,5418,5418.0,0.0,No,No,118.0,94.78,113.06,13341.08,0.0,540.49,174.59,715.08,228,163038.24,98.01
2024-11,Gaza-Israel Conflict,Etihad Airways,EY,Abu Dhabi,London,Airbus A380,5418,5418.0,0.0,No,No,118.0,91.13,105.42,12439.56,0.0,503.97,151.8,655.77,272,178369.44,97.87
2024-12,Pre-Iran Escalation,Etihad Airways,EY,Abu Dhabi,London,Airbus A380,5418,5418.0,0.0,No,No,118.0,81.38,96.29,11362.22,0.0,460.32,126.64,586.96,263,154370.48,97.67
2025-01,Pre-Iran Escalation,Etihad Airways,EY,Abu Dhabi,London,Airbus A380,5418,5418.0,0.0,No,No,118.0,85.13,100.74,11887.32,0.0,481.6,138.62,620.22,265,164358.3,97.77
2025-02,Pre-Iran Escalation,Etihad Airways,EY,Abu Dhabi,London,Airbus A380,5418,5418.0,0.0,No,No,118.0,103.76,121.77,14368.86,0.0,582.13,202.53,784.66,217,170271.22,98.15
2025-03,Pre-Iran Escalation,Etihad Airways,EY,Abu Dhabi,London,Airbus A380,5418,5418.0,0.0,No,No,118.0,101.26,114.33,13490.94,0.0,546.56,178.54,725.1,246,178374.6,98.03
2025-04,Pre-Iran Escalation,Etihad Airways,EY,Abu Dhabi,London,Airbus A380,5418,5418.0,0.0,No,No,118.0,101.77,122.48,14452.64,0.0,585.53,204.9,790.43,252,199188.36,98.16
2025-05,Pre-Iran Escalation,Etihad Airways,EY,Abu Dhabi,London,Airbus A380,5418,5418.0,0.0,No,No,118.0,102.74,118.36,13966.48,0.0,565.83,191.35,757.18,268,202924.24,98.1
2025-06,Pre-Iran Escalation,Etihad Airways,EY,Abu Dhabi,London,Airbus A380,5418,5418.0,0.0,No,No,118.0,86.7,98.72,11648.96,0.0,471.94,133.11,605.05,241,145817.05,97.73
2025-07,Pre-Iran Escalation,Etihad Airways,EY,Abu Dhabi,London,Airbus A380,5418,5418.0,0.0,No,No,118.0,93.24,104.81,12367.58,0.0,501.05,150.04,651.09,250,162772.5,97.86
2025-08,Pre-Iran Escalation,Etihad Airways,EY,Abu Dhabi,London,Airbus A380,5418,5418.0,0.0,No,No,118.0,87.66,103.36,12196.48,0.0,494.12,145.92,640.04,227,145289.08,97.83
2025-09,Pre-Iran Escalation,Etihad Airways,EY,Abu Dhabi,London,Airbus A380,5418,5418.0,0.0,No,No,118.0,104.85,124.54,14695.72,0.0,595.37,211.85,807.22,272,219563.84,98.19
2025-10,Pre-Iran Escalation,Etihad Airways,EY,Abu Dhabi,London,Airbus A380,5418,5418.0,0.0,No,No,118.0,99.34,111.43,13148.74,0.0,532.7,169.6,702.3,278,195239.4,97.98
2025-11,Pre-Iran Escalation,Etihad Airways,EY,Abu Dhabi,London,Airbus A380,5418,5418.0,0.0,No,No,118.0,92.61,108.47,12799.46,0.0,518.55,160.71,679.26,244,165739.44,97.93
2025-12,US-Iran War Conflict,Etihad Airways,EY,Abu Dhabi,London,Airbus A380,5418,6254.0,836.0,Yes,No,136.2,122.22,139.65,19020.33,2934.85,667.61,266.38,933.99,234,218553.66,98.6
2026-01,US-Iran War Conflict,Etihad Airways,EY,Abu Dhabi,London,Airbus A380,5418,6097.0,679.0,Yes,Yes,132.8,130.88,155.03,20587.98,2580.15,741.13,328.28,1069.41,0,0.0,98.7
2026-02,US-Iran War Conflict,Etihad Airways,EY,Abu Dhabi,London,Airbus A380,5418,6007.0,589.0,Yes,Yes,130.8,155.73,177.13,23168.6,2518.7,846.79,381.06,1227.85,0,0.0,98.84
2026-03,US-Iran War Conflict,Etihad Airways,EY,Abu Dhabi,London,Airbus A380,5418,6368.0,950.0,Yes,No,138.7,169.08,201.05,27885.63,4889.51,961.14,432.51,1393.65,262,365136.3,99.04
2026-04,De-escalation & Negotiations,Etihad Airways,EY,Abu Dhabi,London,Airbus A380,5418,5558.0,140.0,Yes,No,121.0,111.38,129.05,15615.05,403.49,616.93,227.47,844.4,262,221232.8,98.29
2026-05,De-escalation & Negotiations,Etihad Airways,EY,Abu Dhabi,London,Airbus A380,5418,5479.0,61.0,Yes,No,119.3,104.87,127.28,15184.5,170.96,608.47,221.27,829.74,250,207435.0,98.25
2026-06,De-escalation & Negotiations,Etihad Airways,EY,Abu Dhabi,London,Airbus A380,5418,5792.0,374.0,Yes,No,126.2,92.83,105.25,13282.55,916.88,503.16,151.31,654.47,264,172780.08,98.0
2019-01,Pre-Pandemic Baseline,Etihad Airways,EY,Abu Dhabi,Chicago,Boeing 787-9,11025,11025.0,0.0,No,No,218.0,63.0,71.31,15545.58,0.0,693.7,141.34,835.04,273,227965.92,96.58
2019-02,Pre-Pandemic Baseline,Etihad Airways,EY,Abu Dhabi,Chicago,Boeing 787-9,11025,11025.0,0.0,No,No,218.0,67.61,80.55,17559.9,0.0,783.59,180.34,963.93,221,213028.53,96.96
2019-03,Pre-Pandemic Baseline,Etihad Airways,EY,Abu Dhabi,Chicago,Boeing 787-9,11025,11025.0,0.0,No,No,218.0,65.86,78.77,17171.86,0.0,766.27,172.45,938.72,263,246883.36,96.89
2019-04,Pre-Pandemic Baseline,Etihad Airways,EY,Abu Dhabi,Chicago,Boeing 787-9,11025,11025.0,0.0,No,No,218.0,64.79,76.2,16611.6,0.0,741.27,161.39,902.66,245,221151.7,96.79
2019-05,Pre-Pandemic Baseline,Etihad Airways,EY,Abu Dhabi,Chicago,Boeing 787-9,11025,11025.0,0.0,No,No,218.0,61.25,73.32,15983.76,0.0,713.25,149.42,862.67,234,201864.78,96.67
2019-06,Pre-Pandemic Baseline,Etihad Airways,EY,Abu Dhabi,Chicago,Boeing 787-9,11025,11025.0,0.0,No,No,218.0,61.25,71.62,15613.16,0.0,696.72,142.57,839.29,236,198072.44,96.59
2019-07,Pre-Pandemic Baseline,Etihad Airways,EY,Abu Dhabi,Chicago,Boeing 787-9,11025,11025.0,0.0,No,No,218.0,60.46,70.88,15451.84,0.0,689.52,139.64,829.16,217,179927.72,96.56
2019-08,Pre-Pandemic Baseline,Etihad Airways,EY,Abu Dhabi,Chicago,Boeing 787-9,11025,11025.0,0.0,No,No,218.0,66.93,77.82,16964.76,0.0,757.03,168.32,925.35,262,242441.7,96.85
2019-09,Pre-Pandemic Baseline,Etihad Airways,EY,Abu Dhabi,Chicago,Boeing 787-9,11025,11025.0,0.0,No,No,218.0,64.81,72.75,15859.5,0.0,707.71,147.1,854.81,257,219686.17,96.64
2019-10,Pre-Pandemic Baseline,Etihad Airways,EY,Abu Dhabi,Chicago,Boeing 787-9,11025,11025.0,0.0,No,No,218.0,65.66,74.25,16186.5,0.0,722.3,153.23,875.53,221,193492.13,96.71
2019-11,Pre-Pandemic Baseline,Etihad Airways,EY,Abu Dhabi,Chicago,Boeing 787-9,11025,11025.0,0.0,No,No,218.0,60.16,67.57,14730.26,0.0,657.32,126.9,784.22,250,196055.0,96.39
2019-12,Pre-Pandemic Baseline,Etihad Airways,EY,Abu Dhabi,Chicago,Boeing 787-9,11025,11025.0,0.0,No,No,218.0,67.76,80.2,17483.6,0.0,780.18,178.77,958.95,219,210010.05,96.94
2020-01,Pre-Pandemic Baseline,Etihad Airways,EY,Abu Dhabi,Chicago,Boeing 787-9,11025,11025.0,0.0,No,No,218.0,66.66,76.75,16731.5,0.0,746.62,163.72,910.34,233,212109.22,96.81
2020-02,Pre-Pandemic Baseline,Etihad Airways,EY,Abu Dhabi,Chicago,Boeing 787-9,11025,11025.0,0.0,No,No,218.0,61.7,72.24,15748.32,0.0,702.75,145.05,847.8,213,180581.4,96.62
2020-03,COVID-19 Collapse,Etihad Airways,EY,Abu Dhabi,Chicago,Boeing 787-9,11025,11025.0,0.0,No,No,218.0,20.55,24.88,5423.84,0.0,242.03,17.2,259.23,256,66362.88,90.77
2020-04,COVID-19 Collapse,Etihad Airways,EY,Abu Dhabi,Chicago,Boeing 787-9,11025,11025.0,0.0,No,No,218.0,20.57,23.55,5133.9,0.0,229.09,15.41,244.5,210,51345.0,90.3
2020-05,COVID-19 Collapse,Etihad Airways,EY,Abu Dhabi,Chicago,Boeing 787-9,11025,11025.0,0.0,No,No,218.0,22.26,25.84,5633.12,0.0,251.37,18.56,269.93,229,61813.97,91.09
2020-06,COVID-19 Collapse,Etihad Airways,EY,Abu Dhabi,Chicago,Boeing 787-9,11025,11025.0,0.0,No,No,218.0,45.35,54.22,11819.96,0.0,527.45,81.71,609.16,230,140106.8,95.54
2020-07,COVID-19 Collapse,Etihad Airways,EY,Abu Dhabi,Chicago,Boeing 787-9,11025,11025.0,0.0,No,No,218.0,44.05,50.34,10974.12,0.0,489.7,70.43,560.13,266,148994.58,95.22
2020-08,COVID-19 Collapse,Etihad Airways,EY,Abu Dhabi,Chicago,Boeing 787-9,11025,11025.0,0.0,No,No,218.0,42.08,47.45,10344.1,0.0,461.59,62.58,524.17,243,127373.31,94.94
2020-09,COVID-19 Collapse,Etihad Airways,EY,Abu Dhabi,Chicago,Boeing 787-9,11025,11025.0,0.0,No,No,218.0,46.57,53.51,11665.18,0.0,520.54,79.58,600.12,252,151230.24,95.49
2020-10,COVID-19 Collapse,Etihad Airways,EY,Abu Dhabi,Chicago,Boeing 787-9,11025,11025.0,0.0,No,No,218.0,39.95,45.39,9895.02,0.0,441.55,57.26,498.81,228,113728.68,94.72
2020-11,COVID-19 Collapse,Etihad Airways,EY,Abu Dhabi,Chicago,Boeing 787-9,11025,11025.0,0.0,No,No,218.0,42.09,51.05,11128.9,0.0,496.61,72.43,569.04,251,142829.04,95.28
2020-12,COVID-19 Collapse,Etihad Airways,EY,Abu Dhabi,Chicago,Boeing 787-9,11025,11025.0,0.0,No,No,218.0,43.13,51.79,11290.22,0.0,503.81,74.55,578.36,221,127817.56,95.34
2021-01,COVID-19 Collapse,Etihad Airways,EY,Abu Dhabi,Chicago,Boeing 787-9,11025,11025.0,0.0,No,No,218.0,75.49,89.33,19473.94,0.0,869.0,221.79,1090.79,284,309784.36,97.25
2021-02,COVID-19 Collapse,Etihad Airways,EY,Abu Dhabi,Chicago,Boeing 787-9,11025,11025.0,0.0,No,No,218.0,83.06,100.27,21858.86,0.0,975.42,279.44,1254.86,248,311205.28,97.54
2021-03,COVID-19 Collapse,Etihad Airways,EY,Abu Dhabi,Chicago,Boeing 787-9,11025,11025.0,0.0,No,No,218.0,69.59,83.53,18209.54,0.0,812.57,193.93,1006.5,275,276787.5,97.06
2021-04,COVID-19 Collapse,Etihad Airways,EY,Abu Dhabi,Chicago,Boeing 787-9,11025,11025.0,0.0,No,No,218.0,76.83,87.48,19070.64,0.0,851.0,212.7,1063.7,217,230822.9,97.19
2021-05,COVID-19 Collapse,Etihad Airways,EY,Abu Dhabi,Chicago,Boeing 787-9,11025,11025.0,0.0,No,No,218.0,78.63,95.08,20727.44,0.0,924.93,251.26,1176.19,254,298752.26,97.41
2021-06,Recovery & Surge,Etihad Airways,EY,Abu Dhabi,Chicago,Boeing 787-9,11025,11025.0,0.0,No,No,218.0,66.07,77.56,16908.08,0.0,754.5,167.2,921.7,260,239642.0,96.84
2021-07,Recovery & Surge,Etihad Airways,EY,Abu Dhabi,Chicago,Boeing 787-9,11025,11025.0,0.0,No,No,218.0,78.97,94.82,20670.76,0.0,922.4,249.89,1172.29,269,315346.01,97.4
2021-08,Recovery & Surge,Etihad Airways,EY,Abu Dhabi,Chicago,Boeing 787-9,11025,11025.0,0.0,No,No,218.0,68.92,83.37,18174.66,0.0,811.02,193.18,1004.2,246,247033.2,97.06
2021-09,Recovery & Surge,Etihad Airways,EY,Abu Dhabi,Chicago,Boeing 787-9,11025,11025.0,0.0,No,No,218.0,66.5,76.59,16696.62,0.0,745.06,163.04,908.1,212,192517.2,96.8
2021-10,Recovery & Surge,Etihad Airways,EY,Abu Dhabi,Chicago,Boeing 787-9,11025,11025.0,0.0,No,No,218.0,86.82,98.19,21405.42,0.0,955.19,267.97,1223.16,229,280103.64,97.49
2021-11,Recovery & Surge,Etihad Airways,EY,Abu Dhabi,Chicago,Boeing 787-9,11025,11025.0,0.0,No,No,218.0,87.21,99.66,21725.88,0.0,969.49,276.06,1245.55,231,287722.05,97.53
2021-12,Recovery & Surge,Etihad Airways,EY,Abu Dhabi,Chicago,Boeing 787-9,11025,11025.0,0.0,No,No,218.0,83.59,97.19,21187.42,0.0,945.46,262.54,1208.0,233,281464.0,97.46
2022-01,Recovery & Surge,Etihad Airways,EY,Abu Dhabi,Chicago,Boeing 787-9,11025,11025.0,0.0,No,No,218.0,72.01,86.54,18865.72,0.0,841.86,208.16,1050.02,216,226804.32,97.16
2022-02,Recovery & Surge,Etihad Airways,EY,Abu Dhabi,Chicago,Boeing 787-9,11025,11025.0,0.0,No,No,218.0,67.25,81.11,17681.98,0.0,789.03,182.85,971.88,210,204094.8,96.98
2022-03,Ukraine War Shock,Etihad Airways,EY,Abu Dhabi,Chicago,Boeing 787-9,11025,11025.0,0.0,No,No,218.0,117.58,131.77,28725.86,0.0,1281.85,482.6,1764.45,248,437583.6,98.12
2022-04,Ukraine War Shock,Etihad Airways,EY,Abu Dhabi,Chicago,Boeing 787-9,11025,11025.0,0.0,No,No,218.0,109.53,128.27,27962.86,0.0,1247.8,457.3,1705.1,265,451851.5,98.07
2022-05,Ukraine War Shock,Etihad Airways,EY,Abu Dhabi,Chicago,Boeing 787-9,11025,11025.0,0.0,No,No,218.0,99.03,115.05,25080.9,0.0,1119.2,367.9,1487.1,227,337571.7,97.85
2022-06,Ukraine War Shock,Etihad Airways,EY,Abu Dhabi,Chicago,Boeing 787-9,11025,11025.0,0.0,No,No,218.0,111.34,127.17,27723.06,0.0,1237.1,449.49,1686.59,262,441886.58,98.05
2022-07,Ukraine War Shock,Etihad Airways,EY,Abu Dhabi,Chicago,Boeing 787-9,11025,11025.0,0.0,No,No,218.0,80.69,91.34,19912.12,0.0,888.55,231.89,1120.44,264,295796.16,97.31
2022-08,Ukraine War Shock,Etihad Airways,EY,Abu Dhabi,Chicago,Boeing 787-9,11025,11025.0,0.0,No,No,218.0,98.19,113.29,24697.22,0.0,1102.08,356.73,1458.81,240,350114.4,97.82
2022-09,Ukraine War Shock,Etihad Airways,EY,Abu Dhabi,Chicago,Boeing 787-9,11025,11025.0,0.0,No,No,218.0,85.18,103.43,22547.74,0.0,1006.16,297.33,1303.49,249,324569.01,97.61
2022-10,Ukraine War Shock,Etihad Airways,EY,Abu Dhabi,Chicago,Boeing 787-9,11025,11025.0,0.0,No,No,218.0,93.25,107.45,23424.1,0.0,1045.27,320.9,1366.17,233,318317.61,97.7
2022-11,Ukraine War Shock,Etihad Airways,EY,Abu Dhabi,Chicago,Boeing 787-9,11025,11025.0,0.0,No,No,218.0,86.23,101.05,22028.9,0.0,983.01,283.81,1266.82,238,301503.16,97.56
2022-12,Ukraine War Shock,Etihad Airways,EY,Abu Dhabi,Chicago,Boeing 787-9,11025,11025.0,0.0,No,No,218.0,90.4,107.6,23456.8,0.0,1046.73,321.79,1368.52,254,347604.08,97.7
2023-01,Stabilisation,Etihad Airways,EY,Abu Dhabi,Chicago,Boeing 787-9,11025,11025.0,0.0,No,No,218.0,84.29,97.47,21248.46,0.0,948.18,264.05,1212.23,237,287298.51,97.47
2023-02,Stabilisation,Etihad Airways,EY,Abu Dhabi,Chicago,Boeing 787-9,11025,11025.0,0.0,No,No,218.0,78.14,95.11,20733.98,0.0,925.22,251.42,1176.64,247,290630.08,97.41
2023-03,Stabilisation,Etihad Airways,EY,Abu Dhabi,Chicago,Boeing 787-9,11025,11025.0,0.0,No,No,218.0,91.48,111.26,24254.68,0.0,1082.33,344.06,1426.39,265,377993.35,97.78
2023-04,Stabilisation,Etihad Airways,EY,Abu Dhabi,Chicago,Boeing 787-9,11025,11025.0,0.0,No,No,218.0,88.18,100.98,22013.64,0.0,982.33,283.42,1265.75,282,356941.5,97.56
2023-05,Stabilisation,Etihad Airways,EY,Abu Dhabi,Chicago,Boeing 787-9,11025,11025.0,0.0,No,No,218.0,90.97,106.41,23197.38,0.0,1035.15,314.72,1349.87,276,372564.12,97.68
2023-06,Stabilisation,Etihad Airways,EY,Abu Dhabi,Chicago,Boeing 787-9,11025,11025.0,0.0,No,No,218.0,90.21,103.75,22617.5,0.0,1009.27,299.18,1308.45,278,363749.1,97.62
2023-07,Stabilisation,Etihad Airways,EY,Abu Dhabi,Chicago,Boeing 787-9,11025,11025.0,0.0,No,No,218.0,85.16,97.8,21320.4,0.0,951.39,265.85,1217.24,278,338392.72,97.48
2023-08,Stabilisation,Etihad Airways,EY,Abu Dhabi,Chicago,Boeing 787-9,11025,11025.0,0.0,No,No,218.0,90.67,101.88,22209.84,0.0,991.08,288.49,1279.57,228,291741.96,97.58
2023-09,Stabilisation,Etihad Airways,EY,Abu Dhabi,Chicago,Boeing 787-9,11025,11025.0,0.0,No,No,218.0,76.5,90.34,19694.12,0.0,878.82,226.84,1105.66,280,309584.8,97.28
2023-10,Gaza-Israel Conflict,Etihad Airways,EY,Abu Dhabi,Chicago,Boeing 787-9,11025,11025.0,0.0,No,No,218.0,78.33,91.67,19984.06,0.0,891.76,233.56,1125.32,226,254322.32,97.32
2023-11,Gaza-Israel Conflict,Etihad Airways,EY,Abu Dhabi,Chicago,Boeing 787-9,11025,11025.0,0.0,No,No,218.0,75.77,85.25,18584.5,0.0,829.31,202.0,1031.31,274,282578.94,97.12
2023-12,Gaza-Israel Conflict,Etihad Airways,EY,Abu Dhabi,Chicago,Boeing 787-9,11025,11025.0,0.0,No,No,218.0,80.53,92.44,20151.92,0.0,899.25,237.5,1136.75,253,287597.75,97.34
2024-01,Gaza-Israel Conflict,Etihad Airways,EY,Abu Dhabi,Chicago,Boeing 787-9,11025,11025.0,0.0,No,No,218.0,84.61,102.45,22334.1,0.0,996.63,291.73,1288.36,272,350433.92,97.59
2024-02,Gaza-Israel Conflict,Etihad Airways,EY,Abu Dhabi,Chicago,Boeing 787-9,11025,11025.0,0.0,No,No,218.0,82.61,94.5,20601.0,0.0,919.29,248.21,1167.5,283,330402.5,97.39
2024-03,Gaza-Israel Conflict,Etihad Airways,EY,Abu Dhabi,Chicago,Boeing 787-9,11025,11025.0,0.0,No,No,218.0,92.09,104.48,22776.64,0.0,1016.38,303.4,1319.78,275,362939.5,97.64
2024-04,Gaza-Israel Conflict,Etihad Airways,EY,Abu Dhabi,Chicago,Boeing 787-9,11025,11025.0,0.0,No,No,218.0,84.06,98.26,21420.68,0.0,955.87,268.35,1224.22,271,331763.62,97.49
2024-05,Gaza-Israel Conflict,Etihad Airways,EY,Abu Dhabi,Chicago,Boeing 787-9,11025,11025.0,0.0,No,No,218.0,82.78,100.87,21989.66,0.0,981.26,282.8,1264.06,225,284413.5,97.55
2024-06,Gaza-Israel Conflict,Etihad Airways,EY,Abu Dhabi,Chicago,Boeing 787-9,11025,11025.0,0.0,No,No,218.0,87.23,99.81,21758.58,0.0,970.95,276.89,1247.84,274,341908.16,97.53
2024-07,Gaza-Israel Conflict,Etihad Airways,EY,Abu Dhabi,Chicago,Boeing 787-9,11025,11025.0,0.0,No,No,218.0,80.4,95.45,20808.1,0.0,928.53,253.22,1181.75,222,262348.5,97.42
2024-08,Gaza-Israel Conflict,Etihad Airways,EY,Abu Dhabi,Chicago,Boeing 787-9,11025,11025.0,0.0,No,No,218.0,91.64,109.62,23897.16,0.0,1066.38,333.99,1400.37,248,347291.76,97.75
2024-09,Gaza-Israel Conflict,Etihad Airways,EY,Abu Dhabi,Chicago,Boeing 787-9,11025,11025.0,0.0,No,No,218.0,79.27,90.67,19766.06,0.0,882.03,228.5,1110.53,247,274300.91,97.29
2024-10,Gaza-Israel Conflict,Etihad Airways,EY,Abu Dhabi,Chicago,Boeing 787-9,11025,11025.0,0.0,No,No,218.0,94.78,113.06,24647.08,0.0,1099.84,355.28,1455.12,248,360869.76,97.81
2024-11,Gaza-Israel Conflict,Etihad Airways,EY,Abu Dhabi,Chicago,Boeing 787-9,11025,11025.0,0.0,No,No,218.0,91.13,105.42,22981.56,0.0,1025.52,308.89,1334.41,264,352284.24,97.66
2024-12,Pre-Iran Escalation,Etihad Airways,EY,Abu Dhabi,Chicago,Boeing 787-9,11025,11025.0,0.0,No,No,218.0,81.38,96.29,20991.22,0.0,936.7,257.7,1194.4,239,285461.6,97.44
2025-01,Pre-Iran Escalation,Etihad Airways,EY,Abu Dhabi,Chicago,Boeing 787-9,11025,11025.0,0.0,No,No,218.0,85.13,100.74,21961.32,0.0,979.99,282.07,1262.06,244,307942.64,97.55
2025-02,Pre-Iran Escalation,Etihad Airways,EY,Abu Dhabi,Chicago,Boeing 787-9,11025,11025.0,0.0,No,No,218.0,103.76,121.77,26545.86,0.0,1184.57,412.13,1596.7,259,413545.3,97.97
2025-03,Pre-Iran Escalation,Etihad Airways,EY,Abu Dhabi,Chicago,Boeing 787-9,11025,11025.0,0.0,No,No,218.0,101.26,114.33,24923.94,0.0,1112.2,363.31,1475.51,261,385108.11,97.84
2025-04,Pre-Iran Escalation,Etihad Airways,EY,Abu Dhabi,Chicago,Boeing 787-9,11025,11025.0,0.0,No,No,218.0,101.77,122.48,26700.64,0.0,1191.48,416.95,1608.43,242,389240.06,97.98
2025-05,Pre-Iran Escalation,Etihad Airways,EY,Abu Dhabi,Chicago,Boeing 787-9,11025,11025.0,0.0,No,No,218.0,102.74,118.36,25802.48,0.0,1151.4,389.37,1540.77,213,328184.01,97.91
2025-06,Pre-Iran Escalation,Etihad Airways,EY,Abu Dhabi,Chicago,Boeing 787-9,11025,11025.0,0.0,No,No,218.0,86.7,98.72,21520.96,0.0,960.34,270.87,1231.21,229,281947.09,97.5
2025-07,Pre-Iran Escalation,Etihad Airways,EY,Abu Dhabi,Chicago,Boeing 787-9,11025,11025.0,0.0,No,No,218.0,93.24,104.81,22848.58,0.0,1019.59,305.32,1324.91,280,370974.8,97.64
2025-08,Pre-Iran Escalation,Etihad Airways,EY,Abu Dhabi,Chicago,Boeing 787-9,11025,11025.0,0.0,No,No,218.0,87.66,103.36,22532.48,0.0,1005.48,296.93,1302.41,279,363372.39,97.61
2025-09,Pre-Iran Escalation,Etihad Airways,EY,Abu Dhabi,Chicago,Boeing 787-9,11025,11025.0,0.0,No,No,218.0,104.85,124.54,27149.72,0.0,1211.52,431.09,1642.61,258,423793.38,98.01
2025-10,Pre-Iran Escalation,Etihad Airways,EY,Abu Dhabi,Chicago,Boeing 787-9,11025,11025.0,0.0,No,No,218.0,99.34,111.43,24291.74,0.0,1083.98,345.11,1429.09,223,318687.07,97.78
2025-11,Pre-Iran Escalation,Etihad Airways,EY,Abu Dhabi,Chicago,Boeing 787-9,11025,11025.0,0.0,No,No,218.0,92.61,108.47,23646.46,0.0,1055.19,327.02,1382.21,217,299939.57,97.72
2025-12,US-Iran War Conflict,Etihad Airways,EY,Abu Dhabi,Chicago,Boeing 787-9,11025,13687.0,2662.0,Yes,No,270.6,122.22,139.65,37789.29,9124.27,1358.51,542.05,1900.56,275,522654.0,98.56
2026-01,US-Iran War Conflict,Etihad Airways,EY,Abu Dhabi,Chicago,Boeing 787-9,11025,12653.0,1628.0,Yes,No,250.2,130.88,155.03,38788.51,5727.68,1508.12,668.01,2176.13,257,559265.41,98.6
2026-02,US-Iran War Conflict,Etihad Airways,EY,Abu Dhabi,Chicago,Boeing 787-9,11025,13620.0,2595.0,Yes,Yes,269.3,155.73,177.13,47701.11,11227.61,1723.11,775.4,2498.51,0,0.0,98.86
2026-03,US-Iran War Conflict,Etihad Airways,EY,Abu Dhabi,Chicago,Boeing 787-9,11025,13100.0,2075.0,Yes,Yes,259.0,169.08,201.05,52071.95,9800.39,1955.8,880.11,2835.91,0,0.0,98.95
2026-04,De-escalation & Negotiations,Etihad Airways,EY,Abu Dhabi,Chicago,Boeing 787-9,11025,11781.0,756.0,Yes,No,232.9,111.38,129.05,30055.75,2060.97,1255.39,462.88,1718.27,231,396920.37,98.2
2026-05,De-escalation & Negotiations,Etihad Airways,EY,Abu Dhabi,Chicago,Boeing 787-9,11025,11870.0,845.0,Yes,No,234.7,104.87,127.28,29872.62,2289.56,1238.17,450.27,1688.44,225,379899.0,98.19
2026-06,De-escalation & Negotiations,Etihad Airways,EY,Abu Dhabi,Chicago,Boeing 787-9,11025,11296.0,271.0,Yes,No,223.4,92.83,105.25,23512.85,577.96,1023.87,307.89,1331.76,217,288991.92,97.71
2019-01,Pre-Pandemic Baseline,Saudia,SV,Riyadh,London,Boeing 787-10,4666,4666.0,0.0,No,No,105.0,63.0,71.31,7487.55,0.0,293.59,59.82,353.41,218,77043.38,96.98
2019-02,Pre-Pandemic Baseline,Saudia,SV,Riyadh,London,Boeing 787-10,4666,4666.0,0.0,No,No,105.0,67.61,80.55,8457.75,0.0,331.63,76.32,407.95,267,108922.65,97.32
2019-03,Pre-Pandemic Baseline,Saudia,SV,Riyadh,London,Boeing 787-10,4666,4666.0,0.0,No,No,105.0,65.86,78.77,8270.85,0.0,324.3,72.99,397.29,230,91376.7,97.26
2019-04,Pre-Pandemic Baseline,Saudia,SV,Riyadh,London,Boeing 787-10,4666,4666.0,0.0,No,No,105.0,64.79,76.2,8001.0,0.0,313.72,68.3,382.02,275,105055.5,97.17
2019-05,Pre-Pandemic Baseline,Saudia,SV,Riyadh,London,Boeing 787-10,4666,4666.0,0.0,No,No,105.0,61.25,73.32,7698.6,0.0,301.86,63.24,365.1,274,100037.4,97.06
2019-06,Pre-Pandemic Baseline,Saudia,SV,Riyadh,London,Boeing 787-10,4666,4666.0,0.0,No,No,105.0,61.25,71.62,7520.1,0.0,294.86,60.34,355.2,218,77433.6,96.99
2019-07,Pre-Pandemic Baseline,Saudia,SV,Riyadh,London,Boeing 787-10,4666,4666.0,0.0,No,No,105.0,60.46,70.88,7442.4,0.0,291.82,59.1,350.92,249,87379.08,96.96
2019-08,Pre-Pandemic Baseline,Saudia,SV,Riyadh,London,Boeing 787-10,4666,4666.0,0.0,No,No,105.0,66.93,77.82,8171.1,0.0,320.39,71.24,391.63,265,103781.95,97.22
2019-09,Pre-Pandemic Baseline,Saudia,SV,Riyadh,London,Boeing 787-10,4666,4666.0,0.0,No,No,105.0,64.81,72.75,7638.75,0.0,299.52,62.26,361.78,261,94424.58,97.04
2019-10,Pre-Pandemic Baseline,Saudia,SV,Riyadh,London,Boeing 787-10,4666,4666.0,0.0,No,No,105.0,65.66,74.25,7796.25,0.0,305.69,64.85,370.54,217,80407.18,97.09
2019-11,Pre-Pandemic Baseline,Saudia,SV,Riyadh,London,Boeing 787-10,4666,4666.0,0.0,No,No,105.0,60.16,67.57,7094.85,0.0,278.19,53.71,331.9,234,77664.6,96.82
2019-12,Pre-Pandemic Baseline,Saudia,SV,Riyadh,London,Boeing 787-10,4666,4666.0,0.0,No,No,105.0,67.76,80.2,8421.0,0.0,330.19,75.66,405.85,255,103491.75,97.3
2020-01,Pre-Pandemic Baseline,Saudia,SV,Riyadh,London,Boeing 787-10,4666,4666.0,0.0,No,No,105.0,66.66,76.75,8058.75,0.0,315.98,69.29,385.27,253,97473.31,97.19
2020-02,Pre-Pandemic Baseline,Saudia,SV,Riyadh,London,Boeing 787-10,4666,4666.0,0.0,No,No,105.0,61.7,72.24,7585.2,0.0,297.42,61.39,358.81,271,97237.51,97.02
2020-03,COVID-19 Collapse,Saudia,SV,Riyadh,London,Boeing 787-10,4666,4666.0,0.0,No,No,105.0,20.55,24.88,2612.4,0.0,102.43,7.28,109.71,214,23477.94,91.8
2020-04,COVID-19 Collapse,Saudia,SV,Riyadh,London,Boeing 787-10,4666,4666.0,0.0,No,No,105.0,20.57,23.55,2472.75,0.0,96.96,6.52,103.48,246,25456.08,91.38
2020-05,COVID-19 Collapse,Saudia,SV,Riyadh,London,Boeing 787-10,4666,4666.0,0.0,No,No,105.0,22.26,25.84,2713.2,0.0,106.38,7.85,114.23,273,31184.79,92.08
2020-06,COVID-19 Collapse,Saudia,SV,Riyadh,London,Boeing 787-10,4666,4666.0,0.0,No,No,105.0,45.35,54.22,5693.1,0.0,223.23,34.58,257.81,284,73218.04,96.06
2020-07,COVID-19 Collapse,Saudia,SV,Riyadh,London,Boeing 787-10,4666,4666.0,0.0,No,No,105.0,44.05,50.34,5285.7,0.0,207.25,29.81,237.06,219,51916.14,95.77
2020-08,COVID-19 Collapse,Saudia,SV,Riyadh,London,Boeing 787-10,4666,4666.0,0.0,No,No,105.0,42.08,47.45,4982.25,0.0,195.35,26.48,221.83,258,57232.14,95.53
2020-09,COVID-19 Collapse,Saudia,SV,Riyadh,London,Boeing 787-10,4666,4666.0,0.0,No,No,105.0,46.57,53.51,5618.55,0.0,220.3,33.68,253.98,210,53335.8,96.01
2020-10,COVID-19 Collapse,Saudia,SV,Riyadh,London,Boeing 787-10,4666,4666.0,0.0,No,No,105.0,39.95,45.39,4765.95,0.0,186.87,24.23,211.1,236,49819.6,95.33
2020-11,COVID-19 Collapse,Saudia,SV,Riyadh,London,Boeing 787-10,4666,4666.0,0.0,No,No,105.0,42.09,51.05,5360.25,0.0,210.18,30.66,240.84,243,58524.12,95.83
2020-12,COVID-19 Collapse,Saudia,SV,Riyadh,London,Boeing 787-10,4666,4666.0,0.0,No,No,105.0,43.13,51.79,5437.95,0.0,213.22,31.55,244.77,235,57520.95,95.89
2021-01,COVID-19 Collapse,Saudia,SV,Riyadh,London,Boeing 787-10,4666,4666.0,0.0,No,No,105.0,75.49,89.33,9379.65,0.0,367.78,93.87,461.65,256,118182.4,97.57
2021-02,COVID-19 Collapse,Saudia,SV,Riyadh,London,Boeing 787-10,4666,4666.0,0.0,No,No,105.0,83.06,100.27,10528.35,0.0,412.82,118.27,531.09,211,112059.99,97.83
2021-03,COVID-19 Collapse,Saudia,SV,Riyadh,London,Boeing 787-10,4666,4666.0,0.0,No,No,105.0,69.59,83.53,8770.65,0.0,343.9,82.07,425.97,278,118419.66,97.41
2021-04,COVID-19 Collapse,Saudia,SV,Riyadh,London,Boeing 787-10,4666,4666.0,0.0,No,No,105.0,76.83,87.48,9185.4,0.0,360.16,90.02,450.18,233,104891.94,97.52
2021-05,COVID-19 Collapse,Saudia,SV,Riyadh,London,Boeing 787-10,4666,4666.0,0.0,No,No,105.0,78.63,95.08,9983.4,0.0,391.45,106.34,497.79,221,110011.59,97.72
2021-06,Recovery & Surge,Saudia,SV,Riyadh,London,Boeing 787-10,4666,4666.0,0.0,No,No,105.0,66.07,77.56,8143.8,0.0,319.32,70.76,390.08,242,94399.36,97.22
2021-07,Recovery & Surge,Saudia,SV,Riyadh,London,Boeing 787-10,4666,4666.0,0.0,No,No,105.0,78.97,94.82,9956.1,0.0,390.38,105.76,496.14,248,123042.72,97.71
2021-08,Recovery & Surge,Saudia,SV,Riyadh,London,Boeing 787-10,4666,4666.0,0.0,No,No,105.0,68.92,83.37,8753.85,0.0,343.24,81.76,425.0,213,90525.0,97.4
2021-09,Recovery & Surge,Saudia,SV,Riyadh,London,Boeing 787-10,4666,4666.0,0.0,No,No,105.0,66.5,76.59,8041.95,0.0,315.33,69.0,384.33,269,103384.77,97.18
2021-10,Recovery & Surge,Saudia,SV,Riyadh,London,Boeing 787-10,4666,4666.0,0.0,No,No,105.0,86.82,98.19,10309.95,0.0,404.25,113.41,517.66,265,137179.9,97.79
2021-11,Recovery & Surge,Saudia,SV,Riyadh,London,Boeing 787-10,4666,4666.0,0.0,No,No,105.0,87.21,99.66,10464.3,0.0,410.31,116.83,527.14,248,130730.72,97.82
2021-12,Recovery & Surge,Saudia,SV,Riyadh,London,Boeing 787-10,4666,4666.0,0.0,No,No,105.0,83.59,97.19,10204.95,0.0,400.14,111.11,511.25,223,114008.75,97.76
2022-01,Recovery & Surge,Saudia,SV,Riyadh,London,Boeing 787-10,4666,4666.0,0.0,No,No,105.0,72.01,86.54,9086.7,0.0,356.29,88.1,444.39,279,123984.81,97.5
2022-02,Recovery & Surge,Saudia,SV,Riyadh,London,Boeing 787-10,4666,4666.0,0.0,No,No,105.0,67.25,81.11,8516.55,0.0,333.93,77.39,411.32,269,110645.08,97.33
2022-03,Ukraine War Shock,Saudia,SV,Riyadh,London,Boeing 787-10,4666,4666.0,0.0,No,No,105.0,117.58,131.77,13835.85,0.0,542.5,204.24,746.74,227,169509.98,98.34
2022-04,Ukraine War Shock,Saudia,SV,Riyadh,London,Boeing 787-10,4666,4666.0,0.0,No,No,105.0,109.53,128.27,13468.35,0.0,528.1,193.54,721.64,265,191234.6,98.3
2022-05,Ukraine War Shock,Saudia,SV,Riyadh,London,Boeing 787-10,4666,4666.0,0.0,No,No,105.0,99.03,115.05,12080.25,0.0,473.67,155.7,629.37,217,136573.29,98.11
2022-06,Ukraine War Shock,Saudia,SV,Riyadh,London,Boeing 787-10,4666,4666.0,0.0,No,No,105.0,111.34,127.17,13352.85,0.0,523.57,190.24,713.81,218,155610.58,98.28
2022-07,Ukraine War Shock,Saudia,SV,Riyadh,London,Boeing 787-10,4666,4666.0,0.0,No,No,105.0,80.69,91.34,9590.7,0.0,376.05,98.14,474.19,243,115228.17,97.63
2022-08,Ukraine War Shock,Saudia,SV,Riyadh,London,Boeing 787-10,4666,4666.0,0.0,No,No,105.0,98.19,113.29,11895.45,0.0,466.42,150.97,617.39,262,161756.18,98.08
2022-09,Ukraine War Shock,Saudia,SV,Riyadh,London,Boeing 787-10,4666,4666.0,0.0,No,No,105.0,85.18,103.43,10860.15,0.0,425.83,125.84,551.67,278,153364.26,97.9
2022-10,Ukraine War Shock,Saudia,SV,Riyadh,London,Boeing 787-10,4666,4666.0,0.0,No,No,105.0,93.25,107.45,11282.25,0.0,442.38,135.81,578.19,282,163049.58,97.97
2022-11,Ukraine War Shock,Saudia,SV,Riyadh,London,Boeing 787-10,4666,4666.0,0.0,No,No,105.0,86.23,101.05,10610.25,0.0,416.03,120.11,536.14,261,139932.54,97.85
2022-12,Ukraine War Shock,Saudia,SV,Riyadh,London,Boeing 787-10,4666,4666.0,0.0,No,No,105.0,90.4,107.6,11298.0,0.0,443.0,136.19,579.19,268,155222.92,97.98
2023-01,Stabilisation,Saudia,SV,Riyadh,London,Boeing 787-10,4666,4666.0,0.0,No,No,105.0,84.29,97.47,10234.35,0.0,401.29,111.75,513.04,248,127233.92,97.77
2023-02,Stabilisation,Saudia,SV,Riyadh,London,Boeing 787-10,4666,4666.0,0.0,No,No,105.0,78.14,95.11,9986.55,0.0,391.57,106.41,497.98,214,106567.72,97.72
2023-03,Stabilisation,Saudia,SV,Riyadh,London,Boeing 787-10,4666,4666.0,0.0,No,No,105.0,91.48,111.26,11682.3,0.0,458.06,145.61,603.67,219,132203.73,98.04
2023-04,Stabilisation,Saudia,SV,Riyadh,London,Boeing 787-10,4666,4666.0,0.0,No,No,105.0,88.18,100.98,10602.9,0.0,415.74,119.95,535.69,282,151064.58,97.85
2023-05,Stabilisation,Saudia,SV,Riyadh,London,Boeing 787-10,4666,4666.0,0.0,No,No,105.0,90.97,106.41,11173.05,0.0,438.1,133.19,571.29,239,136538.31,97.95
2023-06,Stabilisation,Saudia,SV,Riyadh,London,Boeing 787-10,4666,4666.0,0.0,No,No,105.0,90.21,103.75,10893.75,0.0,427.14,126.62,553.76,267,147853.92,97.9
2023-07,Stabilisation,Saudia,SV,Riyadh,London,Boeing 787-10,4666,4666.0,0.0,No,No,105.0,85.16,97.8,10269.0,0.0,402.65,112.51,515.16,226,116426.16,97.78
2023-08,Stabilisation,Saudia,SV,Riyadh,London,Boeing 787-10,4666,4666.0,0.0,No,No,105.0,90.67,101.88,10697.4,0.0,419.45,122.1,541.55,249,134845.95,97.87
2023-09,Stabilisation,Saudia,SV,Riyadh,London,Boeing 787-10,4666,4666.0,0.0,No,No,105.0,76.5,90.34,9485.7,0.0,371.94,96.0,467.94,221,103414.74,97.6
2023-10,Gaza-Israel Conflict,Saudia,SV,Riyadh,London,Boeing 787-10,4666,4666.0,0.0,No,No,105.0,78.33,91.67,9625.35,0.0,377.41,98.85,476.26,270,128590.2,97.63
2023-11,Gaza-Israel Conflict,Saudia,SV,Riyadh,London,Boeing 787-10,4666,4666.0,0.0,No,No,105.0,75.77,85.25,8951.25,0.0,350.98,85.49,436.47,222,96896.34,97.46
2023-12,Gaza-Israel Conflict,Saudia,SV,Riyadh,London,Boeing 787-10,4666,4666.0,0.0,No,No,105.0,80.53,92.44,9706.2,0.0,380.58,100.52,481.1,262,126048.2,97.65
2024-01,Gaza-Israel Conflict,Saudia,SV,Riyadh,London,Boeing 787-10,4666,4666.0,0.0,No,No,105.0,84.61,102.45,10757.25,0.0,421.79,123.46,545.25,221,120500.25,97.88
2024-02,Gaza-Israel Conflict,Saudia,SV,Riyadh,London,Boeing 787-10,4666,4666.0,0.0,No,No,105.0,82.61,94.5,9922.5,0.0,389.06,105.05,494.11,271,133903.81,97.7
2024-03,Gaza-Israel Conflict,Saudia,SV,Riyadh,London,Boeing 787-10,4666,4666.0,0.0,No,No,105.0,92.09,104.48,10970.4,0.0,430.15,128.41,558.56,247,137964.32,97.92
2024-04,Gaza-Israel Conflict,Saudia,SV,Riyadh,London,Boeing 787-10,4666,4666.0,0.0,No,No,105.0,84.06,98.26,10317.3,0.0,404.54,113.57,518.11,240,124346.4,97.79
2024-05,Gaza-Israel Conflict,Saudia,SV,Riyadh,London,Boeing 787-10,4666,4666.0,0.0,No,No,105.0,82.78,100.87,10591.35,0.0,415.29,119.69,534.98,235,125720.3,97.84
2024-06,Gaza-Israel Conflict,Saudia,SV,Riyadh,London,Boeing 787-10,4666,4666.0,0.0,No,No,105.0,87.23,99.81,10480.05,0.0,410.92,117.18,528.1,261,137834.1,97.82
2024-07,Gaza-Israel Conflict,Saudia,SV,Riyadh,London,Boeing 787-10,4666,4666.0,0.0,No,No,105.0,80.4,95.45,10022.25,0.0,392.97,107.17,500.14,216,108030.24,97.73
2024-08,Gaza-Israel Conflict,Saudia,SV,Riyadh,London,Boeing 787-10,4666,4666.0,0.0,No,No,105.0,91.64,109.62,11510.1,0.0,451.31,141.35,592.66,274,162388.84,98.01
2024-09,Gaza-Israel Conflict,Saudia,SV,Riyadh,London,Boeing 787-10,4666,4666.0,0.0,No,No,105.0,79.27,90.67,9520.35,0.0,373.29,96.7,469.99,267,125487.33,97.61
2024-10,Gaza-Israel Conflict,Saudia,SV,Riyadh,London,Boeing 787-10,4666,4666.0,0.0,No,No,105.0,94.78,113.06,11871.3,0.0,465.47,150.36,615.83,237,145951.71,98.07
2024-11,Gaza-Israel Conflict,Saudia,SV,Riyadh,London,Boeing 787-10,4666,4666.0,0.0,No,No,105.0,91.13,105.42,11069.1,0.0,434.02,130.73,564.75,283,159824.25,97.94
2024-12,Pre-Iran Escalation,Saudia,SV,Riyadh,London,Boeing 787-10,4666,4666.0,0.0,No,No,105.0,81.38,96.29,10110.45,0.0,396.43,109.06,505.49,272,137493.28,97.74
2025-01,Pre-Iran Escalation,Saudia,SV,Riyadh,London,Boeing 787-10,4666,4666.0,0.0,No,No,105.0,85.13,100.74,10577.7,0.0,414.75,119.38,534.13,230,122849.9,97.84
2025-02,Pre-Iran Escalation,Saudia,SV,Riyadh,London,Boeing 787-10,4666,4666.0,0.0,No,No,105.0,103.76,121.77,12785.85,0.0,501.33,174.42,675.75,276,186507.0,98.21
2025-03,Pre-Iran Escalation,Saudia,SV,Riyadh,London,Boeing 787-10,4666,4666.0,0.0,No,No,105.0,101.26,114.33,12004.65,0.0,470.7,153.76,624.46,217,135507.82,98.09
2025-04,Pre-Iran Escalation,Saudia,SV,Riyadh,London,Boeing 787-10,4666,4666.0,0.0,No,No,105.0,101.77,122.48,12860.4,0.0,504.26,176.46,680.72,261,177667.92,98.22
2025-05,Pre-Iran Escalation,Saudia,SV,Riyadh,London,Boeing 787-10,4666,4666.0,0.0,No,No,105.0,102.74,118.36,12427.8,0.0,487.3,164.79,652.09,219,142807.71,98.16
2025-06,Pre-Iran Escalation,Saudia,SV,Riyadh,London,Boeing 787-10,4666,4666.0,0.0,No,No,105.0,86.7,98.72,10365.6,0.0,406.44,114.64,521.08,283,147465.64,97.8
2025-07,Pre-Iran Escalation,Saudia,SV,Riyadh,London,Boeing 787-10,4666,4666.0,0.0,No,No,105.0,93.24,104.81,11005.05,0.0,431.51,129.22,560.73,213,119435.49,97.92
2025-08,Pre-Iran Escalation,Saudia,SV,Riyadh,London,Boeing 787-10,4666,4666.0,0.0,No,No,105.0,87.66,103.36,10852.8,0.0,425.54,125.67,551.21,227,125124.67,97.9
2025-09,Pre-Iran Escalation,Saudia,SV,Riyadh,London,Boeing 787-10,4666,4666.0,0.0,No,No,105.0,104.85,124.54,13076.7,0.0,512.74,182.45,695.19,249,173102.31,98.25
2025-10,Pre-Iran Escalation,Saudia,SV,Riyadh,London,Boeing 787-10,4666,4666.0,0.0,No,No,105.0,99.34,111.43,11700.15,0.0,458.76,146.06,604.82,253,153019.46,98.04
2025-11,Pre-Iran Escalation,Saudia,SV,Riyadh,London,Boeing 787-10,4666,4666.0,0.0,No,No,105.0,92.61,108.47,11389.35,0.0,446.58,138.4,584.98,248,145075.04,97.99
2025-12,US-Iran War Conflict,Saudia,SV,Riyadh,London,Boeing 787-10,4666,5626.0,960.0,Yes,No,126.6,122.22,139.65,17679.69,3637.48,574.95,229.41,804.36,210,168915.6,98.7
2026-01,US-Iran War Conflict,Saudia,SV,Riyadh,London,Boeing 787-10,4666,5487.0,821.0,Yes,No,123.5,130.88,155.03,19146.21,3368.85,638.27,282.72,920.99,256,235773.44,98.8
2026-02,US-Iran War Conflict,Saudia,SV,Riyadh,London,Boeing 787-10,4666,5205.0,539.0,Yes,Yes,117.1,155.73,177.13,20741.92,2396.03,729.25,328.16,1057.41,0,0.0,98.89
2026-03,US-Iran War Conflict,Saudia,SV,Riyadh,London,Boeing 787-10,4666,5558.0,892.0,Yes,Yes,125.1,169.08,201.05,25151.35,4808.19,827.73,372.48,1200.21,0,0.0,99.08
2026-04,De-escalation & Negotiations,Saudia,SV,Riyadh,London,Boeing 787-10,4666,4797.0,131.0,Yes,No,108.0,111.38,129.05,13937.4,391.3,531.31,195.9,727.21,241,175257.61,98.35
2026-05,De-escalation & Negotiations,Saudia,SV,Riyadh,London,Boeing 787-10,4666,4802.0,136.0,Yes,No,108.1,104.87,127.28,13758.97,401.03,524.02,190.56,714.58,267,190792.86,98.33
2026-06,De-escalation & Negotiations,Saudia,SV,Riyadh,London,Boeing 787-10,4666,4915.0,249.0,Yes,No,110.6,92.83,105.25,11640.65,621.2,433.32,130.31,563.63,221,124562.23,98.04
2019-01,Pre-Pandemic Baseline,Kuwait Airways,KU,Kuwait City,London,Boeing 777-300ER,4631,4631.0,0.0,No,No,104.0,63.0,71.31,7416.24,0.0,291.39,59.37,350.76,252,88391.52,96.97
2019-02,Pre-Pandemic Baseline,Kuwait Airways,KU,Kuwait City,London,Boeing 777-300ER,4631,4631.0,0.0,No,No,104.0,67.61,80.55,8377.2,0.0,329.14,75.75,404.89,277,112154.53,97.31
2019-03,Pre-Pandemic Baseline,Kuwait Airways,KU,Kuwait City,London,Boeing 777-300ER,4631,4631.0,0.0,No,No,104.0,65.86,78.77,8192.08,0.0,321.87,72.44,394.31,272,107252.32,97.25
2019-04,Pre-Pandemic Baseline,Kuwait Airways,KU,Kuwait City,London,Boeing 777-300ER,4631,4631.0,0.0,No,No,104.0,64.79,76.2,7924.8,0.0,311.37,67.79,379.16,276,104648.16,97.16
2019-05,Pre-Pandemic Baseline,Kuwait Airways,KU,Kuwait City,London,Boeing 777-300ER,4631,4631.0,0.0,No,No,104.0,61.25,73.32,7625.28,0.0,299.6,62.76,362.36,278,100736.08,97.05
2019-06,Pre-Pandemic Baseline,Kuwait Airways,KU,Kuwait City,London,Boeing 777-300ER,4631,4631.0,0.0,No,No,104.0,61.25,71.62,7448.48,0.0,292.65,59.88,352.53,224,78966.72,96.99
2019-07,Pre-Pandemic Baseline,Kuwait Airways,KU,Kuwait City,London,Boeing 777-300ER,4631,4631.0,0.0,No,No,104.0,60.46,70.88,7371.52,0.0,289.63,58.65,348.28,263,91597.64,96.95
2019-08,Pre-Pandemic Baseline,Kuwait Airways,KU,Kuwait City,London,Boeing 777-300ER,4631,4631.0,0.0,No,No,104.0,66.93,77.82,8093.28,0.0,317.99,70.7,388.69,258,100282.02,97.22
2019-09,Pre-Pandemic Baseline,Kuwait Airways,KU,Kuwait City,London,Boeing 777-300ER,4631,4631.0,0.0,No,No,104.0,64.81,72.75,7566.0,0.0,297.27,61.79,359.06,212,76120.72,97.03
2019-10,Pre-Pandemic Baseline,Kuwait Airways,KU,Kuwait City,London,Boeing 777-300ER,4631,4631.0,0.0,No,No,104.0,65.66,74.25,7722.0,0.0,303.4,64.36,367.76,268,98559.68,97.09
2019-11,Pre-Pandemic Baseline,Kuwait Airways,KU,Kuwait City,London,Boeing 777-300ER,4631,4631.0,0.0,No,No,104.0,60.16,67.57,7027.28,0.0,276.1,53.3,329.4,225,74115.0,96.81
2019-12,Pre-Pandemic Baseline,Kuwait Airways,KU,Kuwait City,London,Boeing 777-300ER,4631,4631.0,0.0,No,No,104.0,67.76,80.2,8340.8,0.0,327.71,75.09,402.8,278,111978.4,97.3
2020-01,Pre-Pandemic Baseline,Kuwait Airways,KU,Kuwait City,London,Boeing 777-300ER,4631,4631.0,0.0,No,No,104.0,66.66,76.75,7982.0,0.0,313.61,68.77,382.38,272,104007.36,97.18
2020-02,Pre-Pandemic Baseline,Kuwait Airways,KU,Kuwait City,London,Boeing 777-300ER,4631,4631.0,0.0,No,No,104.0,61.7,72.24,7512.96,0.0,295.19,60.93,356.12,267,95084.04,97.01
2020-03,COVID-19 Collapse,Kuwait Airways,KU,Kuwait City,London,Boeing 777-300ER,4631,4631.0,0.0,No,No,104.0,20.55,24.88,2587.52,0.0,101.66,7.23,108.89,262,28529.18,91.79
2020-04,COVID-19 Collapse,Kuwait Airways,KU,Kuwait City,London,Boeing 777-300ER,4631,4631.0,0.0,No,No,104.0,20.57,23.55,2449.2,0.0,96.23,6.47,102.7,245,25161.5,91.36
2020-05,COVID-19 Collapse,Kuwait Airways,KU,Kuwait City,London,Boeing 777-300ER,4631,4631.0,0.0,No,No,104.0,22.26,25.84,2687.36,0.0,105.59,7.8,113.39,269,30501.91,92.07
2020-06,COVID-19 Collapse,Kuwait Airways,KU,Kuwait City,London,Boeing 777-300ER,4631,4631.0,0.0,No,No,104.0,45.35,54.22,5638.88,0.0,221.55,34.32,255.87,271,69340.77,96.06
2020-07,COVID-19 Collapse,Kuwait Airways,KU,Kuwait City,London,Boeing 777-300ER,4631,4631.0,0.0,No,No,104.0,44.05,50.34,5235.36,0.0,205.7,29.59,235.29,217,51057.93,95.76
2020-08,COVID-19 Collapse,Kuwait Airways,KU,Kuwait City,London,Boeing 777-300ER,4631,4631.0,0.0,No,No,104.0,42.08,47.45,4934.8,0.0,193.89,26.29,220.18,234,51522.12,95.52
2020-09,COVID-19 Collapse,Kuwait Airways,KU,Kuwait City,London,Boeing 777-300ER,4631,4631.0,0.0,No,No,104.0,46.57,53.51,5565.04,0.0,218.65,33.43,252.08,233,58734.64,96.01
2020-10,COVID-19 Collapse,Kuwait Airways,KU,Kuwait City,London,Boeing 777-300ER,4631,4631.0,0.0,No,No,104.0,39.95,45.39,4720.56,0.0,185.47,24.05,209.52,219,45884.88,95.32
2020-11,COVID-19 Collapse,Kuwait Airways,KU,Kuwait City,London,Boeing 777-300ER,4631,4631.0,0.0,No,No,104.0,42.09,51.05,5309.2,0.0,208.6,30.43,239.03,283,67645.49,95.82
2020-12,COVID-19 Collapse,Kuwait Airways,KU,Kuwait City,London,Boeing 777-300ER,4631,4631.0,0.0,No,No,104.0,43.13,51.79,5386.16,0.0,211.62,31.31,242.93,253,61461.29,95.88
2021-01,COVID-19 Collapse,Kuwait Airways,KU,Kuwait City,London,Boeing 777-300ER,4631,4631.0,0.0,No,No,104.0,75.49,89.33,9290.32,0.0,365.02,93.16,458.18,254,116377.72,97.57
2021-02,COVID-19 Collapse,Kuwait Airways,KU,Kuwait City,London,Boeing 777-300ER,4631,4631.0,0.0,No,No,104.0,83.06,100.27,10428.08,0.0,409.72,117.38,527.1,238,125449.8,97.83
2021-03,COVID-19 Collapse,Kuwait Airways,KU,Kuwait City,London,Boeing 777-300ER,4631,4631.0,0.0,No,No,104.0,69.59,83.53,8687.12,0.0,341.32,81.46,422.78,267,112882.26,97.4
2021-04,COVID-19 Collapse,Kuwait Airways,KU,Kuwait City,London,Boeing 777-300ER,4631,4631.0,0.0,No,No,104.0,76.83,87.48,9097.92,0.0,357.46,89.34,446.8,245,109466.0,97.52
2021-05,COVID-19 Collapse,Kuwait Airways,KU,Kuwait City,London,Boeing 777-300ER,4631,4631.0,0.0,No,No,104.0,78.63,95.08,9888.32,0.0,388.51,105.54,494.05,265,130923.25,97.71
2021-06,Recovery & Surge,Kuwait Airways,KU,Kuwait City,London,Boeing 777-300ER,4631,4631.0,0.0,No,No,104.0,66.07,77.56,8066.24,0.0,316.92,70.23,387.15,275,106466.25,97.21
2021-07,Recovery & Surge,Kuwait Airways,KU,Kuwait City,London,Boeing 777-300ER,4631,4631.0,0.0,No,No,104.0,78.97,94.82,9861.28,0.0,387.45,104.97,492.42,259,127536.78,97.71
2021-08,Recovery & Surge,Kuwait Airways,KU,Kuwait City,London,Boeing 777-300ER,4631,4631.0,0.0,No,No,104.0,68.92,83.37,8670.48,0.0,340.66,81.15,421.81,256,107983.36,97.4
2021-09,Recovery & Surge,Kuwait Airways,KU,Kuwait City,London,Boeing 777-300ER,4631,4631.0,0.0,No,No,104.0,66.5,76.59,7965.36,0.0,312.96,68.48,381.44,269,102607.36,97.18
2021-10,Recovery & Surge,Kuwait Airways,KU,Kuwait City,London,Boeing 777-300ER,4631,4631.0,0.0,No,No,104.0,86.82,98.19,10211.76,0.0,401.22,112.56,513.78,247,126903.66,97.78
2021-11,Recovery & Surge,Kuwait Airways,KU,Kuwait City,London,Boeing 777-300ER,4631,4631.0,0.0,No,No,104.0,87.21,99.66,10364.64,0.0,407.23,115.96,523.19,270,141261.3,97.81
2021-12,Recovery & Surge,Kuwait Airways,KU,Kuwait City,London,Boeing 777-300ER,4631,4631.0,0.0,No,No,104.0,83.59,97.19,10107.76,0.0,397.14,110.28,507.42,216,109602.72,97.76
2022-01,Recovery & Surge,Kuwait Airways,KU,Kuwait City,London,Boeing 777-300ER,4631,4631.0,0.0,No,No,104.0,72.01,86.54,9000.16,0.0,353.62,87.44,441.06,228,100561.68,97.49
2022-02,Recovery & Surge,Kuwait Airways,KU,Kuwait City,London,Boeing 777-300ER,4631,4631.0,0.0,No,No,104.0,67.25,81.11,8435.44,0.0,331.43,76.81,408.24,279,113898.96,97.33
2022-03,Ukraine War Shock,Kuwait Airways,KU,Kuwait City,London,Boeing 777-300ER,4631,4631.0,0.0,No,No,104.0,117.58,131.77,13704.08,0.0,538.44,202.71,741.15,222,164535.3,98.34
2022-04,Ukraine War Shock,Kuwait Airways,KU,Kuwait City,London,Boeing 777-300ER,4631,4631.0,0.0,No,No,104.0,109.53,128.27,13340.08,0.0,524.13,192.09,716.22,243,174041.46,98.29
2022-05,Ukraine War Shock,Kuwait Airways,KU,Kuwait City,London,Boeing 777-300ER,4631,4631.0,0.0,No,No,104.0,99.03,115.05,11965.2,0.0,470.11,154.53,624.64,246,153661.44,98.1
2022-06,Ukraine War Shock,Kuwait Airways,KU,Kuwait City,London,Boeing 777-300ER,4631,4631.0,0.0,No,No,104.0,111.34,127.17,13225.68,0.0,519.64,188.81,708.45,241,170736.45,98.28
2022-07,Ukraine War Shock,Kuwait Airways,KU,Kuwait City,London,Boeing 777-300ER,4631,4631.0,0.0,No,No,104.0,80.69,91.34,9499.36,0.0,373.23,97.4,470.63,275,129423.25,97.62
2022-08,Ukraine War Shock,Kuwait Airways,KU,Kuwait City,London,Boeing 777-300ER,4631,4631.0,0.0,No,No,104.0,98.19,113.29,11782.16,0.0,462.92,149.84,612.76,266,162994.16,98.07
2022-09,Ukraine War Shock,Kuwait Airways,KU,Kuwait City,London,Boeing 777-300ER,4631,4631.0,0.0,No,No,104.0,85.18,103.43,10756.72,0.0,422.63,124.89,547.52,270,147830.4,97.89
2022-10,Ukraine War Shock,Kuwait Airways,KU,Kuwait City,London,Boeing 777-300ER,4631,4631.0,0.0,No,No,104.0,93.25,107.45,11174.8,0.0,439.06,134.79,573.85,284,162973.4,97.97
2022-11,Ukraine War Shock,Kuwait Airways,KU,Kuwait City,London,Boeing 777-300ER,4631,4631.0,0.0,No,No,104.0,86.23,101.05,10509.2,0.0,412.91,119.21,532.12,283,150589.96,97.84
2022-12,Ukraine War Shock,Kuwait Airways,KU,Kuwait City,London,Boeing 777-300ER,4631,4631.0,0.0,No,No,104.0,90.4,107.6,11190.4,0.0,439.67,135.17,574.84,276,158655.84,97.97
2023-01,Stabilisation,Kuwait Airways,KU,Kuwait City,London,Boeing 777-300ER,4631,4631.0,0.0,No,No,104.0,84.29,97.47,10136.88,0.0,398.28,110.92,509.2,252,128318.4,97.77
2023-02,Stabilisation,Kuwait Airways,KU,Kuwait City,London,Boeing 777-300ER,4631,4631.0,0.0,No,No,104.0,78.14,95.11,9891.44,0.0,388.64,105.61,494.25,232,114666.0,97.71
2023-03,Stabilisation,Kuwait Airways,KU,Kuwait City,London,Boeing 777-300ER,4631,4631.0,0.0,No,No,104.0,91.48,111.26,11571.04,0.0,454.63,144.52,599.15,264,158175.6,98.04
2023-04,Stabilisation,Kuwait Airways,KU,Kuwait City,London,Boeing 777-300ER,4631,4631.0,0.0,No,No,104.0,88.18,100.98,10501.92,0.0,412.62,119.05,531.67,281,149399.27,97.84
2023-05,Stabilisation,Kuwait Airways,KU,Kuwait City,London,Boeing 777-300ER,4631,4631.0,0.0,No,No,104.0,90.97,106.41,11066.64,0.0,434.81,132.19,567.0,284,161028.0,97.95
2023-06,Stabilisation,Kuwait Airways,KU,Kuwait City,London,Boeing 777-300ER,4631,4631.0,0.0,No,No,104.0,90.21,103.75,10790.0,0.0,423.94,125.67,549.61,255,140150.55,97.9
2023-07,Stabilisation,Kuwait Airways,KU,Kuwait City,London,Boeing 777-300ER,4631,4631.0,0.0,No,No,104.0,85.16,97.8,10171.2,0.0,399.63,111.67,511.3,262,133960.6,97.77
2023-08,Stabilisation,Kuwait Airways,KU,Kuwait City,London,Boeing 777-300ER,4631,4631.0,0.0,No,No,104.0,90.67,101.88,10595.52,0.0,416.3,121.18,537.48,230,123620.4,97.86
2023-09,Stabilisation,Kuwait Airways,KU,Kuwait City,London,Boeing 777-300ER,4631,4631.0,0.0,No,No,104.0,76.5,90.34,9395.36,0.0,369.15,95.28,464.43,225,104496.75,97.59
2023-10,Gaza-Israel Conflict,Kuwait Airways,KU,Kuwait City,London,Boeing 777-300ER,4631,4631.0,0.0,No,No,104.0,78.33,91.67,9533.68,0.0,374.58,98.11,472.69,257,121481.33,97.63
2023-11,Gaza-Israel Conflict,Kuwait Airways,KU,Kuwait City,London,Boeing 777-300ER,4631,4631.0,0.0,No,No,104.0,75.77,85.25,8866.0,0.0,348.35,84.85,433.2,226,97903.2,97.45
2023-12,Gaza-Israel Conflict,Kuwait Airways,KU,Kuwait City,London,Boeing 777-300ER,4631,4631.0,0.0,No,No,104.0,80.53,92.44,9613.76,0.0,377.73,99.76,477.49,239,114120.11,97.65
2024-01,Gaza-Israel Conflict,Kuwait Airways,KU,Kuwait City,London,Boeing 777-300ER,4631,4631.0,0.0,No,No,104.0,84.61,102.45,10654.8,0.0,418.63,122.54,541.17,246,133127.82,97.87
2024-02,Gaza-Israel Conflict,Kuwait Airways,KU,Kuwait City,London,Boeing 777-300ER,4631,4631.0,0.0,No,No,104.0,82.61,94.5,9828.0,0.0,386.14,104.26,490.4,279,136821.6,97.7
2024-03,Gaza-Israel Conflict,Kuwait Airways,KU,Kuwait City,London,Boeing 777-300ER,4631,4631.0,0.0,No,No,104.0,92.09,104.48,10865.92,0.0,426.92,127.44,554.36,283,156883.88,97.91
2024-04,Gaza-Israel Conflict,Kuwait Airways,KU,Kuwait City,London,Boeing 777-300ER,4631,4631.0,0.0,No,No,104.0,84.06,98.26,10219.04,0.0,401.51,112.72,514.23,228,117244.44,97.78
2024-05,Gaza-Israel Conflict,Kuwait Airways,KU,Kuwait City,London,Boeing 777-300ER,4631,4631.0,0.0,No,No,104.0,82.78,100.87,10490.48,0.0,412.17,118.79,530.96,219,116280.24,97.84
2024-06,Gaza-Israel Conflict,Kuwait Airways,KU,Kuwait City,London,Boeing 777-300ER,4631,4631.0,0.0,No,No,104.0,87.23,99.81,10380.24,0.0,407.84,116.3,524.14,226,118455.64,97.82
2024-07,Gaza-Israel Conflict,Kuwait Airways,KU,Kuwait City,London,Boeing 777-300ER,4631,4631.0,0.0,No,No,104.0,80.4,95.45,9926.8,0.0,390.03,106.37,496.4,248,123107.2,97.72
2024-08,Gaza-Israel Conflict,Kuwait Airways,KU,Kuwait City,London,Boeing 777-300ER,4631,4631.0,0.0,No,No,104.0,91.64,109.62,11400.48,0.0,447.93,140.29,588.22,268,157642.96,98.01
2024-09,Gaza-Israel Conflict,Kuwait Airways,KU,Kuwait City,London,Boeing 777-300ER,4631,4631.0,0.0,No,No,104.0,79.27,90.67,9429.68,0.0,370.49,95.98,466.47,249,116151.03,97.6
2024-10,Gaza-Israel Conflict,Kuwait Airways,KU,Kuwait City,London,Boeing 777-300ER,4631,4631.0,0.0,No,No,104.0,94.78,113.06,11758.24,0.0,461.98,149.23,611.21,279,170527.59,98.07
2024-11,Gaza-Israel Conflict,Kuwait Airways,KU,Kuwait City,London,Boeing 777-300ER,4631,4631.0,0.0,No,No,104.0,91.13,105.42,10963.68,0.0,430.76,129.74,560.5,257,144048.5,97.93
2024-12,Pre-Iran Escalation,Kuwait Airways,KU,Kuwait City,London,Boeing 777-300ER,4631,4631.0,0.0,No,No,104.0,81.38,96.29,10014.16,0.0,393.46,108.25,501.71,246,123420.66,97.74
2025-01,Pre-Iran Escalation,Kuwait Airways,KU,Kuwait City,London,Boeing 777-300ER,4631,4631.0,0.0,No,No,104.0,85.13,100.74,10476.96,0.0,411.64,118.48,530.12,267,141542.04,97.84
2025-02,Pre-Iran Escalation,Kuwait Airways,KU,Kuwait City,London,Boeing 777-300ER,4631,4631.0,0.0,No,No,104.0,103.76,121.77,12664.08,0.0,497.57,173.11,670.68,281,188461.08,98.2
2025-03,Pre-Iran Escalation,Kuwait Airways,KU,Kuwait City,London,Boeing 777-300ER,4631,4631.0,0.0,No,No,104.0,101.26,114.33,11890.32,0.0,467.17,152.6,619.77,234,145026.18,98.09
2025-04,Pre-Iran Escalation,Kuwait Airways,KU,Kuwait City,London,Boeing 777-300ER,4631,4631.0,0.0,No,No,104.0,101.77,122.48,12737.92,0.0,500.47,175.14,675.61,230,155390.3,98.21
2025-05,Pre-Iran Escalation,Kuwait Airways,KU,Kuwait City,London,Boeing 777-300ER,4631,4631.0,0.0,No,No,104.0,102.74,118.36,12309.44,0.0,483.64,163.55,647.19,226,146264.94,98.15
2025-06,Pre-Iran Escalation,Kuwait Airways,KU,Kuwait City,London,Boeing 777-300ER,4631,4631.0,0.0,No,No,104.0,86.7,98.72,10266.88,0.0,403.39,113.78,517.17,250,129292.5,97.79
2025-07,Pre-Iran Escalation,Kuwait Airways,KU,Kuwait City,London,Boeing 777-300ER,4631,4631.0,0.0,No,No,104.0,93.24,104.81,10900.24,0.0,428.27,128.25,556.52,245,136347.4,97.92
2025-08,Pre-Iran Escalation,Kuwait Airways,KU,Kuwait City,London,Boeing 777-300ER,4631,4631.0,0.0,No,No,104.0,87.66,103.36,10749.44,0.0,422.35,124.73,547.08,228,124734.24,97.89
2025-09,Pre-Iran Escalation,Kuwait Airways,KU,Kuwait City,London,Boeing 777-300ER,4631,4631.0,0.0,No,No,104.0,104.85,124.54,12952.16,0.0,508.89,181.08,689.97,264,182152.08,98.24
2025-10,Pre-Iran Escalation,Kuwait Airways,KU,Kuwait City,London,Boeing 777-300ER,4631,4631.0,0.0,No,No,104.0,99.34,111.43,11588.72,0.0,455.32,144.96,600.28,232,139264.96,98.04
2025-11,Pre-Iran Escalation,Kuwait Airways,KU,Kuwait City,London,Boeing 777-300ER,4631,4631.0,0.0,No,No,104.0,92.61,108.47,11280.88,0.0,443.23,137.36,580.59,266,154436.94,97.99
2025-12,US-Iran War Conflict,Kuwait Airways,KU,Kuwait City,London,Boeing 777-300ER,4631,5662.0,1031.0,Yes,No,127.2,122.22,139.65,17763.48,3954.69,570.63,227.68,798.31,274,218736.94,98.71
2026-01,US-Iran War Conflict,Kuwait Airways,KU,Kuwait City,London,Boeing 777-300ER,4631,5117.0,486.0,Yes,No,114.9,130.88,155.03,17812.95,1869.38,633.48,280.6,914.08,232,212066.56,98.72
2026-02,US-Iran War Conflict,Kuwait Airways,KU,Kuwait City,London,Boeing 777-300ER,4631,5414.0,783.0,Yes,No,121.6,155.73,177.13,21539.01,3641.77,723.78,325.7,1049.48,273,286508.04,98.94
2026-03,US-Iran War Conflict,Kuwait Airways,KU,Kuwait City,London,Boeing 777-300ER,4631,5317.0,686.0,Yes,Yes,119.4,169.08,201.05,24005.37,3555.97,821.53,369.69,1191.22,0,0.0,99.04
2026-04,De-escalation & Negotiations,Kuwait Airways,KU,Kuwait City,London,Boeing 777-300ER,4631,4825.0,194.0,Yes,No,108.3,111.38,129.05,13976.12,585.48,527.32,194.43,721.75,212,153011.0,98.37
2026-05,De-escalation & Negotiations,Kuwait Airways,KU,Kuwait City,London,Boeing 777-300ER,4631,4780.0,149.0,Yes,No,107.3,104.87,127.28,13657.14,439.41,520.09,189.13,709.22,266,188652.52,98.33
2026-06,De-escalation & Negotiations,Kuwait Airways,KU,Kuwait City,London,Boeing 777-300ER,4631,4914.0,283.0,Yes,No,110.4,92.83,105.25,11619.6,710.07,430.07,129.33,559.4,276,154394.4,98.05
2019-01,Pre-Pandemic Baseline,Oman Air,WY,Muscat,London,Boeing 787-8,5591,5591.0,0.0,No,No,122.0,63.0,71.31,8699.82,0.0,351.79,71.67,423.46,254,107558.84,96.89
2019-02,Pre-Pandemic Baseline,Oman Air,WY,Muscat,London,Boeing 787-8,5591,5591.0,0.0,No,No,122.0,67.61,80.55,9827.1,0.0,397.37,91.45,488.82,267,130514.94,97.23
2019-03,Pre-Pandemic Baseline,Oman Air,WY,Muscat,London,Boeing 787-8,5591,5591.0,0.0,No,No,122.0,65.86,78.77,9609.94,0.0,388.59,87.45,476.04,241,114725.64,97.17
2019-04,Pre-Pandemic Baseline,Oman Air,WY,Muscat,London,Boeing 787-8,5591,5591.0,0.0,No,No,122.0,64.79,76.2,9296.4,0.0,375.91,81.84,457.75,236,108029.0,97.08
2019-05,Pre-Pandemic Baseline,Oman Air,WY,Muscat,London,Boeing 787-8,5591,5591.0,0.0,No,No,122.0,61.25,73.32,8945.04,0.0,361.7,75.77,437.47,235,102805.45,96.97
2019-06,Pre-Pandemic Baseline,Oman Air,WY,Muscat,London,Boeing 787-8,5591,5591.0,0.0,No,No,122.0,61.25,71.62,8737.64,0.0,353.32,72.3,425.62,221,94062.02,96.9
2019-07,Pre-Pandemic Baseline,Oman Air,WY,Muscat,London,Boeing 787-8,5591,5591.0,0.0,No,No,122.0,60.46,70.88,8647.36,0.0,349.67,70.81,420.48,242,101756.16,96.87
2019-08,Pre-Pandemic Baseline,Oman Air,WY,Muscat,London,Boeing 787-8,5591,5591.0,0.0,No,No,122.0,66.93,77.82,9494.04,0.0,383.9,85.36,469.26,270,126700.2,97.14
2019-09,Pre-Pandemic Baseline,Oman Air,WY,Muscat,London,Boeing 787-8,5591,5591.0,0.0,No,No,122.0,64.81,72.75,8875.5,0.0,358.89,74.6,433.49,210,91032.9,96.95
2019-10,Pre-Pandemic Baseline,Oman Air,WY,Muscat,London,Boeing 787-8,5591,5591.0,0.0,No,No,122.0,65.66,74.25,9058.5,0.0,366.29,77.71,444.0,253,112332.0,97.01
2019-11,Pre-Pandemic Baseline,Oman Air,WY,Muscat,London,Boeing 787-8,5591,5591.0,0.0,No,No,122.0,60.16,67.57,8243.54,0.0,333.34,64.35,397.69,222,88287.18,96.72
2019-12,Pre-Pandemic Baseline,Oman Air,WY,Muscat,London,Boeing 787-8,5591,5591.0,0.0,No,No,122.0,67.76,80.2,9784.4,0.0,395.65,90.66,486.31,265,128872.15,97.22
2020-01,Pre-Pandemic Baseline,Oman Air,WY,Muscat,London,Boeing 787-8,5591,5591.0,0.0,No,No,122.0,66.66,76.75,9363.5,0.0,378.63,83.03,461.66,220,101565.2,97.1
2020-02,Pre-Pandemic Baseline,Oman Air,WY,Muscat,London,Boeing 787-8,5591,5591.0,0.0,No,No,122.0,61.7,72.24,8813.28,0.0,356.38,73.56,429.94,222,95446.68,96.93
2020-03,COVID-19 Collapse,Oman Air,WY,Muscat,London,Boeing 787-8,5591,5591.0,0.0,No,No,122.0,20.55,24.88,3035.36,0.0,122.74,8.73,131.47,213,28003.11,91.57
2020-04,COVID-19 Collapse,Oman Air,WY,Muscat,London,Boeing 787-8,5591,5591.0,0.0,No,No,122.0,20.57,23.55,2873.1,0.0,116.18,7.82,124.0,243,30132.0,91.13
2020-05,COVID-19 Collapse,Oman Air,WY,Muscat,London,Boeing 787-8,5591,5591.0,0.0,No,No,122.0,22.26,25.84,3152.48,0.0,127.47,9.41,136.88,258,35315.04,91.85
2020-06,COVID-19 Collapse,Oman Air,WY,Muscat,London,Boeing 787-8,5591,5591.0,0.0,No,No,122.0,45.35,54.22,6614.84,0.0,267.48,41.44,308.92,231,71360.52,95.95
2020-07,COVID-19 Collapse,Oman Air,WY,Muscat,London,Boeing 787-8,5591,5591.0,0.0,No,No,122.0,44.05,50.34,6141.48,0.0,248.34,35.72,284.06,213,60504.78,95.65
2020-08,COVID-19 Collapse,Oman Air,WY,Muscat,London,Boeing 787-8,5591,5591.0,0.0,No,No,122.0,42.08,47.45,5788.9,0.0,234.08,31.73,265.81,279,74160.99,95.39
2020-09,COVID-19 Collapse,Oman Air,WY,Muscat,London,Boeing 787-8,5591,5591.0,0.0,No,No,122.0,46.57,53.51,6528.22,0.0,263.98,40.36,304.34,274,83389.16,95.89
2020-10,COVID-19 Collapse,Oman Air,WY,Muscat,London,Boeing 787-8,5591,5591.0,0.0,No,No,122.0,39.95,45.39,5537.58,0.0,223.92,29.04,252.96,244,61722.24,95.19
2020-11,COVID-19 Collapse,Oman Air,WY,Muscat,London,Boeing 787-8,5591,5591.0,0.0,No,No,122.0,42.09,51.05,6228.1,0.0,251.84,36.73,288.57,271,78202.47,95.7
2020-12,COVID-19 Collapse,Oman Air,WY,Muscat,London,Boeing 787-8,5591,5591.0,0.0,No,No,122.0,43.13,51.79,6318.38,0.0,255.49,37.81,293.3,270,79191.0,95.76
2021-01,COVID-19 Collapse,Oman Air,WY,Muscat,London,Boeing 787-8,5591,5591.0,0.0,No,No,122.0,75.49,89.33,10898.26,0.0,440.69,112.48,553.17,252,139398.84,97.5
2021-02,COVID-19 Collapse,Oman Air,WY,Muscat,London,Boeing 787-8,5591,5591.0,0.0,No,No,122.0,83.06,100.27,12232.94,0.0,494.66,141.71,636.37,249,158456.13,97.77
2021-03,COVID-19 Collapse,Oman Air,WY,Muscat,London,Boeing 787-8,5591,5591.0,0.0,No,No,122.0,69.59,83.53,10190.66,0.0,412.07,98.34,510.41,258,131685.78,97.33
2021-04,COVID-19 Collapse,Oman Air,WY,Muscat,London,Boeing 787-8,5591,5591.0,0.0,No,No,122.0,76.83,87.48,10672.56,0.0,431.56,107.87,539.43,264,142409.52,97.45
2021-05,COVID-19 Collapse,Oman Air,WY,Muscat,London,Boeing 787-8,5591,5591.0,0.0,No,No,122.0,78.63,95.08,11599.76,0.0,469.05,127.42,596.47,271,161643.37,97.65
2021-06,Recovery & Surge,Oman Air,WY,Muscat,London,Boeing 787-8,5591,5591.0,0.0,No,No,122.0,66.07,77.56,9462.32,0.0,382.62,84.79,467.41,253,118254.73,97.13
2021-07,Recovery & Surge,Oman Air,WY,Muscat,London,Boeing 787-8,5591,5591.0,0.0,No,No,122.0,78.97,94.82,11568.04,0.0,467.77,126.73,594.5,265,157542.5,97.64
2021-08,Recovery & Surge,Oman Air,WY,Muscat,London,Boeing 787-8,5591,5591.0,0.0,No,No,122.0,68.92,83.37,10171.14,0.0,411.28,97.97,509.25,223,113562.75,97.33
2021-09,Recovery & Surge,Oman Air,WY,Muscat,London,Boeing 787-8,5591,5591.0,0.0,No,No,122.0,66.5,76.59,9343.98,0.0,377.84,82.68,460.52,265,122037.8,97.1
2021-10,Recovery & Surge,Oman Air,WY,Muscat,London,Boeing 787-8,5591,5591.0,0.0,No,No,122.0,86.82,98.19,11979.18,0.0,484.39,135.89,620.28,214,132739.92,97.72
2021-11,Recovery & Surge,Oman Air,WY,Muscat,London,Boeing 787-8,5591,5591.0,0.0,No,No,122.0,87.21,99.66,12158.52,0.0,491.65,139.99,631.64,259,163594.76,97.75
2021-12,Recovery & Surge,Oman Air,WY,Muscat,London,Boeing 787-8,5591,5591.0,0.0,No,No,122.0,83.59,97.19,11857.18,0.0,479.46,133.14,612.6,263,161113.8,97.7
2022-01,Recovery & Surge,Oman Air,WY,Muscat,London,Boeing 787-8,5591,5591.0,0.0,No,No,122.0,72.01,86.54,10557.88,0.0,426.92,105.56,532.48,282,150159.36,97.42
2022-02,Recovery & Surge,Oman Air,WY,Muscat,London,Boeing 787-8,5591,5591.0,0.0,No,No,122.0,67.25,81.11,9895.42,0.0,400.13,92.73,492.86,241,118779.26,97.25
2022-03,Ukraine War Shock,Oman Air,WY,Muscat,London,Boeing 787-8,5591,5591.0,0.0,No,No,122.0,117.58,131.77,16075.94,0.0,650.05,244.73,894.78,218,195062.04,98.29
2022-04,Ukraine War Shock,Oman Air,WY,Muscat,London,Boeing 787-8,5591,5591.0,0.0,No,No,122.0,109.53,128.27,15648.94,0.0,632.79,231.91,864.7,235,203204.5,98.24
2022-05,Ukraine War Shock,Oman Air,WY,Muscat,London,Boeing 787-8,5591,5591.0,0.0,No,No,122.0,99.03,115.05,14036.1,0.0,567.57,186.57,754.14,241,181747.74,98.05
2022-06,Ukraine War Shock,Oman Air,WY,Muscat,London,Boeing 787-8,5591,5591.0,0.0,No,No,122.0,111.34,127.17,15514.74,0.0,627.36,227.95,855.31,267,228367.77,98.23
2022-07,Ukraine War Shock,Oman Air,WY,Muscat,London,Boeing 787-8,5591,5591.0,0.0,No,No,122.0,80.69,91.34,11143.48,0.0,450.6,117.59,568.19,223,126706.37,97.55
2022-08,Ukraine War Shock,Oman Air,WY,Muscat,London,Boeing 787-8,5591,5591.0,0.0,No,No,122.0,98.19,113.29,13821.38,0.0,558.89,180.9,739.79,222,164233.38,98.02
2022-09,Ukraine War Shock,Oman Air,WY,Muscat,London,Boeing 787-8,5591,5591.0,0.0,No,No,122.0,85.18,103.43,12618.46,0.0,510.24,150.78,661.02,226,149390.52,97.83
2022-10,Ukraine War Shock,Oman Air,WY,Muscat,London,Boeing 787-8,5591,5591.0,0.0,No,No,122.0,93.25,107.45,13108.9,0.0,530.08,162.73,692.81,227,157267.87,97.91
2022-11,Ukraine War Shock,Oman Air,WY,Muscat,London,Boeing 787-8,5591,5591.0,0.0,No,No,122.0,86.23,101.05,12328.1,0.0,498.5,143.92,642.42,279,179235.18,97.78
2022-12,Ukraine War Shock,Oman Air,WY,Muscat,London,Boeing 787-8,5591,5591.0,0.0,No,No,122.0,90.4,107.6,13127.2,0.0,530.82,163.19,694.01,222,154070.22,97.91
2023-01,Stabilisation,Oman Air,WY,Muscat,London,Boeing 787-8,5591,5591.0,0.0,No,No,122.0,84.29,97.47,11891.34,0.0,480.84,133.91,614.75,240,147540.0,97.7
2023-02,Stabilisation,Oman Air,WY,Muscat,London,Boeing 787-8,5591,5591.0,0.0,No,No,122.0,78.14,95.11,11603.42,0.0,469.2,127.5,596.7,240,143208.0,97.65
2023-03,Stabilisation,Oman Air,WY,Muscat,London,Boeing 787-8,5591,5591.0,0.0,No,No,122.0,91.48,111.26,13573.72,0.0,548.87,174.48,723.35,219,158413.65,97.98
2023-04,Stabilisation,Oman Air,WY,Muscat,London,Boeing 787-8,5591,5591.0,0.0,No,No,122.0,88.18,100.98,12319.56,0.0,498.16,143.73,641.89,218,139932.02,97.78
2023-05,Stabilisation,Oman Air,WY,Muscat,London,Boeing 787-8,5591,5591.0,0.0,No,No,122.0,90.97,106.41,12982.02,0.0,524.95,159.6,684.55,278,190304.9,97.89
2023-06,Stabilisation,Oman Air,WY,Muscat,London,Boeing 787-8,5591,5591.0,0.0,No,No,122.0,90.21,103.75,12657.5,0.0,511.82,151.72,663.54,272,180482.88,97.84
2023-07,Stabilisation,Oman Air,WY,Muscat,London,Boeing 787-8,5591,5591.0,0.0,No,No,122.0,85.16,97.8,11931.6,0.0,482.47,134.82,617.29,279,172223.91,97.71
2023-08,Stabilisation,Oman Air,WY,Muscat,London,Boeing 787-8,5591,5591.0,0.0,No,No,122.0,90.67,101.88,12429.36,0.0,502.6,146.3,648.9,233,151193.7,97.8
2023-09,Stabilisation,Oman Air,WY,Muscat,London,Boeing 787-8,5591,5591.0,0.0,No,No,122.0,76.5,90.34,11021.48,0.0,445.67,115.03,560.7,249,139614.3,97.53
2023-10,Gaza-Israel Conflict,Oman Air,WY,Muscat,London,Boeing 787-8,5591,5591.0,0.0,No,No,122.0,78.33,91.67,11183.74,0.0,452.23,118.45,570.68,229,130685.72,97.56
2023-11,Gaza-Israel Conflict,Oman Air,WY,Muscat,London,Boeing 787-8,5591,5591.0,0.0,No,No,122.0,75.77,85.25,10400.5,0.0,420.56,102.44,523.0,239,124997.0,97.38
2023-12,Gaza-Israel Conflict,Oman Air,WY,Muscat,London,Boeing 787-8,5591,5591.0,0.0,No,No,122.0,80.53,92.44,11277.68,0.0,456.03,120.44,576.47,269,155070.43,97.58
2024-01,Gaza-Israel Conflict,Oman Air,WY,Muscat,London,Boeing 787-8,5591,5591.0,0.0,No,No,122.0,84.61,102.45,12498.9,0.0,505.41,147.94,653.35,245,160070.75,97.81
2024-02,Gaza-Israel Conflict,Oman Air,WY,Muscat,London,Boeing 787-8,5591,5591.0,0.0,No,No,122.0,82.61,94.5,11529.0,0.0,466.19,125.87,592.06,218,129069.08,97.63
2024-03,Gaza-Israel Conflict,Oman Air,WY,Muscat,London,Boeing 787-8,5591,5591.0,0.0,No,No,122.0,92.09,104.48,12746.56,0.0,515.42,153.86,669.28,210,140548.8,97.85
2024-04,Gaza-Israel Conflict,Oman Air,WY,Muscat,London,Boeing 787-8,5591,5591.0,0.0,No,No,122.0,84.06,98.26,11987.72,0.0,484.74,136.09,620.83,227,140928.41,97.72
2024-05,Gaza-Israel Conflict,Oman Air,WY,Muscat,London,Boeing 787-8,5591,5591.0,0.0,No,No,122.0,82.78,100.87,12306.14,0.0,497.62,143.41,641.03,223,142949.69,97.78
2024-06,Gaza-Israel Conflict,Oman Air,WY,Muscat,London,Boeing 787-8,5591,5591.0,0.0,No,No,122.0,87.23,99.81,12176.82,0.0,492.39,140.42,632.81,269,170225.89,97.76
2024-07,Gaza-Israel Conflict,Oman Air,WY,Muscat,London,Boeing 787-8,5591,5591.0,0.0,No,No,122.0,80.4,95.45,11644.9,0.0,470.88,128.42,599.3,259,155218.7,97.66
2024-08,Gaza-Israel Conflict,Oman Air,WY,Muscat,London,Boeing 787-8,5591,5591.0,0.0,No,No,122.0,91.64,109.62,13373.64,0.0,540.78,169.37,710.15,272,193160.8,97.95
2024-09,Gaza-Israel Conflict,Oman Air,WY,Muscat,London,Boeing 787-8,5591,5591.0,0.0,No,No,122.0,79.27,90.67,11061.74,0.0,447.3,115.88,563.18,241,135726.38,97.54
2024-10,Gaza-Israel Conflict,Oman Air,WY,Muscat,London,Boeing 787-8,5591,5591.0,0.0,No,No,122.0,94.78,113.06,13793.32,0.0,557.75,180.17,737.92,253,186693.76,98.01
2024-11,Gaza-Israel Conflict,Oman Air,WY,Muscat,London,Boeing 787-8,5591,5591.0,0.0,No,No,122.0,91.13,105.42,12861.24,0.0,520.06,156.64,676.7,241,163084.7,97.87
2024-12,Pre-Iran Escalation,Oman Air,WY,Muscat,London,Boeing 787-8,5591,5591.0,0.0,No,No,122.0,81.38,96.29,11747.38,0.0,475.02,130.68,605.7,226,136888.2,97.68
2025-01,Pre-Iran Escalation,Oman Air,WY,Muscat,London,Boeing 787-8,5591,5591.0,0.0,No,No,122.0,85.13,100.74,12290.28,0.0,496.97,143.04,640.01,257,164482.57,97.78
2025-02,Pre-Iran Escalation,Oman Air,WY,Muscat,London,Boeing 787-8,5591,5591.0,0.0,No,No,122.0,103.76,121.77,14855.94,0.0,600.72,209.0,809.72,239,193523.08,98.15
2025-03,Pre-Iran Escalation,Oman Air,WY,Muscat,London,Boeing 787-8,5591,5591.0,0.0,No,No,122.0,101.26,114.33,13948.26,0.0,564.02,184.24,748.26,228,170603.28,98.04
2025-04,Pre-Iran Escalation,Oman Air,WY,Muscat,London,Boeing 787-8,5591,5591.0,0.0,No,No,122.0,101.77,122.48,14942.56,0.0,604.22,211.44,815.66,280,228384.8,98.16
2025-05,Pre-Iran Escalation,Oman Air,WY,Muscat,London,Boeing 787-8,5591,5591.0,0.0,No,No,122.0,102.74,118.36,14439.92,0.0,583.9,197.46,781.36,218,170336.48,98.1
2025-06,Pre-Iran Escalation,Oman Air,WY,Muscat,London,Boeing 787-8,5591,5591.0,0.0,No,No,122.0,86.7,98.72,12043.84,0.0,487.01,137.36,624.37,268,167331.16,97.73
2025-07,Pre-Iran Escalation,Oman Air,WY,Muscat,London,Boeing 787-8,5591,5591.0,0.0,No,No,122.0,93.24,104.81,12786.82,0.0,517.05,154.83,671.88,251,168641.88,97.86
2025-08,Pre-Iran Escalation,Oman Air,WY,Muscat,London,Boeing 787-8,5591,5591.0,0.0,No,No,122.0,87.66,103.36,12609.92,0.0,509.9,150.58,660.48,267,176348.16,97.83
2025-09,Pre-Iran Escalation,Oman Air,WY,Muscat,London,Boeing 787-8,5591,5591.0,0.0,No,No,122.0,104.85,124.54,15193.88,0.0,614.39,218.62,833.01,216,179930.16,98.19
2025-10,Pre-Iran Escalation,Oman Air,WY,Muscat,London,Boeing 787-8,5591,5591.0,0.0,No,No,122.0,99.34,111.43,13594.46,0.0,549.71,175.01,724.72,239,173208.08,97.99
2025-11,Pre-Iran Escalation,Oman Air,WY,Muscat,London,Boeing 787-8,5591,5591.0,0.0,No,No,122.0,92.61,108.47,13233.34,0.0,535.11,165.84,700.95,269,188555.55,97.93
2025-12,US-Iran War Conflict,Oman Air,WY,Muscat,London,Boeing 787-8,5591,6813.0,1222.0,Yes,Yes,148.7,122.22,139.65,20765.95,4538.72,688.93,274.88,963.81,0,0.0,98.67
2026-01,US-Iran War Conflict,Oman Air,WY,Muscat,London,Boeing 787-8,5591,6746.0,1155.0,Yes,No,147.2,130.88,155.03,22820.42,4714.29,764.8,338.76,1103.56,238,262647.28,98.79
2026-02,US-Iran War Conflict,Oman Air,WY,Muscat,London,Boeing 787-8,5591,6719.0,1128.0,Yes,No,146.6,155.73,177.13,25967.26,5238.97,873.82,393.22,1267.04,218,276214.72,98.93
2026-03,US-Iran War Conflict,Oman Air,WY,Muscat,London,Boeing 787-8,5591,6193.0,602.0,Yes,No,135.1,169.08,201.05,27161.85,2924.6,991.83,446.32,1438.15,250,359537.5,98.98
2026-04,De-escalation & Negotiations,Oman Air,WY,Muscat,London,Boeing 787-8,5591,5862.0,271.0,Yes,No,127.9,111.38,129.05,16505.5,800.03,636.63,234.73,871.36,245,213483.2,98.33
2026-05,De-escalation & Negotiations,Oman Air,WY,Muscat,London,Boeing 787-8,5591,5935.0,344.0,Yes,No,129.5,104.87,127.28,16482.76,1014.14,627.9,228.34,856.24,252,215772.48,98.33
2026-06,De-escalation & Negotiations,Oman Air,WY,Muscat,London,Boeing 787-8,5591,5673.0,82.0,Yes,No,123.8,92.83,105.25,13029.95,191.1,519.22,156.14,675.36,276,186399.36,97.9
2019-01,Pre-Pandemic Baseline,Gulf Air,GF,Bahrain,London,Airbus A321neo,5130,5130.0,0.0,No,No,112.0,63.0,71.31,7986.72,0.0,322.78,65.76,388.54,257,99854.78,96.89
2019-02,Pre-Pandemic Baseline,Gulf Air,GF,Bahrain,London,Airbus A321neo,5130,5130.0,0.0,No,No,112.0,67.61,80.55,9021.6,0.0,364.61,83.91,448.52,277,124240.04,97.24
2019-03,Pre-Pandemic Baseline,Gulf Air,GF,Bahrain,London,Airbus A321neo,5130,5130.0,0.0,No,No,112.0,65.86,78.77,8822.24,0.0,356.55,80.24,436.79,242,105703.18,97.17
2019-04,Pre-Pandemic Baseline,Gulf Air,GF,Bahrain,London,Airbus A321neo,5130,5130.0,0.0,No,No,112.0,64.79,76.2,8534.4,0.0,344.92,75.09,420.01,210,88202.1,97.08
2019-05,Pre-Pandemic Baseline,Gulf Air,GF,Bahrain,London,Airbus A321neo,5130,5130.0,0.0,No,No,112.0,61.25,73.32,8211.84,0.0,331.88,69.52,401.4,267,107173.8,96.97
2019-06,Pre-Pandemic Baseline,Gulf Air,GF,Bahrain,London,Airbus A321neo,5130,5130.0,0.0,No,No,112.0,61.25,71.62,8021.44,0.0,324.19,66.34,390.53,252,98413.56,96.9
2019-07,Pre-Pandemic Baseline,Gulf Air,GF,Bahrain,London,Airbus A321neo,5130,5130.0,0.0,No,No,112.0,60.46,70.88,7938.56,0.0,320.84,64.97,385.81,211,81405.91,96.87
2019-08,Pre-Pandemic Baseline,Gulf Air,GF,Bahrain,London,Airbus A321neo,5130,5130.0,0.0,No,No,112.0,66.93,77.82,8715.84,0.0,352.25,78.32,430.57,252,108503.64,97.14
2019-09,Pre-Pandemic Baseline,Gulf Air,GF,Bahrain,London,Airbus A321neo,5130,5130.0,0.0,No,No,112.0,64.81,72.75,8148.0,0.0,329.3,68.45,397.75,279,110972.25,96.95
2019-10,Pre-Pandemic Baseline,Gulf Air,GF,Bahrain,London,Airbus A321neo,5130,5130.0,0.0,No,No,112.0,65.66,74.25,8316.0,0.0,336.09,71.3,407.39,225,91662.75,97.01
2019-11,Pre-Pandemic Baseline,Gulf Air,GF,Bahrain,London,Airbus A321neo,5130,5130.0,0.0,No,No,112.0,60.16,67.57,7567.84,0.0,305.85,59.05,364.9,231,84291.9,96.72
2019-12,Pre-Pandemic Baseline,Gulf Air,GF,Bahrain,London,Airbus A321neo,5130,5130.0,0.0,No,No,112.0,67.76,80.2,8982.4,0.0,363.02,83.18,446.2,258,115119.6,97.22
2020-01,Pre-Pandemic Baseline,Gulf Air,GF,Bahrain,London,Airbus A321neo,5130,5130.0,0.0,No,No,112.0,66.66,76.75,8596.0,0.0,347.41,76.18,423.59,271,114792.89,97.1
2020-02,Pre-Pandemic Baseline,Gulf Air,GF,Bahrain,London,Airbus A321neo,5130,5130.0,0.0,No,No,112.0,61.7,72.24,8090.88,0.0,326.99,67.49,394.48,258,101775.84,96.93
2020-03,COVID-19 Collapse,Gulf Air,GF,Bahrain,London,Airbus A321neo,5130,5130.0,0.0,No,No,112.0,20.55,24.88,2786.56,0.0,112.62,8.01,120.63,260,31363.8,91.57
2020-04,COVID-19 Collapse,Gulf Air,GF,Bahrain,London,Airbus A321neo,5130,5130.0,0.0,No,No,112.0,20.57,23.55,2637.6,0.0,106.6,7.17,113.77,234,26622.18,91.14
2020-05,COVID-19 Collapse,Gulf Air,GF,Bahrain,London,Airbus A321neo,5130,5130.0,0.0,No,No,112.0,22.26,25.84,2894.08,0.0,116.96,8.63,125.59,210,26373.9,91.86
2020-06,COVID-19 Collapse,Gulf Air,GF,Bahrain,London,Airbus A321neo,5130,5130.0,0.0,No,No,112.0,45.35,54.22,6072.64,0.0,245.43,38.02,283.45,272,77098.4,95.95
2020-07,COVID-19 Collapse,Gulf Air,GF,Bahrain,London,Airbus A321neo,5130,5130.0,0.0,No,No,112.0,44.05,50.34,5638.08,0.0,227.86,32.77,260.63,284,74018.92,95.65
2020-08,COVID-19 Collapse,Gulf Air,GF,Bahrain,London,Airbus A321neo,5130,5130.0,0.0,No,No,112.0,42.08,47.45,5314.4,0.0,214.78,29.12,243.9,274,66828.6,95.4
2020-09,COVID-19 Collapse,Gulf Air,GF,Bahrain,London,Airbus A321neo,5130,5130.0,0.0,No,No,112.0,46.57,53.51,5993.12,0.0,242.21,37.03,279.24,239,66738.36,95.9
2020-10,COVID-19 Collapse,Gulf Air,GF,Bahrain,London,Airbus A321neo,5130,5130.0,0.0,No,No,112.0,39.95,45.39,5083.68,0.0,205.46,26.65,232.11,236,54777.96,95.2
2020-11,COVID-19 Collapse,Gulf Air,GF,Bahrain,London,Airbus A321neo,5130,5130.0,0.0,No,No,112.0,42.09,51.05,5717.6,0.0,231.08,33.7,264.78,281,74403.18,95.71
2020-12,COVID-19 Collapse,Gulf Air,GF,Bahrain,London,Airbus A321neo,5130,5130.0,0.0,No,No,112.0,43.13,51.79,5800.48,0.0,234.43,34.69,269.12,284,76430.08,95.77
2021-01,COVID-19 Collapse,Gulf Air,GF,Bahrain,London,Airbus A321neo,5130,5130.0,0.0,No,No,112.0,75.49,89.33,10004.96,0.0,404.35,103.2,507.55,255,129425.25,97.5
2021-02,COVID-19 Collapse,Gulf Air,GF,Bahrain,London,Airbus A321neo,5130,5130.0,0.0,No,No,112.0,83.06,100.27,11230.24,0.0,453.87,130.03,583.9,248,144807.2,97.77
2021-03,COVID-19 Collapse,Gulf Air,GF,Bahrain,London,Airbus A321neo,5130,5130.0,0.0,No,No,112.0,69.59,83.53,9355.36,0.0,378.1,90.24,468.34,248,116148.32,97.33
2021-04,COVID-19 Collapse,Gulf Air,GF,Bahrain,London,Airbus A321neo,5130,5130.0,0.0,No,No,112.0,76.83,87.48,9797.76,0.0,395.98,98.97,494.95,225,111363.75,97.45
2021-05,COVID-19 Collapse,Gulf Air,GF,Bahrain,London,Airbus A321neo,5130,5130.0,0.0,No,No,112.0,78.63,95.08,10648.96,0.0,430.38,116.92,547.3,264,144487.2,97.65
2021-06,Recovery & Surge,Gulf Air,GF,Bahrain,London,Airbus A321neo,5130,5130.0,0.0,No,No,112.0,66.07,77.56,8686.72,0.0,351.07,77.8,428.87,222,95209.14,97.13
2021-07,Recovery & Surge,Gulf Air,GF,Bahrain,London,Airbus A321neo,5130,5130.0,0.0,No,No,112.0,78.97,94.82,10619.84,0.0,429.2,116.28,545.48,225,122733.0,97.64
2021-08,Recovery & Surge,Gulf Air,GF,Bahrain,London,Airbus A321neo,5130,5130.0,0.0,No,No,112.0,68.92,83.37,9337.44,0.0,377.37,89.89,467.26,260,121487.6,97.33
2021-09,Recovery & Surge,Gulf Air,GF,Bahrain,London,Airbus A321neo,5130,5130.0,0.0,No,No,112.0,66.5,76.59,8578.08,0.0,346.68,75.86,422.54,275,116198.5,97.1
2021-10,Recovery & Surge,Gulf Air,GF,Bahrain,London,Airbus A321neo,5130,5130.0,0.0,No,No,112.0,86.82,98.19,10997.28,0.0,444.45,124.69,569.14,259,147407.26,97.72
2021-11,Recovery & Surge,Gulf Air,GF,Bahrain,London,Airbus A321neo,5130,5130.0,0.0,No,No,112.0,87.21,99.66,11161.92,0.0,451.11,128.45,579.56,245,141992.2,97.75
2021-12,Recovery & Surge,Gulf Air,GF,Bahrain,London,Airbus A321neo,5130,5130.0,0.0,No,No,112.0,83.59,97.19,10885.28,0.0,439.93,122.16,562.09,262,147267.58,97.7
2022-01,Recovery & Surge,Gulf Air,GF,Bahrain,London,Airbus A321neo,5130,5130.0,0.0,No,No,112.0,72.01,86.54,9692.48,0.0,391.72,96.86,488.58,244,119213.52,97.42
2022-02,Recovery & Surge,Gulf Air,GF,Bahrain,London,Airbus A321neo,5130,5130.0,0.0,No,No,112.0,67.25,81.11,9084.32,0.0,367.14,85.08,452.22,259,117124.98,97.25
2022-03,Ukraine War Shock,Gulf Air,GF,Bahrain,London,Airbus A321neo,5130,5130.0,0.0,No,No,112.0,117.58,131.77,14758.24,0.0,596.45,224.55,821.0,268,220028.0,98.29
2022-04,Ukraine War Shock,Gulf Air,GF,Bahrain,London,Airbus A321neo,5130,5130.0,0.0,No,No,112.0,109.53,128.27,14366.24,0.0,580.61,212.79,793.4,211,167407.4,98.25
2022-05,Ukraine War Shock,Gulf Air,GF,Bahrain,London,Airbus A321neo,5130,5130.0,0.0,No,No,112.0,99.03,115.05,12885.6,0.0,520.77,171.18,691.95,226,156380.7,98.05
2022-06,Ukraine War Shock,Gulf Air,GF,Bahrain,London,Airbus A321neo,5130,5130.0,0.0,No,No,112.0,111.34,127.17,14243.04,0.0,575.63,209.15,784.78,262,205612.36,98.23
2022-07,Ukraine War Shock,Gulf Air,GF,Bahrain,London,Airbus A321neo,5130,5130.0,0.0,No,No,112.0,80.69,91.34,10230.08,0.0,413.45,107.9,521.35,240,125124.0,97.55
2022-08,Ukraine War Shock,Gulf Air,GF,Bahrain,London,Airbus A321neo,5130,5130.0,0.0,No,No,112.0,98.19,113.29,12688.48,0.0,512.8,165.99,678.79,249,169018.71,98.02
2022-09,Ukraine War Shock,Gulf Air,GF,Bahrain,London,Airbus A321neo,5130,5130.0,0.0,No,No,112.0,85.18,103.43,11584.16,0.0,468.17,138.35,606.52,261,158301.72,97.83
2022-10,Ukraine War Shock,Gulf Air,GF,Bahrain,London,Airbus A321neo,5130,5130.0,0.0,No,No,112.0,93.25,107.45,12034.4,0.0,486.37,149.32,635.69,249,158286.81,97.91
2022-11,Ukraine War Shock,Gulf Air,GF,Bahrain,London,Airbus A321neo,5130,5130.0,0.0,No,No,112.0,86.23,101.05,11317.6,0.0,457.4,132.06,589.46,272,160333.12,97.78
2022-12,Ukraine War Shock,Gulf Air,GF,Bahrain,London,Airbus A321neo,5130,5130.0,0.0,No,No,112.0,90.4,107.6,12051.2,0.0,487.05,149.73,636.78,238,151553.64,97.92
2023-01,Stabilisation,Gulf Air,GF,Bahrain,London,Airbus A321neo,5130,5130.0,0.0,No,No,112.0,84.29,97.47,10916.64,0.0,441.2,122.87,564.07,261,147222.27,97.7
2023-02,Stabilisation,Gulf Air,GF,Bahrain,London,Airbus A321neo,5130,5130.0,0.0,No,No,112.0,78.14,95.11,10652.32,0.0,430.51,116.99,547.5,241,131947.5,97.65
2023-03,Stabilisation,Gulf Air,GF,Bahrain,London,Airbus A321neo,5130,5130.0,0.0,No,No,112.0,91.48,111.26,12461.12,0.0,503.62,160.09,663.71,249,165263.79,97.98
2023-04,Stabilisation,Gulf Air,GF,Bahrain,London,Airbus A321neo,5130,5130.0,0.0,No,No,112.0,88.18,100.98,11309.76,0.0,457.08,131.87,588.95,218,128391.1,97.78
2023-05,Stabilisation,Gulf Air,GF,Bahrain,London,Airbus A321neo,5130,5130.0,0.0,No,No,112.0,90.97,106.41,11917.92,0.0,481.66,146.44,628.1,272,170843.2,97.89
2023-06,Stabilisation,Gulf Air,GF,Bahrain,London,Airbus A321neo,5130,5130.0,0.0,No,No,112.0,90.21,103.75,11620.0,0.0,469.62,139.21,608.83,233,141857.39,97.84
2023-07,Stabilisation,Gulf Air,GF,Bahrain,London,Airbus A321neo,5130,5130.0,0.0,No,No,112.0,85.16,97.8,10953.6,0.0,442.69,123.7,566.39,232,131402.48,97.71
2023-08,Stabilisation,Gulf Air,GF,Bahrain,London,Airbus A321neo,5130,5130.0,0.0,No,No,112.0,90.67,101.88,11410.56,0.0,461.16,134.24,595.4,216,128606.4,97.8
2023-09,Stabilisation,Gulf Air,GF,Bahrain,London,Airbus A321neo,5130,5130.0,0.0,No,No,112.0,76.5,90.34,10118.08,0.0,408.92,105.55,514.47,247,127074.09,97.53
2023-10,Gaza-Israel Conflict,Gulf Air,GF,Bahrain,London,Airbus A321neo,5130,5130.0,0.0,No,No,112.0,78.33,91.67,10267.04,0.0,414.94,108.68,523.62,241,126192.42,97.56
2023-11,Gaza-Israel Conflict,Gulf Air,GF,Bahrain,London,Airbus A321neo,5130,5130.0,0.0,No,No,112.0,75.77,85.25,9548.0,0.0,385.88,93.99,479.87,217,104131.79,97.38
2023-12,Gaza-Israel Conflict,Gulf Air,GF,Bahrain,London,Airbus A321neo,5130,5130.0,0.0,No,No,112.0,80.53,92.44,10353.28,0.0,418.43,110.51,528.94,266,140698.04,97.58
2024-01,Gaza-Israel Conflict,Gulf Air,GF,Bahrain,London,Airbus A321neo,5130,5130.0,0.0,No,No,112.0,84.61,102.45,11474.4,0.0,463.74,135.74,599.48,214,128288.72,97.81
2024-02,Gaza-Israel Conflict,Gulf Air,GF,Bahrain,London,Airbus A321neo,5130,5130.0,0.0,No,No,112.0,82.61,94.5,10584.0,0.0,427.75,115.49,543.24,220,119512.8,97.63
2024-03,Gaza-Israel Conflict,Gulf Air,GF,Bahrain,London,Airbus A321neo,5130,5130.0,0.0,No,No,112.0,92.09,104.48,11701.76,0.0,472.93,141.18,614.11,244,149842.84,97.86
2024-04,Gaza-Israel Conflict,Gulf Air,GF,Bahrain,London,Airbus A321neo,5130,5130.0,0.0,No,No,112.0,84.06,98.26,11005.12,0.0,444.77,124.87,569.64,236,134435.04,97.72
2024-05,Gaza-Israel Conflict,Gulf Air,GF,Bahrain,London,Airbus A321neo,5130,5130.0,0.0,No,No,112.0,82.78,100.87,11297.44,0.0,456.59,131.59,588.18,230,135281.4,97.78
2024-06,Gaza-Israel Conflict,Gulf Air,GF,Bahrain,London,Airbus A321neo,5130,5130.0,0.0,No,No,112.0,87.23,99.81,11178.72,0.0,451.79,128.84,580.63,252,146318.76,97.76
2024-07,Gaza-Israel Conflict,Gulf Air,GF,Bahrain,London,Airbus A321neo,5130,5130.0,0.0,No,No,112.0,80.4,95.45,10690.4,0.0,432.05,117.83,549.88,249,136920.12,97.66
2024-08,Gaza-Israel Conflict,Gulf Air,GF,Bahrain,London,Airbus A321neo,5130,5130.0,0.0,No,No,112.0,91.64,109.62,12277.44,0.0,496.19,155.41,651.6,242,157687.2,97.95
2024-09,Gaza-Israel Conflict,Gulf Air,GF,Bahrain,London,Airbus A321neo,5130,5130.0,0.0,No,No,112.0,79.27,90.67,10155.04,0.0,410.42,106.32,516.74,268,138486.32,97.54
2024-10,Gaza-Israel Conflict,Gulf Air,GF,Bahrain,London,Airbus A321neo,5130,5130.0,0.0,No,No,112.0,94.78,113.06,12662.72,0.0,511.76,165.31,677.07,247,167236.29,98.01
2024-11,Gaza-Israel Conflict,Gulf Air,GF,Bahrain,London,Airbus A321neo,5130,5130.0,0.0,No,No,112.0,91.13,105.42,11807.04,0.0,477.18,143.73,620.91,283,175717.53,97.87
2024-12,Pre-Iran Escalation,Gulf Air,GF,Bahrain,London,Airbus A321neo,5130,5130.0,0.0,No,No,112.0,81.38,96.29,10784.48,0.0,435.85,119.91,555.76,270,150055.2,97.68
2025-01,Pre-Iran Escalation,Gulf Air,GF,Bahrain,London,Airbus A321neo,5130,5130.0,0.0,No,No,112.0,85.13,100.74,11282.88,0.0,456.0,131.25,587.25,217,127433.25,97.78
2025-02,Pre-Iran Escalation,Gulf Air,GF,Bahrain,London,Airbus A321neo,5130,5130.0,0.0,No,No,112.0,103.76,121.77,13638.24,0.0,551.19,191.77,742.96,230,170880.8,98.15
2025-03,Pre-Iran Escalation,Gulf Air,GF,Bahrain,London,Airbus A321neo,5130,5130.0,0.0,No,No,112.0,101.26,114.33,12804.96,0.0,517.51,169.05,686.56,250,171640.0,98.04
2025-04,Pre-Iran Escalation,Gulf Air,GF,Bahrain,London,Airbus A321neo,5130,5130.0,0.0,No,No,112.0,101.77,122.48,13717.76,0.0,554.4,194.01,748.41,245,183360.45,98.16
2025-05,Pre-Iran Escalation,Gulf Air,GF,Bahrain,London,Airbus A321neo,5130,5130.0,0.0,No,No,112.0,102.74,118.36,13256.32,0.0,535.75,181.18,716.93,213,152706.09,98.1
2025-06,Pre-Iran Escalation,Gulf Air,GF,Bahrain,London,Airbus A321neo,5130,5130.0,0.0,No,No,112.0,86.7,98.72,11056.64,0.0,446.85,126.04,572.89,249,142649.61,97.73
2025-07,Pre-Iran Escalation,Gulf Air,GF,Bahrain,London,Airbus A321neo,5130,5130.0,0.0,No,No,112.0,93.24,104.81,11738.72,0.0,474.42,142.07,616.49,255,157204.95,97.86
2025-08,Pre-Iran Escalation,Gulf Air,GF,Bahrain,London,Airbus A321neo,5130,5130.0,0.0,No,No,112.0,87.66,103.36,11576.32,0.0,467.86,138.17,606.03,244,147871.32,97.83
2025-09,Pre-Iran Escalation,Gulf Air,GF,Bahrain,London,Airbus A321neo,5130,5130.0,0.0,No,No,112.0,104.85,124.54,13948.48,0.0,563.73,200.59,764.32,274,209423.68,98.19
2025-10,Pre-Iran Escalation,Gulf Air,GF,Bahrain,London,Airbus A321neo,5130,5130.0,0.0,No,No,112.0,99.34,111.43,12480.16,0.0,504.38,160.58,664.96,251,166904.96,97.99
2025-11,Pre-Iran Escalation,Gulf Air,GF,Bahrain,London,Airbus A321neo,5130,5130.0,0.0,No,No,112.0,92.61,108.47,12148.64,0.0,490.99,152.16,643.15,268,172364.2,97.93
2025-12,US-Iran War Conflict,Gulf Air,GF,Bahrain,London,Airbus A321neo,5130,6052.0,922.0,Yes,No,132.1,122.22,139.65,18447.76,3315.56,632.12,252.22,884.34,278,245846.52,98.63
2026-01,US-Iran War Conflict,Gulf Air,GF,Bahrain,London,Airbus A321neo,5130,5727.0,597.0,Yes,No,125.0,130.88,155.03,19378.75,2255.19,701.74,310.83,1012.57,272,275419.04,98.69
2026-02,US-Iran War Conflict,Gulf Air,GF,Bahrain,London,Airbus A321neo,5130,5931.0,801.0,Yes,No,129.5,155.73,177.13,22938.33,3581.6,801.77,360.8,1162.57,262,304593.34,98.89
2026-03,US-Iran War Conflict,Gulf Air,GF,Bahrain,London,Airbus A321neo,5130,6034.0,904.0,Yes,No,131.7,169.08,201.05,26478.28,4665.96,910.05,409.52,1319.57,218,287666.26,99.04
2026-04,De-escalation & Negotiations,Gulf Air,GF,Bahrain,London,Airbus A321neo,5130,5338.0,208.0,Yes,No,116.5,111.38,129.05,15034.33,609.58,584.14,215.38,799.52,260,207875.2,98.32
2026-05,De-escalation & Negotiations,Gulf Air,GF,Bahrain,London,Airbus A321neo,5130,5504.0,374.0,Yes,No,120.2,104.87,127.28,15299.06,1115.37,576.13,209.51,785.64,226,177554.64,98.35
2026-06,De-escalation & Negotiations,Gulf Air,GF,Bahrain,London,Airbus A321neo,5130,5309.0,179.0,Yes,No,115.9,92.83,105.25,12198.48,425.64,476.41,143.26,619.67,237,146861.79,97.94
2019-01,Pre-Pandemic Baseline,Emirates,EK,Dubai,Frankfurt,Airbus A380,4982,4982.0,0.0,No,No,108.0,63.0,71.31,7701.48,0.0,313.47,63.87,377.34,249,93957.66,96.87
2019-02,Pre-Pandemic Baseline,Emirates,EK,Dubai,Frankfurt,Airbus A380,4982,4982.0,0.0,No,No,108.0,67.61,80.55,8699.4,0.0,354.09,81.49,435.58,274,119348.92,97.22
2019-03,Pre-Pandemic Baseline,Emirates,EK,Dubai,Frankfurt,Airbus A380,4982,4982.0,0.0,No,No,108.0,65.86,78.77,8507.16,0.0,346.26,77.93,424.19,239,101381.41,97.16
2019-04,Pre-Pandemic Baseline,Emirates,EK,Dubai,Frankfurt,Airbus A380,4982,4982.0,0.0,No,No,108.0,64.79,76.2,8229.6,0.0,334.97,72.93,407.9,221,90145.9,97.06
2019-05,Pre-Pandemic Baseline,Emirates,EK,Dubai,Frankfurt,Airbus A380,4982,4982.0,0.0,No,No,108.0,61.25,73.32,7918.56,0.0,322.31,67.52,389.83,247,96288.01,96.95
2019-06,Pre-Pandemic Baseline,Emirates,EK,Dubai,Frankfurt,Airbus A380,4982,4982.0,0.0,No,No,108.0,61.25,71.62,7734.96,0.0,314.83,64.42,379.25,212,80401.0,96.88
2019-07,Pre-Pandemic Baseline,Emirates,EK,Dubai,Frankfurt,Airbus A380,4982,4982.0,0.0,No,No,108.0,60.46,70.88,7655.04,0.0,311.58,63.1,374.68,235,88049.8,96.85
2019-08,Pre-Pandemic Baseline,Emirates,EK,Dubai,Frankfurt,Airbus A380,4982,4982.0,0.0,No,No,108.0,66.93,77.82,8404.56,0.0,342.09,76.06,418.15,248,103701.2,97.12
2019-09,Pre-Pandemic Baseline,Emirates,EK,Dubai,Frankfurt,Airbus A380,4982,4982.0,0.0,No,No,108.0,64.81,72.75,7857.0,0.0,319.8,66.47,386.27,248,95794.96,96.93
2019-10,Pre-Pandemic Baseline,Emirates,EK,Dubai,Frankfurt,Airbus A380,4982,4982.0,0.0,No,No,108.0,65.66,74.25,8019.0,0.0,326.39,69.24,395.63,271,107215.73,96.99
2019-11,Pre-Pandemic Baseline,Emirates,EK,Dubai,Frankfurt,Airbus A380,4982,4982.0,0.0,No,No,108.0,60.16,67.57,7297.56,0.0,297.03,57.34,354.37,270,95679.9,96.7
2019-12,Pre-Pandemic Baseline,Emirates,EK,Dubai,Frankfurt,Airbus A380,4982,4982.0,0.0,No,No,108.0,67.76,80.2,8661.6,0.0,352.55,80.78,433.33,231,100099.23,97.2
2020-01,Pre-Pandemic Baseline,Emirates,EK,Dubai,Frankfurt,Airbus A380,4982,4982.0,0.0,No,No,108.0,66.66,76.75,8289.0,0.0,337.38,73.98,411.36,232,95435.52,97.08
2020-02,Pre-Pandemic Baseline,Emirates,EK,Dubai,Frankfurt,Airbus A380,4982,4982.0,0.0,No,No,108.0,61.7,72.24,7801.92,0.0,317.56,65.54,383.1,283,108417.3,96.91
2020-03,COVID-19 Collapse,Emirates,EK,Dubai,Frankfurt,Airbus A380,4982,4982.0,0.0,No,No,108.0,20.55,24.88,2687.04,0.0,109.37,7.77,117.14,239,27996.46,91.52
2020-04,COVID-19 Collapse,Emirates,EK,Dubai,Frankfurt,Airbus A380,4982,4982.0,0.0,No,No,108.0,20.57,23.55,2543.4,0.0,103.52,6.97,110.49,220,24307.8,91.08
2020-05,COVID-19 Collapse,Emirates,EK,Dubai,Frankfurt,Airbus A380,4982,4982.0,0.0,No,No,108.0,22.26,25.84,2790.72,0.0,113.59,8.39,121.98,259,31592.82,91.81
2020-06,COVID-19 Collapse,Emirates,EK,Dubai,Frankfurt,Airbus A380,4982,4982.0,0.0,No,No,108.0,45.35,54.22,5855.76,0.0,238.34,36.92,275.26,228,62759.28,95.92
2020-07,COVID-19 Collapse,Emirates,EK,Dubai,Frankfurt,Airbus A380,4982,4982.0,0.0,No,No,108.0,44.05,50.34,5436.72,0.0,221.29,31.83,253.12,255,64545.6,95.62
2020-08,COVID-19 Collapse,Emirates,EK,Dubai,Frankfurt,Airbus A380,4982,4982.0,0.0,No,No,108.0,42.08,47.45,5124.6,0.0,208.58,28.28,236.86,271,64189.06,95.36
2020-09,COVID-19 Collapse,Emirates,EK,Dubai,Frankfurt,Airbus A380,4982,4982.0,0.0,No,No,108.0,46.57,53.51,5779.08,0.0,235.22,35.96,271.18,223,60473.14,95.87
2020-10,COVID-19 Collapse,Emirates,EK,Dubai,Frankfurt,Airbus A380,4982,4982.0,0.0,No,No,108.0,39.95,45.39,4902.12,0.0,199.53,25.88,225.41,243,54774.63,95.16
2020-11,COVID-19 Collapse,Emirates,EK,Dubai,Frankfurt,Airbus A380,4982,4982.0,0.0,No,No,108.0,42.09,51.05,5513.4,0.0,224.41,32.73,257.14,238,61199.32,95.68
2020-12,COVID-19 Collapse,Emirates,EK,Dubai,Frankfurt,Airbus A380,4982,4982.0,0.0,No,No,108.0,43.13,51.79,5593.32,0.0,227.66,33.69,261.35,284,74223.4,95.74
2021-01,COVID-19 Collapse,Emirates,EK,Dubai,Frankfurt,Airbus A380,4982,4982.0,0.0,No,No,108.0,75.49,89.33,9647.64,0.0,392.68,100.22,492.9,263,129632.7,97.48
2021-02,COVID-19 Collapse,Emirates,EK,Dubai,Frankfurt,Airbus A380,4982,4982.0,0.0,No,No,108.0,83.06,100.27,10829.16,0.0,440.78,126.28,567.06,216,122484.96,97.75
2021-03,COVID-19 Collapse,Emirates,EK,Dubai,Frankfurt,Airbus A380,4982,4982.0,0.0,No,No,108.0,69.59,83.53,9021.24,0.0,367.19,87.63,454.82,227,103244.14,97.31
2021-04,COVID-19 Collapse,Emirates,EK,Dubai,Frankfurt,Airbus A380,4982,4982.0,0.0,No,No,108.0,76.83,87.48,9447.84,0.0,384.55,96.12,480.67,221,106228.07,97.43
2021-05,COVID-19 Collapse,Emirates,EK,Dubai,Frankfurt,Airbus A380,4982,4982.0,0.0,No,No,108.0,78.63,95.08,10268.64,0.0,417.96,113.54,531.5,211,112146.5,97.63
2021-06,Recovery & Surge,Emirates,EK,Dubai,Frankfurt,Airbus A380,4982,4982.0,0.0,No,No,108.0,66.07,77.56,8376.48,0.0,340.94,75.55,416.49,233,97042.17,97.11
2021-07,Recovery & Surge,Emirates,EK,Dubai,Frankfurt,Airbus A380,4982,4982.0,0.0,No,No,108.0,78.97,94.82,10240.56,0.0,416.82,112.92,529.74,234,123959.16,97.63
2021-08,Recovery & Surge,Emirates,EK,Dubai,Frankfurt,Airbus A380,4982,4982.0,0.0,No,No,108.0,68.92,83.37,9003.96,0.0,366.48,87.3,453.78,227,103008.06,97.31
2021-09,Recovery & Surge,Emirates,EK,Dubai,Frankfurt,Airbus A380,4982,4982.0,0.0,No,No,108.0,66.5,76.59,8271.72,0.0,336.68,73.68,410.36,251,103000.36,97.08
2021-10,Recovery & Surge,Emirates,EK,Dubai,Frankfurt,Airbus A380,4982,4982.0,0.0,No,No,108.0,86.82,98.19,10604.52,0.0,431.63,121.09,552.72,226,124914.72,97.7
2021-11,Recovery & Surge,Emirates,EK,Dubai,Frankfurt,Airbus A380,4982,4982.0,0.0,No,No,108.0,87.21,99.66,10763.28,0.0,438.09,124.74,562.83,280,157592.4,97.74
2021-12,Recovery & Surge,Emirates,EK,Dubai,Frankfurt,Airbus A380,4982,4982.0,0.0,No,No,108.0,83.59,97.19,10496.52,0.0,427.24,118.64,545.88,264,144112.32,97.68
2022-01,Recovery & Surge,Emirates,EK,Dubai,Frankfurt,Airbus A380,4982,4982.0,0.0,No,No,108.0,72.01,86.54,9346.32,0.0,380.42,94.06,474.48,219,103911.12,97.4
2022-02,Recovery & Surge,Emirates,EK,Dubai,Frankfurt,Airbus A380,4982,4982.0,0.0,No,No,108.0,67.25,81.11,8759.88,0.0,356.55,82.63,439.18,230,101011.4,97.23
2022-03,Ukraine War Shock,Emirates,EK,Dubai,Frankfurt,Airbus A380,4982,4982.0,0.0,No,No,108.0,117.58,131.77,14231.16,0.0,579.25,218.08,797.33,283,225644.39,98.28
2022-04,Ukraine War Shock,Emirates,EK,Dubai,Frankfurt,Airbus A380,4982,4982.0,0.0,No,No,108.0,109.53,128.27,13853.16,0.0,563.86,206.65,770.51,225,173364.75,98.23
2022-05,Ukraine War Shock,Emirates,EK,Dubai,Frankfurt,Airbus A380,4982,4982.0,0.0,No,No,108.0,99.03,115.05,12425.4,0.0,505.75,166.25,672.0,218,146496.0,98.03
2022-06,Ukraine War Shock,Emirates,EK,Dubai,Frankfurt,Airbus A380,4982,4982.0,0.0,No,No,108.0,111.34,127.17,13734.36,0.0,559.02,203.12,762.14,227,173005.78,98.22
2022-07,Ukraine War Shock,Emirates,EK,Dubai,Frankfurt,Airbus A380,4982,4982.0,0.0,No,No,108.0,80.69,91.34,9864.72,0.0,401.52,104.79,506.31,263,133159.53,97.54
2022-08,Ukraine War Shock,Emirates,EK,Dubai,Frankfurt,Airbus A380,4982,4982.0,0.0,No,No,108.0,98.19,113.29,12235.32,0.0,498.01,161.2,659.21,248,163484.08,98.0
2022-09,Ukraine War Shock,Emirates,EK,Dubai,Frankfurt,Airbus A380,4982,4982.0,0.0,No,No,108.0,85.18,103.43,11170.44,0.0,454.67,134.36,589.03,215,126641.45,97.82
2022-10,Ukraine War Shock,Emirates,EK,Dubai,Frankfurt,Airbus A380,4982,4982.0,0.0,No,No,108.0,93.25,107.45,11604.6,0.0,472.34,145.01,617.35,237,146311.95,97.9
2022-11,Ukraine War Shock,Emirates,EK,Dubai,Frankfurt,Airbus A380,4982,4982.0,0.0,No,No,108.0,86.23,101.05,10913.4,0.0,444.2,128.25,572.45,216,123649.2,97.77
2022-12,Ukraine War Shock,Emirates,EK,Dubai,Frankfurt,Airbus A380,4982,4982.0,0.0,No,No,108.0,90.4,107.6,11620.8,0.0,473.0,145.41,618.41,231,142852.71,97.9
2023-01,Stabilisation,Emirates,EK,Dubai,Frankfurt,Airbus A380,4982,4982.0,0.0,No,No,108.0,84.29,97.47,10526.76,0.0,428.47,119.32,547.79,222,121609.38,97.69
2023-02,Stabilisation,Emirates,EK,Dubai,Frankfurt,Airbus A380,4982,4982.0,0.0,No,No,108.0,78.14,95.11,10271.88,0.0,418.09,113.61,531.7,226,120164.2,97.63
2023-03,Stabilisation,Emirates,EK,Dubai,Frankfurt,Airbus A380,4982,4982.0,0.0,No,No,108.0,91.48,111.26,12016.08,0.0,489.09,155.47,644.56,268,172742.08,97.97
2023-04,Stabilisation,Emirates,EK,Dubai,Frankfurt,Airbus A380,4982,4982.0,0.0,No,No,108.0,88.18,100.98,10905.84,0.0,443.9,128.07,571.97,268,153287.96,97.77
2023-05,Stabilisation,Emirates,EK,Dubai,Frankfurt,Airbus A380,4982,4982.0,0.0,No,No,108.0,90.97,106.41,11492.28,0.0,467.77,142.22,609.99,264,161037.36,97.88
2023-06,Stabilisation,Emirates,EK,Dubai,Frankfurt,Airbus A380,4982,4982.0,0.0,No,No,108.0,90.21,103.75,11205.0,0.0,456.07,135.19,591.26,261,154318.86,97.83
2023-07,Stabilisation,Emirates,EK,Dubai,Frankfurt,Airbus A380,4982,4982.0,0.0,No,No,108.0,85.16,97.8,10562.4,0.0,429.92,120.13,550.05,228,125411.4,97.7
2023-08,Stabilisation,Emirates,EK,Dubai,Frankfurt,Airbus A380,4982,4982.0,0.0,No,No,108.0,90.67,101.88,11003.04,0.0,447.85,130.36,578.21,243,140505.03,97.79
2023-09,Stabilisation,Emirates,EK,Dubai,Frankfurt,Airbus A380,4982,4982.0,0.0,No,No,108.0,76.5,90.34,9756.72,0.0,397.12,102.5,499.62,244,121907.28,97.51
2023-10,Gaza-Israel Conflict,Emirates,EK,Dubai,Frankfurt,Airbus A380,4982,4982.0,0.0,No,No,108.0,78.33,91.67,9900.36,0.0,402.97,105.54,508.51,250,127127.5,97.55
2023-11,Gaza-Israel Conflict,Emirates,EK,Dubai,Frankfurt,Airbus A380,4982,4982.0,0.0,No,No,108.0,75.77,85.25,9207.0,0.0,374.75,91.28,466.03,274,127692.22,97.37
2023-12,Gaza-Israel Conflict,Emirates,EK,Dubai,Frankfurt,Airbus A380,4982,4982.0,0.0,No,No,108.0,80.53,92.44,9983.52,0.0,406.36,107.33,513.69,276,141778.44,97.57
2024-01,Gaza-Israel Conflict,Emirates,EK,Dubai,Frankfurt,Airbus A380,4982,4982.0,0.0,No,No,108.0,84.61,102.45,11064.6,0.0,450.36,131.83,582.19,226,131574.94,97.8
2024-02,Gaza-Israel Conflict,Emirates,EK,Dubai,Frankfurt,Airbus A380,4982,4982.0,0.0,No,No,108.0,82.61,94.5,10206.0,0.0,415.41,112.16,527.57,242,127671.94,97.62
2024-03,Gaza-Israel Conflict,Emirates,EK,Dubai,Frankfurt,Airbus A380,4982,4982.0,0.0,No,No,108.0,92.09,104.48,11283.84,0.0,459.28,137.1,596.38,221,131799.98,97.84
2024-04,Gaza-Israel Conflict,Emirates,EK,Dubai,Frankfurt,Airbus A380,4982,4982.0,0.0,No,No,108.0,84.06,98.26,10612.08,0.0,431.94,121.26,553.2,258,142725.6,97.71
2024-05,Gaza-Israel Conflict,Emirates,EK,Dubai,Frankfurt,Airbus A380,4982,4982.0,0.0,No,No,108.0,82.78,100.87,10893.96,0.0,443.41,127.79,571.2,252,143942.4,97.76
2024-06,Gaza-Israel Conflict,Emirates,EK,Dubai,Frankfurt,Airbus A380,4982,4982.0,0.0,No,No,108.0,87.23,99.81,10779.48,0.0,438.75,125.12,563.87,273,153936.51,97.74
2024-07,Gaza-Israel Conflict,Emirates,EK,Dubai,Frankfurt,Airbus A380,4982,4982.0,0.0,No,No,108.0,80.4,95.45,10308.6,0.0,419.59,114.43,534.02,248,132436.96,97.64
2024-08,Gaza-Israel Conflict,Emirates,EK,Dubai,Frankfurt,Airbus A380,4982,4982.0,0.0,No,No,108.0,91.64,109.62,11838.96,0.0,481.88,150.92,632.8,268,169590.4,97.94
2024-09,Gaza-Israel Conflict,Emirates,EK,Dubai,Frankfurt,Airbus A380,4982,4982.0,0.0,No,No,108.0,79.27,90.67,9792.36,0.0,398.57,103.25,501.82,233,116924.06,97.52
2024-10,Gaza-Israel Conflict,Emirates,EK,Dubai,Frankfurt,Airbus A380,4982,4982.0,0.0,No,No,108.0,94.78,113.06,12210.48,0.0,497.0,160.55,657.55,262,172278.1,98.0
2024-11,Gaza-Israel Conflict,Emirates,EK,Dubai,Frankfurt,Airbus A380,4982,4982.0,0.0,No,No,108.0,91.13,105.42,11385.36,0.0,463.41,139.58,602.99,213,128436.87,97.86
2024-12,Pre-Iran Escalation,Emirates,EK,Dubai,Frankfurt,Airbus A380,4982,4982.0,0.0,No,No,108.0,81.38,96.29,10399.32,0.0,423.28,116.45,539.73,221,119280.33,97.66
2025-01,Pre-Iran Escalation,Emirates,EK,Dubai,Frankfurt,Airbus A380,4982,4982.0,0.0,No,No,108.0,85.13,100.74,10879.92,0.0,442.84,127.46,570.3,243,138582.9,97.76
2025-02,Pre-Iran Escalation,Emirates,EK,Dubai,Frankfurt,Airbus A380,4982,4982.0,0.0,No,No,108.0,103.76,121.77,13151.16,0.0,535.29,186.24,721.53,276,199142.28,98.14
2025-03,Pre-Iran Escalation,Emirates,EK,Dubai,Frankfurt,Airbus A380,4982,4982.0,0.0,No,No,108.0,101.26,114.33,12347.64,0.0,502.58,164.17,666.75,276,184023.0,98.02
2025-04,Pre-Iran Escalation,Emirates,EK,Dubai,Frankfurt,Airbus A380,4982,4982.0,0.0,No,No,108.0,101.77,122.48,13227.84,0.0,538.41,188.41,726.82,254,184612.28,98.15
2025-05,Pre-Iran Escalation,Emirates,EK,Dubai,Frankfurt,Airbus A380,4982,4982.0,0.0,No,No,108.0,102.74,118.36,12782.88,0.0,520.3,175.95,696.25,219,152478.75,98.09
2025-06,Pre-Iran Escalation,Emirates,EK,Dubai,Frankfurt,Airbus A380,4982,4982.0,0.0,No,No,108.0,86.7,98.72,10661.76,0.0,433.96,122.4,556.36,261,145209.96,97.72
2025-07,Pre-Iran Escalation,Emirates,EK,Dubai,Frankfurt,Airbus A380,4982,4982.0,0.0,No,No,108.0,93.24,104.81,11319.48,0.0,460.73,137.97,598.7,223,133510.1,97.85
2025-08,Pre-Iran Escalation,Emirates,EK,Dubai,Frankfurt,Airbus A380,4982,4982.0,0.0,No,No,108.0,87.66,103.36,11162.88,0.0,454.36,134.18,588.54,236,138895.44,97.82
2025-09,Pre-Iran Escalation,Emirates,EK,Dubai,Frankfurt,Airbus A380,4982,4982.0,0.0,No,No,108.0,104.85,124.54,13450.32,0.0,547.46,194.8,742.26,233,172946.58,98.18
2025-10,Pre-Iran Escalation,Emirates,EK,Dubai,Frankfurt,Airbus A380,4982,4982.0,0.0,No,No,108.0,99.34,111.43,12034.44,0.0,489.83,155.95,645.78,276,178235.28,97.97
2025-11,Pre-Iran Escalation,Emirates,EK,Dubai,Frankfurt,Airbus A380,4982,4982.0,0.0,No,No,108.0,92.61,108.47,11714.76,0.0,476.82,147.77,624.59,262,163642.58,97.92
2025-12,US-Iran War Conflict,Emirates,EK,Dubai,Frankfurt,Airbus A380,4982,5441.0,459.0,Yes,Yes,117.9,122.22,139.65,16464.74,1516.92,613.88,244.94,858.82,0,0.0,98.51
2026-01,US-Iran War Conflict,Emirates,EK,Dubai,Frankfurt,Airbus A380,4982,5745.0,763.0,Yes,No,124.5,130.88,155.03,19301.24,2956.01,681.49,301.86,983.35,266,261571.1,98.73
2026-02,US-Iran War Conflict,Emirates,EK,Dubai,Frankfurt,Airbus A380,4982,6038.0,1056.0,Yes,No,130.9,155.73,177.13,23186.32,4914.64,778.64,350.39,1129.03,284,320644.52,98.94
2026-03,US-Iran War Conflict,Emirates,EK,Dubai,Frankfurt,Airbus A380,4982,5674.0,692.0,Yes,Yes,123.0,169.08,201.05,24729.15,3434.88,883.79,397.71,1281.5,0,0.0,99.0
2026-04,De-escalation & Negotiations,Emirates,EK,Dubai,Frankfurt,Airbus A380,4982,5132.0,150.0,Yes,No,111.2,111.38,129.05,14350.36,432.07,567.29,209.17,776.46,284,220514.64,98.29
2026-05,De-escalation & Negotiations,Emirates,EK,Dubai,Frankfurt,Airbus A380,4982,5175.0,193.0,Yes,No,112.2,104.87,127.28,14280.82,553.23,559.51,203.47,762.98,259,197611.82,98.29
2026-06,De-escalation & Negotiations,Emirates,EK,Dubai,Frankfurt,Airbus A380,4982,5379.0,397.0,Yes,No,116.6,92.83,105.25,12272.15,977.93,462.67,139.13,601.8,225,135405.0,98.01
2019-01,Pre-Pandemic Baseline,Singapore Airlines,SQ,Singapore,London,Airbus A350-900ULR,10805,10805.0,0.0,No,No,210.0,63.0,71.31,14975.1,0.0,679.86,138.52,818.38,256,209505.28,96.52
2019-02,Pre-Pandemic Baseline,Singapore Airlines,SQ,Singapore,London,Airbus A350-900ULR,10805,10805.0,0.0,No,No,210.0,67.61,80.55,16915.5,0.0,767.95,176.74,944.69,284,268291.96,96.91
2019-03,Pre-Pandemic Baseline,Singapore Airlines,SQ,Singapore,London,Airbus A350-900ULR,10805,10805.0,0.0,No,No,210.0,65.86,78.77,16541.7,0.0,750.98,169.01,919.99,280,257597.2,96.84
2019-04,Pre-Pandemic Baseline,Singapore Airlines,SQ,Singapore,London,Airbus A350-900ULR,10805,10805.0,0.0,No,No,210.0,64.79,76.2,16002.0,0.0,726.48,158.17,884.65,226,199930.9,96.73
2019-05,Pre-Pandemic Baseline,Singapore Airlines,SQ,Singapore,London,Airbus A350-900ULR,10805,10805.0,0.0,No,No,210.0,61.25,73.32,15397.2,0.0,699.02,146.43,845.45,217,183462.65,96.61
2019-06,Pre-Pandemic Baseline,Singapore Airlines,SQ,Singapore,London,Airbus A350-900ULR,10805,10805.0,0.0,No,No,210.0,61.25,71.62,15040.2,0.0,682.81,139.72,822.53,241,198229.73,96.53
2019-07,Pre-Pandemic Baseline,Singapore Airlines,SQ,Singapore,London,Airbus A350-900ULR,10805,10805.0,0.0,No,No,210.0,60.46,70.88,14884.8,0.0,675.76,136.85,812.61,267,216966.87,96.5
2019-08,Pre-Pandemic Baseline,Singapore Airlines,SQ,Singapore,London,Airbus A350-900ULR,10805,10805.0,0.0,No,No,210.0,66.93,77.82,16342.2,0.0,741.92,164.96,906.88,269,243950.72,96.8
2019-09,Pre-Pandemic Baseline,Singapore Airlines,SQ,Singapore,London,Airbus A350-900ULR,10805,10805.0,0.0,No,No,210.0,64.81,72.75,15277.5,0.0,693.59,144.17,837.76,255,213628.8,96.58
2019-10,Pre-Pandemic Baseline,Singapore Airlines,SQ,Singapore,London,Airbus A350-900ULR,10805,10805.0,0.0,No,No,210.0,65.66,74.25,15592.5,0.0,707.89,150.17,858.06,256,219663.36,96.65
2019-11,Pre-Pandemic Baseline,Singapore Airlines,SQ,Singapore,London,Airbus A350-900ULR,10805,10805.0,0.0,No,No,210.0,60.16,67.57,14189.7,0.0,644.2,124.37,768.57,219,168316.83,96.33
2019-12,Pre-Pandemic Baseline,Singapore Airlines,SQ,Singapore,London,Airbus A350-900ULR,10805,10805.0,0.0,No,No,210.0,67.76,80.2,16842.0,0.0,764.61,175.2,939.81,243,228373.83,96.89
2020-01,Pre-Pandemic Baseline,Singapore Airlines,SQ,Singapore,London,Airbus A350-900ULR,10805,10805.0,0.0,No,No,210.0,66.66,76.75,16117.5,0.0,731.72,160.46,892.18,253,225721.54,96.76
2020-02,Pre-Pandemic Baseline,Singapore Airlines,SQ,Singapore,London,Airbus A350-900ULR,10805,10805.0,0.0,No,No,210.0,61.7,72.24,15170.4,0.0,688.72,142.15,830.87,261,216857.07,96.56
2020-03,COVID-19 Collapse,Singapore Airlines,SQ,Singapore,London,Airbus A350-900ULR,10805,10805.0,0.0,No,No,210.0,20.55,24.88,5224.8,0.0,237.2,16.86,254.06,216,54876.96,90.63
2020-04,COVID-19 Collapse,Singapore Airlines,SQ,Singapore,London,Airbus A350-900ULR,10805,10805.0,0.0,No,No,210.0,20.57,23.55,4945.5,0.0,224.52,15.11,239.63,261,62543.43,90.15
2020-05,COVID-19 Collapse,Singapore Airlines,SQ,Singapore,London,Airbus A350-900ULR,10805,10805.0,0.0,No,No,210.0,22.26,25.84,5426.4,0.0,246.35,18.19,264.54,280,74071.2,90.95
2020-06,COVID-19 Collapse,Singapore Airlines,SQ,Singapore,London,Airbus A350-900ULR,10805,10805.0,0.0,No,No,210.0,45.35,54.22,11386.2,0.0,516.92,80.08,597.0,268,159996.0,95.47
2020-07,COVID-19 Collapse,Singapore Airlines,SQ,Singapore,London,Airbus A350-900ULR,10805,10805.0,0.0,No,No,210.0,44.05,50.34,10571.4,0.0,479.93,69.03,548.96,256,140533.76,95.14
2020-08,COVID-19 Collapse,Singapore Airlines,SQ,Singapore,London,Airbus A350-900ULR,10805,10805.0,0.0,No,No,210.0,42.08,47.45,9964.5,0.0,452.38,61.33,513.71,217,111475.07,94.86
2020-09,COVID-19 Collapse,Singapore Airlines,SQ,Singapore,London,Airbus A350-900ULR,10805,10805.0,0.0,No,No,210.0,46.57,53.51,11237.1,0.0,510.15,77.99,588.14,269,158209.66,95.41
2020-10,COVID-19 Collapse,Singapore Airlines,SQ,Singapore,London,Airbus A350-900ULR,10805,10805.0,0.0,No,No,210.0,39.95,45.39,9531.9,0.0,432.74,56.12,488.86,259,126614.74,94.64
2020-11,COVID-19 Collapse,Singapore Airlines,SQ,Singapore,London,Airbus A350-900ULR,10805,10805.0,0.0,No,No,210.0,42.09,51.05,10720.5,0.0,486.7,70.99,557.69,251,139980.19,95.2
2020-12,COVID-19 Collapse,Singapore Airlines,SQ,Singapore,London,Airbus A350-900ULR,10805,10805.0,0.0,No,No,210.0,43.13,51.79,10875.9,0.0,493.76,73.06,566.82,270,153041.4,95.27
2021-01,COVID-19 Collapse,Singapore Airlines,SQ,Singapore,London,Airbus A350-900ULR,10805,10805.0,0.0,No,No,210.0,75.49,89.33,18759.3,0.0,851.66,217.37,1069.03,260,277947.8,97.2
2021-02,COVID-19 Collapse,Singapore Airlines,SQ,Singapore,London,Airbus A350-900ULR,10805,10805.0,0.0,No,No,210.0,83.06,100.27,21056.7,0.0,955.96,273.87,1229.83,245,301308.35,97.5
2021-03,COVID-19 Collapse,Singapore Airlines,SQ,Singapore,London,Airbus A350-900ULR,10805,10805.0,0.0,No,No,210.0,69.59,83.53,17541.3,0.0,796.36,190.06,986.42,227,223917.34,97.01
2021-04,COVID-19 Collapse,Singapore Airlines,SQ,Singapore,London,Airbus A350-900ULR,10805,10805.0,0.0,No,No,210.0,76.83,87.48,18370.8,0.0,834.02,208.46,1042.48,247,257492.56,97.14
2021-05,COVID-19 Collapse,Singapore Airlines,SQ,Singapore,London,Airbus A350-900ULR,10805,10805.0,0.0,No,No,210.0,78.63,95.08,19966.8,0.0,906.48,246.25,1152.73,221,254753.33,97.37
2021-06,Recovery & Surge,Singapore Airlines,SQ,Singapore,London,Airbus A350-900ULR,10805,10805.0,0.0,No,No,210.0,66.07,77.56,16287.6,0.0,739.44,163.86,903.3,214,193306.2,96.79
2021-07,Recovery & Surge,Singapore Airlines,SQ,Singapore,London,Airbus A350-900ULR,10805,10805.0,0.0,No,No,210.0,78.97,94.82,19912.2,0.0,904.0,244.91,1148.91,227,260802.57,97.36
2021-08,Recovery & Surge,Singapore Airlines,SQ,Singapore,London,Airbus A350-900ULR,10805,10805.0,0.0,No,No,210.0,68.92,83.37,17507.7,0.0,794.83,189.33,984.16,237,233245.92,97.01
2021-09,Recovery & Surge,Singapore Airlines,SQ,Singapore,London,Airbus A350-900ULR,10805,10805.0,0.0,No,No,210.0,66.5,76.59,16083.9,0.0,730.2,159.79,889.99,258,229617.42,96.75
2021-10,Recovery & Surge,Singapore Airlines,SQ,Singapore,London,Airbus A350-900ULR,10805,10805.0,0.0,No,No,210.0,86.82,98.19,20619.9,0.0,936.13,262.62,1198.75,247,296091.25,97.45
2021-11,Recovery & Surge,Singapore Airlines,SQ,Singapore,London,Airbus A350-900ULR,10805,10805.0,0.0,No,No,210.0,87.21,99.66,20928.6,0.0,950.14,270.55,1220.69,265,323482.85,97.48
2021-12,Recovery & Surge,Singapore Airlines,SQ,Singapore,London,Airbus A350-900ULR,10805,10805.0,0.0,No,No,210.0,83.59,97.19,20409.9,0.0,926.59,257.3,1183.89,265,313730.85,97.42
2022-01,Recovery & Surge,Singapore Airlines,SQ,Singapore,London,Airbus A350-900ULR,10805,10805.0,0.0,No,No,210.0,72.01,86.54,18173.4,0.0,825.06,204.0,1029.06,262,269613.72,97.11
2022-02,Recovery & Surge,Singapore Airlines,SQ,Singapore,London,Airbus A350-900ULR,10805,10805.0,0.0,No,No,210.0,67.25,81.11,17033.1,0.0,773.29,179.2,952.49,251,239074.99,96.93
2022-03,Ukraine War Shock,Singapore Airlines,SQ,Singapore,London,Airbus A350-900ULR,10805,10805.0,0.0,No,No,210.0,117.58,131.77,27671.7,0.0,1256.27,472.97,1729.24,259,447873.16,98.09
2022-04,Ukraine War Shock,Singapore Airlines,SQ,Singapore,London,Airbus A350-900ULR,10805,10805.0,0.0,No,No,210.0,109.53,128.27,26936.7,0.0,1222.9,448.18,1671.08,283,472915.64,98.03
2022-05,Ukraine War Shock,Singapore Airlines,SQ,Singapore,London,Airbus A350-900ULR,10805,10805.0,0.0,No,No,210.0,99.03,115.05,24160.5,0.0,1096.87,360.56,1457.43,262,381846.66,97.81
2022-06,Ukraine War Shock,Singapore Airlines,SQ,Singapore,London,Airbus A350-900ULR,10805,10805.0,0.0,No,No,210.0,111.34,127.17,26705.7,0.0,1212.42,440.52,1652.94,265,438029.1,98.02
2022-07,Ukraine War Shock,Singapore Airlines,SQ,Singapore,London,Airbus A350-900ULR,10805,10805.0,0.0,No,No,210.0,80.69,91.34,19181.4,0.0,870.82,227.26,1098.08,231,253656.48,97.26
2022-08,Ukraine War Shock,Singapore Airlines,SQ,Singapore,London,Airbus A350-900ULR,10805,10805.0,0.0,No,No,210.0,98.19,113.29,23790.9,0.0,1080.09,349.61,1429.7,245,350276.5,97.78
2022-09,Ukraine War Shock,Singapore Airlines,SQ,Singapore,London,Airbus A350-900ULR,10805,10805.0,0.0,No,No,210.0,85.18,103.43,21720.3,0.0,986.08,291.4,1277.48,242,309150.16,97.57
2022-10,Ukraine War Shock,Singapore Airlines,SQ,Singapore,London,Airbus A350-900ULR,10805,10805.0,0.0,No,No,210.0,93.25,107.45,22564.5,0.0,1024.41,314.49,1338.9,236,315980.4,97.66
2022-11,Ukraine War Shock,Singapore Airlines,SQ,Singapore,London,Airbus A350-900ULR,10805,10805.0,0.0,No,No,210.0,86.23,101.05,21220.5,0.0,963.39,278.14,1241.53,244,302933.32,97.52
2022-12,Ukraine War Shock,Singapore Airlines,SQ,Singapore,London,Airbus A350-900ULR,10805,10805.0,0.0,No,No,210.0,90.4,107.6,22596.0,0.0,1025.84,315.37,1341.21,254,340667.34,97.66
2023-01,Stabilisation,Singapore Airlines,SQ,Singapore,London,Airbus A350-900ULR,10805,10805.0,0.0,No,No,210.0,84.29,97.47,20468.7,0.0,929.26,258.79,1188.05,256,304140.8,97.43
2023-02,Stabilisation,Singapore Airlines,SQ,Singapore,London,Airbus A350-900ULR,10805,10805.0,0.0,No,No,210.0,78.14,95.11,19973.1,0.0,906.76,246.41,1153.17,272,313662.24,97.37
2023-03,Stabilisation,Singapore Airlines,SQ,Singapore,London,Airbus A350-900ULR,10805,10805.0,0.0,No,No,210.0,91.48,111.26,23364.6,0.0,1060.73,337.19,1397.92,259,362061.28,97.74
2023-04,Stabilisation,Singapore Airlines,SQ,Singapore,London,Airbus A350-900ULR,10805,10805.0,0.0,No,No,210.0,88.18,100.98,21205.8,0.0,962.73,277.76,1240.49,275,341134.75,97.52
2023-05,Stabilisation,Singapore Airlines,SQ,Singapore,London,Airbus A350-900ULR,10805,10805.0,0.0,No,No,210.0,90.97,106.41,22346.1,0.0,1014.49,308.43,1322.92,259,342636.28,97.64
2023-06,Stabilisation,Singapore Airlines,SQ,Singapore,London,Airbus A350-900ULR,10805,10805.0,0.0,No,No,210.0,90.21,103.75,21787.5,0.0,989.13,293.21,1282.34,236,302632.24,97.58
2023-07,Stabilisation,Singapore Airlines,SQ,Singapore,London,Airbus A350-900ULR,10805,10805.0,0.0,No,No,210.0,85.16,97.8,20538.0,0.0,932.41,260.54,1192.95,257,306588.15,97.44
2023-08,Stabilisation,Singapore Airlines,SQ,Singapore,London,Airbus A350-900ULR,10805,10805.0,0.0,No,No,210.0,90.67,101.88,21394.8,0.0,971.31,282.73,1254.04,264,331066.56,97.54
2023-09,Stabilisation,Singapore Airlines,SQ,Singapore,London,Airbus A350-900ULR,10805,10805.0,0.0,No,No,210.0,76.5,90.34,18971.4,0.0,861.29,222.31,1083.6,261,282819.6,97.23
2023-10,Gaza-Israel Conflict,Singapore Airlines,SQ,Singapore,London,Airbus A350-900ULR,10805,10805.0,0.0,No,No,210.0,78.33,91.67,19250.7,0.0,873.97,228.91,1102.88,273,301086.24,97.27
2023-11,Gaza-Israel Conflict,Singapore Airlines,SQ,Singapore,London,Airbus A350-900ULR,10805,10805.0,0.0,No,No,210.0,75.77,85.25,17902.5,0.0,812.76,197.97,1010.73,277,279972.21,97.07
2023-12,Gaza-Israel Conflict,Singapore Airlines,SQ,Singapore,London,Airbus A350-900ULR,10805,10805.0,0.0,No,No,210.0,80.53,92.44,19412.4,0.0,881.31,232.77,1114.08,235,261808.8,97.29
2024-01,Gaza-Israel Conflict,Singapore Airlines,SQ,Singapore,London,Airbus A350-900ULR,10805,10805.0,0.0,No,No,210.0,84.61,102.45,21514.5,0.0,976.74,285.91,1262.65,215,271469.75,97.55
2024-02,Gaza-Israel Conflict,Singapore Airlines,SQ,Singapore,London,Airbus A350-900ULR,10805,10805.0,0.0,No,No,210.0,82.61,94.5,19845.0,0.0,900.95,243.26,1144.21,259,296350.39,97.35
2024-03,Gaza-Israel Conflict,Singapore Airlines,SQ,Singapore,London,Airbus A350-900ULR,10805,10805.0,0.0,No,No,210.0,92.09,104.48,21940.8,0.0,996.09,297.35,1293.44,218,281969.92,97.6
2024-04,Gaza-Israel Conflict,Singapore Airlines,SQ,Singapore,London,Airbus A350-900ULR,10805,10805.0,0.0,No,No,210.0,84.06,98.26,20634.6,0.0,936.79,263.0,1199.79,276,331142.04,97.45
2024-05,Gaza-Israel Conflict,Singapore Airlines,SQ,Singapore,London,Airbus A350-900ULR,10805,10805.0,0.0,No,No,210.0,82.78,100.87,21182.7,0.0,961.68,277.16,1238.84,271,335725.64,97.51
2024-06,Gaza-Israel Conflict,Singapore Airlines,SQ,Singapore,London,Airbus A350-900ULR,10805,10805.0,0.0,No,No,210.0,87.23,99.81,20960.1,0.0,951.57,271.36,1222.93,263,321630.59,97.49
2024-07,Gaza-Israel Conflict,Singapore Airlines,SQ,Singapore,London,Airbus A350-900ULR,10805,10805.0,0.0,No,No,210.0,80.4,95.45,20044.5,0.0,910.0,248.17,1158.17,279,323129.43,97.38
2024-08,Gaza-Israel Conflict,Singapore Airlines,SQ,Singapore,London,Airbus A350-900ULR,10805,10805.0,0.0,No,No,210.0,91.64,109.62,23020.2,0.0,1045.1,327.33,1372.43,276,378790.68,97.71
2024-09,Gaza-Israel Conflict,Singapore Airlines,SQ,Singapore,London,Airbus A350-900ULR,10805,10805.0,0.0,No,No,210.0,79.27,90.67,19040.7,0.0,864.43,223.94,1088.37,279,303655.23,97.24
2024-10,Gaza-Israel Conflict,Singapore Airlines,SQ,Singapore,London,Airbus A350-900ULR,10805,10805.0,0.0,No,No,210.0,94.78,113.06,23742.6,0.0,1077.89,348.19,1426.08,265,377911.2,97.78
2024-11,Gaza-Israel Conflict,Singapore Airlines,SQ,Singapore,London,Airbus A350-900ULR,10805,10805.0,0.0,No,No,210.0,91.13,105.42,22138.2,0.0,1005.06,302.72,1307.78,237,309943.86,97.62
2024-12,Pre-Iran Escalation,Singapore Airlines,SQ,Singapore,London,Airbus A350-900ULR,10805,10805.0,0.0,No,No,210.0,81.38,96.29,20220.9,0.0,918.01,252.56,1170.57,213,249331.41,97.4
2025-01,Pre-Iran Escalation,Singapore Airlines,SQ,Singapore,London,Airbus A350-900ULR,10805,10805.0,0.0,No,No,210.0,85.13,100.74,21155.4,0.0,960.44,276.44,1236.88,214,264692.32,97.51
2025-02,Pre-Iran Escalation,Singapore Airlines,SQ,Singapore,London,Airbus A350-900ULR,10805,10805.0,0.0,No,No,210.0,103.76,121.77,25571.7,0.0,1160.93,403.9,1564.83,269,420939.27,97.93
2025-03,Pre-Iran Escalation,Singapore Airlines,SQ,Singapore,London,Airbus A350-900ULR,10805,10805.0,0.0,No,No,210.0,101.26,114.33,24009.3,0.0,1090.0,356.06,1446.06,224,323917.44,97.8
2025-04,Pre-Iran Escalation,Singapore Airlines,SQ,Singapore,London,Airbus A350-900ULR,10805,10805.0,0.0,No,No,210.0,101.77,122.48,25720.8,0.0,1167.7,408.63,1576.33,233,367284.89,97.94
2025-05,Pre-Iran Escalation,Singapore Airlines,SQ,Singapore,London,Airbus A350-900ULR,10805,10805.0,0.0,No,No,210.0,102.74,118.36,24855.6,0.0,1128.42,381.6,1510.02,253,382035.06,97.87
2025-06,Pre-Iran Escalation,Singapore Airlines,SQ,Singapore,London,Airbus A350-900ULR,10805,10805.0,0.0,No,No,210.0,86.7,98.72,20731.2,0.0,941.18,265.47,1206.65,219,264256.35,97.46
2025-07,Pre-Iran Escalation,Singapore Airlines,SQ,Singapore,London,Airbus A350-900ULR,10805,10805.0,0.0,No,No,210.0,93.24,104.81,22010.1,0.0,999.24,299.23,1298.47,283,367467.01,97.6
2025-08,Pre-Iran Escalation,Singapore Airlines,SQ,Singapore,London,Airbus A350-900ULR,10805,10805.0,0.0,No,No,210.0,87.66,103.36,21705.6,0.0,985.42,291.01,1276.43,271,345912.53,97.57
2025-09,Pre-Iran Escalation,Singapore Airlines,SQ,Singapore,London,Airbus A350-900ULR,10805,10805.0,0.0,No,No,210.0,104.85,124.54,26153.4,0.0,1187.34,422.49,1609.83,253,407286.99,97.98
2025-10,Pre-Iran Escalation,Singapore Airlines,SQ,Singapore,London,Airbus A350-900ULR,10805,10805.0,0.0,No,No,210.0,99.34,111.43,23400.3,0.0,1062.35,338.22,1400.57,278,389358.46,97.74
2025-11,Pre-Iran Escalation,Singapore Airlines,SQ,Singapore,London,Airbus A350-900ULR,10805,10805.0,0.0,No,No,210.0,92.61,108.47,22778.7,0.0,1034.13,320.49,1354.62,247,334591.14,97.68
2025-12,US-Iran War Conflict,Singapore Airlines,SQ,Singapore,London,Airbus A350-900ULR,10805,13317.0,2512.0,Yes,No,258.8,122.22,139.65,36141.42,8402.34,1331.4,531.23,1862.63,271,504772.73,98.53
2026-01,US-Iran War Conflict,Singapore Airlines,SQ,Singapore,London,Airbus A350-900ULR,10805,11695.0,890.0,Yes,Yes,227.3,130.88,155.03,35238.32,2902.55,1478.03,654.68,2132.71,0,0.0,98.49
2026-02,US-Iran War Conflict,Singapore Airlines,SQ,Singapore,London,Airbus A350-900ULR,10805,13109.0,2304.0,Yes,Yes,254.8,155.73,177.13,45132.72,9623.86,1688.73,759.93,2448.66,0,0.0,98.82
2026-03,US-Iran War Conflict,Singapore Airlines,SQ,Singapore,London,Airbus A350-900ULR,10805,12575.0,1770.0,Yes,No,244.4,169.08,201.05,49136.62,8049.22,1916.78,862.55,2779.33,220,611452.6,98.91
2026-04,De-escalation & Negotiations,Singapore Airlines,SQ,Singapore,London,Airbus A350-900ULR,10805,11417.0,612.0,Yes,No,221.9,111.38,129.05,28636.2,1621.97,1230.34,453.64,1683.98,260,437834.8,98.15
2026-05,De-escalation & Negotiations,Singapore Airlines,SQ,Singapore,London,Airbus A350-900ULR,10805,11655.0,850.0,Yes,No,226.5,104.87,127.28,28828.92,2267.89,1213.47,441.29,1654.76,264,436856.64,98.16
2026-06,De-escalation & Negotiations,Singapore Airlines,SQ,Singapore,London,Airbus A350-900ULR,10805,11251.0,446.0,Yes,No,218.7,92.83,105.25,23018.17,950.13,1003.43,301.75,1305.18,223,291055.14,97.71
2019-01,Pre-Pandemic Baseline,Cathay Pacific,CX,Hong Kong,London,Airbus A350-1000,9644,9644.0,0.0,No,No,195.0,63.0,71.31,13905.45,0.0,606.81,123.63,730.44,269,196488.36,96.65
2019-02,Pre-Pandemic Baseline,Cathay Pacific,CX,Hong Kong,London,Airbus A350-1000,9644,9644.0,0.0,No,No,195.0,67.61,80.55,15707.25,0.0,685.43,157.75,843.18,236,198990.48,97.02
2019-03,Pre-Pandemic Baseline,Cathay Pacific,CX,Hong Kong,London,Airbus A350-1000,9644,9644.0,0.0,No,No,195.0,65.86,78.77,15360.15,0.0,670.29,150.85,821.14,280,229919.2,96.96
2019-04,Pre-Pandemic Baseline,Cathay Pacific,CX,Hong Kong,London,Airbus A350-1000,9644,9644.0,0.0,No,No,195.0,64.79,76.2,14859.0,0.0,648.42,141.17,789.59,230,181605.7,96.86
2019-05,Pre-Pandemic Baseline,Cathay Pacific,CX,Hong Kong,London,Airbus A350-1000,9644,9644.0,0.0,No,No,195.0,61.25,73.32,14297.4,0.0,623.91,130.7,754.61,224,169032.64,96.74
2019-06,Pre-Pandemic Baseline,Cathay Pacific,CX,Hong Kong,London,Airbus A350-1000,9644,9644.0,0.0,No,No,195.0,61.25,71.62,13965.9,0.0,609.44,124.71,734.15,256,187942.4,96.66
2019-07,Pre-Pandemic Baseline,Cathay Pacific,CX,Hong Kong,London,Airbus A350-1000,9644,9644.0,0.0,No,No,195.0,60.46,70.88,13821.6,0.0,603.15,122.15,725.3,278,201633.4,96.63
2019-08,Pre-Pandemic Baseline,Cathay Pacific,CX,Hong Kong,London,Airbus A350-1000,9644,9644.0,0.0,No,No,195.0,66.93,77.82,15174.9,0.0,662.2,147.24,809.44,220,178076.8,96.92
2019-09,Pre-Pandemic Baseline,Cathay Pacific,CX,Hong Kong,London,Airbus A350-1000,9644,9644.0,0.0,No,No,195.0,64.81,72.75,14186.25,0.0,619.06,128.68,747.74,213,159268.62,96.71
2019-10,Pre-Pandemic Baseline,Cathay Pacific,CX,Hong Kong,London,Airbus A350-1000,9644,9644.0,0.0,No,No,195.0,65.66,74.25,14478.75,0.0,631.82,134.04,765.86,282,215972.52,96.78
2019-11,Pre-Pandemic Baseline,Cathay Pacific,CX,Hong Kong,London,Airbus A350-1000,9644,9644.0,0.0,No,No,195.0,60.16,67.57,13176.15,0.0,574.98,111.0,685.98,220,150915.6,96.47
2019-12,Pre-Pandemic Baseline,Cathay Pacific,CX,Hong Kong,London,Airbus A350-1000,9644,9644.0,0.0,No,No,195.0,67.76,80.2,15639.0,0.0,682.45,156.38,838.83,255,213901.65,97.01
2020-01,Pre-Pandemic Baseline,Cathay Pacific,CX,Hong Kong,London,Airbus A350-1000,9644,9644.0,0.0,No,No,195.0,66.66,76.75,14966.25,0.0,653.1,143.22,796.32,224,178375.68,96.88
2020-02,Pre-Pandemic Baseline,Cathay Pacific,CX,Hong Kong,London,Airbus A350-1000,9644,9644.0,0.0,No,No,195.0,61.7,72.24,14086.8,0.0,614.72,126.88,741.6,222,164635.2,96.69
2020-03,COVID-19 Collapse,Cathay Pacific,CX,Hong Kong,London,Airbus A350-1000,9644,9644.0,0.0,No,No,195.0,20.55,24.88,4851.6,0.0,211.71,15.05,226.76,221,50113.96,90.96
2020-04,COVID-19 Collapse,Cathay Pacific,CX,Hong Kong,London,Airbus A350-1000,9644,9644.0,0.0,No,No,195.0,20.57,23.55,4592.25,0.0,200.4,13.48,213.88,263,56250.44,90.5
2020-05,COVID-19 Collapse,Cathay Pacific,CX,Hong Kong,London,Airbus A350-1000,9644,9644.0,0.0,No,No,195.0,22.26,25.84,5038.8,0.0,219.88,16.23,236.11,266,62805.26,91.27
2020-06,COVID-19 Collapse,Cathay Pacific,CX,Hong Kong,London,Airbus A350-1000,9644,9644.0,0.0,No,No,195.0,45.35,54.22,10572.9,0.0,461.38,71.47,532.85,218,116161.3,95.64
2020-07,COVID-19 Collapse,Cathay Pacific,CX,Hong Kong,London,Airbus A350-1000,9644,9644.0,0.0,No,No,195.0,44.05,50.34,9816.3,0.0,428.36,61.61,489.97,220,107793.4,95.32
2020-08,COVID-19 Collapse,Cathay Pacific,CX,Hong Kong,London,Airbus A350-1000,9644,9644.0,0.0,No,No,195.0,42.08,47.45,9252.75,0.0,403.77,54.74,458.51,280,128382.8,95.05
2020-09,COVID-19 Collapse,Cathay Pacific,CX,Hong Kong,London,Airbus A350-1000,9644,9644.0,0.0,No,No,195.0,46.57,53.51,10434.45,0.0,455.34,69.61,524.95,254,133337.3,95.58
2020-10,COVID-19 Collapse,Cathay Pacific,CX,Hong Kong,London,Airbus A350-1000,9644,9644.0,0.0,No,No,195.0,39.95,45.39,8851.05,0.0,386.24,50.09,436.33,268,116936.44,94.83
2020-11,COVID-19 Collapse,Cathay Pacific,CX,Hong Kong,London,Airbus A350-1000,9644,9644.0,0.0,No,No,195.0,42.09,51.05,9954.75,0.0,434.41,63.36,497.77,216,107518.32,95.38
2020-12,COVID-19 Collapse,Cathay Pacific,CX,Hong Kong,London,Airbus A350-1000,9644,9644.0,0.0,No,No,195.0,43.13,51.79,10099.05,0.0,440.7,65.21,505.91,213,107758.83,95.44
2021-01,COVID-19 Collapse,Cathay Pacific,CX,Hong Kong,London,Airbus A350-1000,9644,9644.0,0.0,No,No,195.0,75.49,89.33,17419.35,0.0,760.15,194.01,954.16,239,228044.24,97.31
2021-02,COVID-19 Collapse,Cathay Pacific,CX,Hong Kong,London,Airbus A350-1000,9644,9644.0,0.0,No,No,195.0,83.06,100.27,19552.65,0.0,853.24,244.44,1097.68,251,275517.68,97.59
2021-03,COVID-19 Collapse,Cathay Pacific,CX,Hong Kong,London,Airbus A350-1000,9644,9644.0,0.0,No,No,195.0,69.59,83.53,16288.35,0.0,710.79,169.64,880.43,237,208661.91,97.12
2021-04,COVID-19 Collapse,Cathay Pacific,CX,Hong Kong,London,Airbus A350-1000,9644,9644.0,0.0,No,No,195.0,76.83,87.48,17058.6,0.0,744.4,186.06,930.46,263,244710.98,97.25
2021-05,COVID-19 Collapse,Cathay Pacific,CX,Hong Kong,London,Airbus A350-1000,9644,9644.0,0.0,No,No,195.0,78.63,95.08,18540.6,0.0,809.07,219.79,1028.86,260,267503.6,97.47
2021-06,Recovery & Surge,Cathay Pacific,CX,Hong Kong,London,Airbus A350-1000,9644,9644.0,0.0,No,No,195.0,66.07,77.56,15124.2,0.0,659.99,146.25,806.24,243,195916.32,96.91
2021-07,Recovery & Surge,Cathay Pacific,CX,Hong Kong,London,Airbus A350-1000,9644,9644.0,0.0,No,No,195.0,78.97,94.82,18489.9,0.0,806.86,218.59,1025.45,215,220471.75,97.46
2021-08,Recovery & Surge,Cathay Pacific,CX,Hong Kong,London,Airbus A350-1000,9644,9644.0,0.0,No,No,195.0,68.92,83.37,16257.15,0.0,709.43,168.99,878.42,254,223118.68,97.12
2021-09,Recovery & Surge,Cathay Pacific,CX,Hong Kong,London,Airbus A350-1000,9644,9644.0,0.0,No,No,195.0,66.5,76.59,14935.05,0.0,651.74,142.62,794.36,228,181114.08,96.87
2021-10,Recovery & Surge,Cathay Pacific,CX,Hong Kong,London,Airbus A350-1000,9644,9644.0,0.0,No,No,195.0,86.82,98.19,19147.05,0.0,835.54,234.4,1069.94,238,254645.72,97.54
2021-11,Recovery & Surge,Cathay Pacific,CX,Hong Kong,London,Airbus A350-1000,9644,9644.0,0.0,No,No,195.0,87.21,99.66,19433.7,0.0,848.05,241.48,1089.53,211,229890.83,97.58
2021-12,Recovery & Surge,Cathay Pacific,CX,Hong Kong,London,Airbus A350-1000,9644,9644.0,0.0,No,No,195.0,83.59,97.19,18952.05,0.0,827.03,229.65,1056.68,249,263113.32,97.52
2022-01,Recovery & Surge,Cathay Pacific,CX,Hong Kong,London,Airbus A350-1000,9644,9644.0,0.0,No,No,195.0,72.01,86.54,16875.3,0.0,736.4,182.08,918.48,262,240641.76,97.22
2022-02,Recovery & Surge,Cathay Pacific,CX,Hong Kong,London,Airbus A350-1000,9644,9644.0,0.0,No,No,195.0,67.25,81.11,15816.45,0.0,690.2,159.95,850.15,253,215087.95,97.04
2022-03,Ukraine War Shock,Cathay Pacific,CX,Hong Kong,London,Airbus A350-1000,9644,9644.0,0.0,No,No,195.0,117.58,131.77,25695.15,0.0,1121.29,422.15,1543.44,266,410555.04,98.16
2022-04,Ukraine War Shock,Cathay Pacific,CX,Hong Kong,London,Airbus A350-1000,9644,9644.0,0.0,No,No,195.0,109.53,128.27,25012.65,0.0,1091.5,400.02,1491.52,284,423591.68,98.11
2022-05,Ukraine War Shock,Cathay Pacific,CX,Hong Kong,London,Airbus A350-1000,9644,9644.0,0.0,No,No,195.0,99.03,115.05,22434.75,0.0,979.01,321.81,1300.82,257,334310.74,97.9
2022-06,Ukraine War Shock,Cathay Pacific,CX,Hong Kong,London,Airbus A350-1000,9644,9644.0,0.0,No,No,195.0,111.34,127.17,24798.15,0.0,1082.14,393.19,1475.33,226,333424.58,98.09
2022-07,Ukraine War Shock,Cathay Pacific,CX,Hong Kong,London,Airbus A350-1000,9644,9644.0,0.0,No,No,195.0,80.69,91.34,17811.3,0.0,777.25,202.84,980.09,252,246982.68,97.36
2022-08,Ukraine War Shock,Cathay Pacific,CX,Hong Kong,London,Airbus A350-1000,9644,9644.0,0.0,No,No,195.0,98.19,113.29,22091.55,0.0,964.03,312.04,1276.07,228,290943.96,97.86
2022-09,Ukraine War Shock,Cathay Pacific,CX,Hong Kong,London,Airbus A350-1000,9644,9644.0,0.0,No,No,195.0,85.18,103.43,20168.85,0.0,880.13,260.09,1140.22,234,266811.48,97.67
2022-10,Ukraine War Shock,Cathay Pacific,CX,Hong Kong,London,Airbus A350-1000,9644,9644.0,0.0,No,No,195.0,93.25,107.45,20952.75,0.0,914.34,280.7,1195.04,236,282029.44,97.75
2022-11,Ukraine War Shock,Cathay Pacific,CX,Hong Kong,London,Airbus A350-1000,9644,9644.0,0.0,No,No,195.0,86.23,101.05,19704.75,0.0,859.88,248.26,1108.14,248,274818.72,97.61
2022-12,Ukraine War Shock,Cathay Pacific,CX,Hong Kong,London,Airbus A350-1000,9644,9644.0,0.0,No,No,195.0,90.4,107.6,20982.0,0.0,915.61,281.48,1197.09,249,298075.41,97.75
2023-01,Stabilisation,Cathay Pacific,CX,Hong Kong,London,Airbus A350-1000,9644,9644.0,0.0,No,No,195.0,84.29,97.47,19006.65,0.0,829.41,230.98,1060.39,260,275701.4,97.53
2023-02,Stabilisation,Cathay Pacific,CX,Hong Kong,London,Airbus A350-1000,9644,9644.0,0.0,No,No,195.0,78.14,95.11,18546.45,0.0,809.33,219.93,1029.26,242,249080.92,97.47
2023-03,Stabilisation,Cathay Pacific,CX,Hong Kong,London,Airbus A350-1000,9644,9644.0,0.0,No,No,195.0,91.48,111.26,21695.7,0.0,946.76,300.96,1247.72,224,279489.28,97.83
2023-04,Stabilisation,Cathay Pacific,CX,Hong Kong,London,Airbus A350-1000,9644,9644.0,0.0,No,No,195.0,88.18,100.98,19691.1,0.0,859.28,247.91,1107.19,246,272368.74,97.61
2023-05,Stabilisation,Cathay Pacific,CX,Hong Kong,London,Airbus A350-1000,9644,9644.0,0.0,No,No,195.0,90.97,106.41,20749.95,0.0,905.49,275.29,1180.78,269,317629.82,97.73
2023-06,Stabilisation,Cathay Pacific,CX,Hong Kong,London,Airbus A350-1000,9644,9644.0,0.0,No,No,195.0,90.21,103.75,20231.25,0.0,882.85,261.7,1144.55,262,299872.1,97.67
2023-07,Stabilisation,Cathay Pacific,CX,Hong Kong,London,Airbus A350-1000,9644,9644.0,0.0,No,No,195.0,85.16,97.8,19071.0,0.0,832.22,232.55,1064.77,218,232119.86,97.53
2023-08,Stabilisation,Cathay Pacific,CX,Hong Kong,London,Airbus A350-1000,9644,9644.0,0.0,No,No,195.0,90.67,101.88,19866.6,0.0,866.94,252.35,1119.29,281,314520.49,97.63
2023-09,Stabilisation,Cathay Pacific,CX,Hong Kong,London,Airbus A350-1000,9644,9644.0,0.0,No,No,195.0,76.5,90.34,17616.3,0.0,768.74,198.42,967.16,232,224381.12,97.34
2023-10,Gaza-Israel Conflict,Cathay Pacific,CX,Hong Kong,London,Airbus A350-1000,9644,9644.0,0.0,No,No,195.0,78.33,91.67,17875.65,0.0,780.06,204.31,984.37,253,249045.61,97.37
2023-11,Gaza-Israel Conflict,Cathay Pacific,CX,Hong Kong,London,Airbus A350-1000,9644,9644.0,0.0,No,No,195.0,75.77,85.25,16623.75,0.0,725.43,176.69,902.12,212,191249.44,97.18
2023-12,Gaza-Israel Conflict,Cathay Pacific,CX,Hong Kong,London,Airbus A350-1000,9644,9644.0,0.0,No,No,195.0,80.53,92.44,18025.8,0.0,786.61,207.75,994.36,278,276432.08,97.39
2024-01,Gaza-Israel Conflict,Cathay Pacific,CX,Hong Kong,London,Airbus A350-1000,9644,9644.0,0.0,No,No,195.0,84.61,102.45,19977.75,0.0,871.79,255.19,1126.98,261,294141.78,97.64
2024-02,Gaza-Israel Conflict,Cathay Pacific,CX,Hong Kong,London,Airbus A350-1000,9644,9644.0,0.0,No,No,195.0,82.61,94.5,18427.5,0.0,804.14,217.12,1021.26,230,234889.8,97.45
2024-03,Gaza-Israel Conflict,Cathay Pacific,CX,Hong Kong,London,Airbus A350-1000,9644,9644.0,0.0,No,No,195.0,92.09,104.48,20373.6,0.0,889.06,265.4,1154.46,261,301314.06,97.69
2024-04,Gaza-Israel Conflict,Cathay Pacific,CX,Hong Kong,London,Airbus A350-1000,9644,9644.0,0.0,No,No,195.0,84.06,98.26,19160.7,0.0,836.13,234.74,1070.87,231,247370.97,97.55
2024-05,Gaza-Israel Conflict,Cathay Pacific,CX,Hong Kong,London,Airbus A350-1000,9644,9644.0,0.0,No,No,195.0,82.78,100.87,19669.65,0.0,858.34,247.37,1105.71,229,253207.59,97.61
2024-06,Gaza-Israel Conflict,Cathay Pacific,CX,Hong Kong,London,Airbus A350-1000,9644,9644.0,0.0,No,No,195.0,87.23,99.81,19462.95,0.0,849.32,242.2,1091.52,243,265239.36,97.58
2024-07,Gaza-Israel Conflict,Cathay Pacific,CX,Hong Kong,London,Airbus A350-1000,9644,9644.0,0.0,No,No,195.0,80.4,95.45,18612.75,0.0,812.22,221.5,1033.72,255,263598.6,97.47
2024-08,Gaza-Israel Conflict,Cathay Pacific,CX,Hong Kong,London,Airbus A350-1000,9644,9644.0,0.0,No,No,195.0,91.64,109.62,21375.9,0.0,932.8,292.15,1224.95,225,275613.75,97.79
2024-09,Gaza-Israel Conflict,Cathay Pacific,CX,Hong Kong,London,Airbus A350-1000,9644,9644.0,0.0,No,No,195.0,79.27,90.67,17680.65,0.0,771.55,199.88,971.43,265,257428.95,97.35
2024-10,Gaza-Israel Conflict,Cathay Pacific,CX,Hong Kong,London,Airbus A350-1000,9644,9644.0,0.0,No,No,195.0,94.78,113.06,22046.7,0.0,962.07,310.78,1272.85,253,322031.05,97.86
2024-11,Gaza-Israel Conflict,Cathay Pacific,CX,Hong Kong,London,Airbus A350-1000,9644,9644.0,0.0,No,No,195.0,91.13,105.42,20556.9,0.0,897.06,270.19,1167.25,210,245122.5,97.71
2024-12,Pre-Iran Escalation,Cathay Pacific,CX,Hong Kong,London,Airbus A350-1000,9644,9644.0,0.0,No,No,195.0,81.38,96.29,18776.55,0.0,819.37,225.42,1044.79,251,262242.29,97.5
2025-01,Pre-Iran Escalation,Cathay Pacific,CX,Hong Kong,London,Airbus A350-1000,9644,9644.0,0.0,No,No,195.0,85.13,100.74,19644.3,0.0,857.24,246.74,1103.98,241,266059.18,97.6
2025-02,Pre-Iran Escalation,Cathay Pacific,CX,Hong Kong,London,Airbus A350-1000,9644,9644.0,0.0,No,No,195.0,103.76,121.77,23745.15,0.0,1036.19,360.51,1396.7,260,363142.0,98.01
2025-03,Pre-Iran Escalation,Cathay Pacific,CX,Hong Kong,London,Airbus A350-1000,9644,9644.0,0.0,No,No,195.0,101.26,114.33,22294.35,0.0,972.88,317.8,1290.68,277,357518.36,97.88
2025-04,Pre-Iran Escalation,Cathay Pacific,CX,Hong Kong,London,Airbus A350-1000,9644,9644.0,0.0,No,No,195.0,101.77,122.48,23883.6,0.0,1042.23,364.72,1406.95,229,322191.55,98.02
2025-05,Pre-Iran Escalation,Cathay Pacific,CX,Hong Kong,London,Airbus A350-1000,9644,9644.0,0.0,No,No,195.0,102.74,118.36,23080.2,0.0,1007.17,340.6,1347.77,260,350420.2,97.95
2025-06,Pre-Iran Escalation,Cathay Pacific,CX,Hong Kong,London,Airbus A350-1000,9644,9644.0,0.0,No,No,195.0,86.7,98.72,19250.4,0.0,840.05,236.94,1076.99,221,238014.79,97.56
2025-07,Pre-Iran Escalation,Cathay Pacific,CX,Hong Kong,London,Airbus A350-1000,9644,9644.0,0.0,No,No,195.0,93.24,104.81,20437.95,0.0,891.87,267.08,1158.95,216,250333.2,97.7
2025-08,Pre-Iran Escalation,Cathay Pacific,CX,Hong Kong,London,Airbus A350-1000,9644,9644.0,0.0,No,No,195.0,87.66,103.36,20155.2,0.0,879.53,259.74,1139.27,279,317856.33,97.66
2025-09,Pre-Iran Escalation,Cathay Pacific,CX,Hong Kong,London,Airbus A350-1000,9644,9644.0,0.0,No,No,195.0,104.85,124.54,24285.3,0.0,1059.76,377.09,1436.85,274,393696.9,98.05
2025-10,Pre-Iran Escalation,Cathay Pacific,CX,Hong Kong,London,Airbus A350-1000,9644,9644.0,0.0,No,No,195.0,99.34,111.43,21728.85,0.0,948.2,301.88,1250.08,247,308769.76,97.83
2025-11,Pre-Iran Escalation,Cathay Pacific,CX,Hong Kong,London,Airbus A350-1000,9644,9644.0,0.0,No,No,195.0,92.61,108.47,21151.65,0.0,923.02,286.06,1209.08,220,265997.6,97.77
2025-12,US-Iran War Conflict,Cathay Pacific,CX,Hong Kong,London,Airbus A350-1000,9644,10847.0,1203.0,Yes,No,219.3,122.22,139.65,30625.25,3820.22,1188.34,474.15,1662.49,252,418947.48,98.45
2026-01,US-Iran War Conflict,Cathay Pacific,CX,Hong Kong,London,Airbus A350-1000,9644,11484.0,1840.0,Yes,No,232.2,130.88,155.03,35997.97,6868.13,1319.21,584.33,1903.54,261,496823.94,98.68
2026-02,US-Iran War Conflict,Cathay Pacific,CX,Hong Kong,London,Airbus A350-1000,9644,11642.0,1998.0,Yes,No,235.4,155.73,177.13,41696.4,8638.47,1507.27,678.27,2185.54,225,491746.5,98.86
2026-03,US-Iran War Conflict,Cathay Pacific,CX,Hong Kong,London,Airbus A350-1000,9644,10901.0,1257.0,Yes,No,220.4,169.08,201.05,44311.42,5775.56,1710.82,769.87,2480.69,210,520944.9,98.92
2026-04,De-escalation & Negotiations,Cathay Pacific,CX,Hong Kong,London,Airbus A350-1000,9644,9790.0,146.0,Yes,Yes,198.0,111.38,129.05,25551.9,386.83,1098.14,404.9,1503.04,0,0.0,98.15
2026-05,De-escalation & Negotiations,Cathay Pacific,CX,Hong Kong,London,Airbus A350-1000,9644,9866.0,222.0,Yes,No,199.5,104.87,127.28,25392.36,584.52,1083.08,393.87,1476.95,246,363329.7,98.14
2026-06,De-escalation & Negotiations,Cathay Pacific,CX,Hong Kong,London,Airbus A350-1000,9644,10313.0,669.0,Yes,No,208.5,92.83,105.25,21944.62,1522.29,895.62,269.33,1164.95,264,307546.8,97.85
2019-01,Pre-Pandemic Baseline,Air India,AI,Mumbai,London,Boeing 787-8,7188,7188.0,0.0,No,No,152.0,63.0,71.31,10839.12,0.0,452.27,92.15,544.42,266,144815.72,96.79
2019-02,Pre-Pandemic Baseline,Air India,AI,Mumbai,London,Boeing 787-8,7188,7188.0,0.0,No,No,152.0,67.61,80.55,12243.6,0.0,510.88,117.58,628.46,255,160257.3,97.15
2019-03,Pre-Pandemic Baseline,Air India,AI,Mumbai,London,Boeing 787-8,7188,7188.0,0.0,No,No,152.0,65.86,78.77,11973.04,0.0,499.59,112.44,612.03,262,160351.86,97.09
2019-04,Pre-Pandemic Baseline,Air India,AI,Mumbai,London,Boeing 787-8,7188,7188.0,0.0,No,No,152.0,64.79,76.2,11582.4,0.0,483.29,105.22,588.51,223,131237.73,96.99
2019-05,Pre-Pandemic Baseline,Air India,AI,Mumbai,London,Boeing 787-8,7188,7188.0,0.0,No,No,152.0,61.25,73.32,11144.64,0.0,465.02,97.42,562.44,251,141172.44,96.88
2019-06,Pre-Pandemic Baseline,Air India,AI,Mumbai,London,Boeing 787-8,7188,7188.0,0.0,No,No,152.0,61.25,71.62,10886.24,0.0,454.24,92.95,547.19,252,137891.88,96.8
2019-07,Pre-Pandemic Baseline,Air India,AI,Mumbai,London,Boeing 787-8,7188,7188.0,0.0,No,No,152.0,60.46,70.88,10773.76,0.0,449.55,91.04,540.59,257,138931.63,96.77
2019-08,Pre-Pandemic Baseline,Air India,AI,Mumbai,London,Boeing 787-8,7188,7188.0,0.0,No,No,152.0,66.93,77.82,11828.64,0.0,493.56,109.74,603.3,268,161684.4,97.05
2019-09,Pre-Pandemic Baseline,Air India,AI,Mumbai,London,Boeing 787-8,7188,7188.0,0.0,No,No,152.0,64.81,72.75,11058.0,0.0,461.41,95.91,557.32,280,156049.6,96.85
2019-10,Pre-Pandemic Baseline,Air India,AI,Mumbai,London,Boeing 787-8,7188,7188.0,0.0,No,No,152.0,65.66,74.25,11286.0,0.0,470.92,99.9,570.82,263,150125.66,96.91
2019-11,Pre-Pandemic Baseline,Air India,AI,Mumbai,London,Boeing 787-8,7188,7188.0,0.0,No,No,152.0,60.16,67.57,10270.64,0.0,428.55,82.73,511.28,279,142647.12,96.62
2019-12,Pre-Pandemic Baseline,Air India,AI,Mumbai,London,Boeing 787-8,7188,7188.0,0.0,No,No,152.0,67.76,80.2,12190.4,0.0,508.66,116.56,625.22,251,156930.22,97.14
2020-01,Pre-Pandemic Baseline,Air India,AI,Mumbai,London,Boeing 787-8,7188,7188.0,0.0,No,No,152.0,66.66,76.75,11666.0,0.0,486.78,106.74,593.52,231,137103.12,97.01
2020-02,Pre-Pandemic Baseline,Air India,AI,Mumbai,London,Boeing 787-8,7188,7188.0,0.0,No,No,152.0,61.7,72.24,10980.48,0.0,458.17,94.57,552.74,259,143159.66,96.83
2020-03,COVID-19 Collapse,Air India,AI,Mumbai,London,Boeing 787-8,7188,7188.0,0.0,No,No,152.0,20.55,24.88,3781.76,0.0,157.8,11.22,169.02,283,47832.66,91.32
2020-04,COVID-19 Collapse,Air India,AI,Mumbai,London,Boeing 787-8,7188,7188.0,0.0,No,No,152.0,20.57,23.55,3579.6,0.0,149.36,10.05,159.41,263,41924.83,90.88
2020-05,COVID-19 Collapse,Air India,AI,Mumbai,London,Boeing 787-8,7188,7188.0,0.0,No,No,152.0,22.26,25.84,3927.68,0.0,163.89,12.1,175.99,282,49629.18,91.62
2020-06,COVID-19 Collapse,Air India,AI,Mumbai,London,Boeing 787-8,7188,7188.0,0.0,No,No,152.0,45.35,54.22,8241.44,0.0,343.88,53.27,397.15,211,83798.65,95.82
2020-07,COVID-19 Collapse,Air India,AI,Mumbai,London,Boeing 787-8,7188,7188.0,0.0,No,No,152.0,44.05,50.34,7651.68,0.0,319.27,45.92,365.19,229,83628.51,95.51
2020-08,COVID-19 Collapse,Air India,AI,Mumbai,London,Boeing 787-8,7188,7188.0,0.0,No,No,152.0,42.08,47.45,7212.4,0.0,300.94,40.8,341.74,230,78600.2,95.25
2020-09,COVID-19 Collapse,Air India,AI,Mumbai,London,Boeing 787-8,7188,7188.0,0.0,No,No,152.0,46.57,53.51,8133.52,0.0,339.38,51.89,391.27,242,94687.34,95.77
2020-10,COVID-19 Collapse,Air India,AI,Mumbai,London,Boeing 787-8,7188,7188.0,0.0,No,No,152.0,39.95,45.39,6899.28,0.0,287.88,37.33,325.21,212,68944.52,95.05
2020-11,COVID-19 Collapse,Air India,AI,Mumbai,London,Boeing 787-8,7188,7188.0,0.0,No,No,152.0,42.09,51.05,7759.6,0.0,323.78,47.23,371.01,278,103140.78,95.57
2020-12,COVID-19 Collapse,Air India,AI,Mumbai,London,Boeing 787-8,7188,7188.0,0.0,No,No,152.0,43.13,51.79,7872.08,0.0,328.47,48.6,377.07,263,99169.41,95.63
2021-01,COVID-19 Collapse,Air India,AI,Mumbai,London,Boeing 787-8,7188,7188.0,0.0,No,No,152.0,75.49,89.33,13578.16,0.0,566.56,144.6,711.16,216,153610.56,97.42
2021-02,COVID-19 Collapse,Air India,AI,Mumbai,London,Boeing 787-8,7188,7188.0,0.0,No,No,152.0,83.06,100.27,15241.04,0.0,635.95,182.19,818.14,223,182445.22,97.7
2021-03,COVID-19 Collapse,Air India,AI,Mumbai,London,Boeing 787-8,7188,7188.0,0.0,No,No,152.0,69.59,83.53,12696.56,0.0,529.78,126.44,656.22,255,167336.1,97.25
2021-04,COVID-19 Collapse,Air India,AI,Mumbai,London,Boeing 787-8,7188,7188.0,0.0,No,No,152.0,76.83,87.48,13296.96,0.0,554.83,138.68,693.51,278,192795.78,97.37
2021-05,COVID-19 Collapse,Air India,AI,Mumbai,London,Boeing 787-8,7188,7188.0,0.0,No,No,152.0,78.63,95.08,14452.16,0.0,603.03,163.82,766.85,216,165639.6,97.57
2021-06,Recovery & Surge,Air India,AI,Mumbai,London,Boeing 787-8,7188,7188.0,0.0,No,No,152.0,66.07,77.56,11789.12,0.0,491.91,109.01,600.92,242,145422.64,97.04
2021-07,Recovery & Surge,Air India,AI,Mumbai,London,Boeing 787-8,7188,7188.0,0.0,No,No,152.0,78.97,94.82,14412.64,0.0,601.38,162.92,764.3,225,171967.5,97.57
2021-08,Recovery & Surge,Air India,AI,Mumbai,London,Boeing 787-8,7188,7188.0,0.0,No,No,152.0,68.92,83.37,12672.24,0.0,528.76,125.95,654.71,223,146000.33,97.24
2021-09,Recovery & Surge,Air India,AI,Mumbai,London,Boeing 787-8,7188,7188.0,0.0,No,No,152.0,66.5,76.59,11641.68,0.0,485.76,106.3,592.06,264,156303.84,97.01
2021-10,Recovery & Surge,Air India,AI,Mumbai,London,Boeing 787-8,7188,7188.0,0.0,No,No,152.0,86.82,98.19,14924.88,0.0,622.76,174.71,797.47,271,216114.37,97.65
2021-11,Recovery & Surge,Air India,AI,Mumbai,London,Boeing 787-8,7188,7188.0,0.0,No,No,152.0,87.21,99.66,15148.32,0.0,632.08,179.98,812.06,279,226564.74,97.68
2021-12,Recovery & Surge,Air India,AI,Mumbai,London,Boeing 787-8,7188,7188.0,0.0,No,No,152.0,83.59,97.19,14772.88,0.0,616.41,171.17,787.58,261,205558.38,97.62
2022-01,Recovery & Surge,Air India,AI,Mumbai,London,Boeing 787-8,7188,7188.0,0.0,No,No,152.0,72.01,86.54,13154.08,0.0,548.87,135.71,684.58,214,146500.12,97.34
2022-02,Recovery & Surge,Air India,AI,Mumbai,London,Boeing 787-8,7188,7188.0,0.0,No,No,152.0,67.25,81.11,12328.72,0.0,514.43,119.22,633.65,236,149541.4,97.17
2022-03,Ukraine War Shock,Air India,AI,Mumbai,London,Boeing 787-8,7188,7188.0,0.0,No,No,152.0,117.58,131.77,20029.04,0.0,835.73,314.64,1150.37,243,279539.91,98.24
2022-04,Ukraine War Shock,Air India,AI,Mumbai,London,Boeing 787-8,7188,7188.0,0.0,No,No,152.0,109.53,128.27,19497.04,0.0,813.53,298.15,1111.68,230,255686.4,98.19
2022-05,Ukraine War Shock,Air India,AI,Mumbai,London,Boeing 787-8,7188,7188.0,0.0,No,No,152.0,99.03,115.05,17487.6,0.0,729.69,239.86,969.55,250,242387.5,97.99
2022-06,Ukraine War Shock,Air India,AI,Mumbai,London,Boeing 787-8,7188,7188.0,0.0,No,No,152.0,111.34,127.17,19329.84,0.0,806.56,293.06,1099.62,227,249613.74,98.17
2022-07,Ukraine War Shock,Air India,AI,Mumbai,London,Boeing 787-8,7188,7188.0,0.0,No,No,152.0,80.69,91.34,13883.68,0.0,579.31,151.18,730.49,277,202345.73,97.48
2022-08,Ukraine War Shock,Air India,AI,Mumbai,London,Boeing 787-8,7188,7188.0,0.0,No,No,152.0,98.19,113.29,17220.08,0.0,718.53,232.58,951.11,220,209244.2,97.96
2022-09,Ukraine War Shock,Air India,AI,Mumbai,London,Boeing 787-8,7188,7188.0,0.0,No,No,152.0,85.18,103.43,15721.36,0.0,655.99,193.85,849.84,241,204811.44,97.77
2022-10,Ukraine War Shock,Air India,AI,Mumbai,London,Boeing 787-8,7188,7188.0,0.0,No,No,152.0,93.25,107.45,16332.4,0.0,681.49,209.22,890.71,219,195065.49,97.85
2022-11,Ukraine War Shock,Air India,AI,Mumbai,London,Boeing 787-8,7188,7188.0,0.0,No,No,152.0,86.23,101.05,15359.6,0.0,640.89,185.03,825.92,236,194917.12,97.71
2022-12,Ukraine War Shock,Air India,AI,Mumbai,London,Boeing 787-8,7188,7188.0,0.0,No,No,152.0,90.4,107.6,16355.2,0.0,682.44,209.8,892.24,246,219491.04,97.85
2023-01,Stabilisation,Air India,AI,Mumbai,London,Boeing 787-8,7188,7188.0,0.0,No,No,152.0,84.29,97.47,14815.44,0.0,618.19,172.16,790.35,251,198377.85,97.63
2023-02,Stabilisation,Air India,AI,Mumbai,London,Boeing 787-8,7188,7188.0,0.0,No,No,152.0,78.14,95.11,14456.72,0.0,603.22,163.92,767.14,234,179510.76,97.57
2023-03,Stabilisation,Air India,AI,Mumbai,London,Boeing 787-8,7188,7188.0,0.0,No,No,152.0,91.48,111.26,16911.52,0.0,705.65,224.32,929.97,270,251091.9,97.92
2023-04,Stabilisation,Air India,AI,Mumbai,London,Boeing 787-8,7188,7188.0,0.0,No,No,152.0,88.18,100.98,15348.96,0.0,640.45,184.78,825.23,248,204657.04,97.71
2023-05,Stabilisation,Air India,AI,Mumbai,London,Boeing 787-8,7188,7188.0,0.0,No,No,152.0,90.97,106.41,16174.32,0.0,674.89,205.19,880.08,284,249942.72,97.83
2023-06,Stabilisation,Air India,AI,Mumbai,London,Boeing 787-8,7188,7188.0,0.0,No,No,152.0,90.21,103.75,15770.0,0.0,658.02,195.06,853.08,219,186824.52,97.77
2023-07,Stabilisation,Air India,AI,Mumbai,London,Boeing 787-8,7188,7188.0,0.0,No,No,152.0,85.16,97.8,14865.6,0.0,620.28,173.32,793.6,223,176972.8,97.64
2023-08,Stabilisation,Air India,AI,Mumbai,London,Boeing 787-8,7188,7188.0,0.0,No,No,152.0,90.67,101.88,15485.76,0.0,646.16,188.09,834.25,270,225247.5,97.73
2023-09,Stabilisation,Air India,AI,Mumbai,London,Boeing 787-8,7188,7188.0,0.0,No,No,152.0,76.5,90.34,13731.68,0.0,572.97,147.89,720.86,251,180935.86,97.45
2023-10,Gaza-Israel Conflict,Air India,AI,Mumbai,London,Boeing 787-8,7188,7188.0,0.0,No,No,152.0,78.33,91.67,13933.84,0.0,581.4,152.28,733.68,237,173882.16,97.49
2023-11,Gaza-Israel Conflict,Air India,AI,Mumbai,London,Boeing 787-8,7188,7188.0,0.0,No,No,152.0,75.77,85.25,12958.0,0.0,540.69,131.7,672.39,240,161373.6,97.3
2023-12,Gaza-Israel Conflict,Air India,AI,Mumbai,London,Boeing 787-8,7188,7188.0,0.0,No,No,152.0,80.53,92.44,14050.88,0.0,586.29,154.85,741.14,252,186767.28,97.51
2024-01,Gaza-Israel Conflict,Air India,AI,Mumbai,London,Boeing 787-8,7188,7188.0,0.0,No,No,152.0,84.61,102.45,15572.4,0.0,649.77,190.2,839.97,216,181433.52,97.74
2024-02,Gaza-Israel Conflict,Air India,AI,Mumbai,London,Boeing 787-8,7188,7188.0,0.0,No,No,152.0,82.61,94.5,14364.0,0.0,599.35,161.82,761.17,267,203232.39,97.56
2024-03,Gaza-Israel Conflict,Air India,AI,Mumbai,London,Boeing 787-8,7188,7188.0,0.0,No,No,152.0,92.09,104.48,15880.96,0.0,662.65,197.81,860.46,243,209091.78,97.79
2024-04,Gaza-Israel Conflict,Air India,AI,Mumbai,London,Boeing 787-8,7188,7188.0,0.0,No,No,152.0,84.06,98.26,14935.52,0.0,623.2,174.96,798.16,240,191558.4,97.65
2024-05,Gaza-Israel Conflict,Air India,AI,Mumbai,London,Boeing 787-8,7188,7188.0,0.0,No,No,152.0,82.78,100.87,15332.24,0.0,639.75,184.38,824.13,267,220042.71,97.71
2024-06,Gaza-Israel Conflict,Air India,AI,Mumbai,London,Boeing 787-8,7188,7188.0,0.0,No,No,152.0,87.23,99.81,15171.12,0.0,633.03,180.52,813.55,252,205014.6,97.69
2024-07,Gaza-Israel Conflict,Air India,AI,Mumbai,London,Boeing 787-8,7188,7188.0,0.0,No,No,152.0,80.4,95.45,14508.4,0.0,605.38,165.1,770.48,266,204947.68,97.58
2024-08,Gaza-Israel Conflict,Air India,AI,Mumbai,London,Boeing 787-8,7188,7188.0,0.0,No,No,152.0,91.64,109.62,16662.24,0.0,695.25,217.75,913.0,279,254727.0,97.89
2024-09,Gaza-Israel Conflict,Air India,AI,Mumbai,London,Boeing 787-8,7188,7188.0,0.0,No,No,152.0,79.27,90.67,13781.84,0.0,575.06,148.97,724.03,280,202728.4,97.46
2024-10,Gaza-Israel Conflict,Air India,AI,Mumbai,London,Boeing 787-8,7188,7188.0,0.0,No,No,152.0,94.78,113.06,17185.12,0.0,717.07,231.63,948.7,242,229585.4,97.95
2024-11,Gaza-Israel Conflict,Air India,AI,Mumbai,London,Boeing 787-8,7188,7188.0,0.0,No,No,152.0,91.13,105.42,16023.84,0.0,668.61,201.39,870.0,215,187050.0,97.81
2024-12,Pre-Iran Escalation,Air India,AI,Mumbai,London,Boeing 787-8,7188,7188.0,0.0,No,No,152.0,81.38,96.29,14636.08,0.0,610.71,168.02,778.73,210,163533.3,97.6
2025-01,Pre-Iran Escalation,Air India,AI,Mumbai,London,Boeing 787-8,7188,7188.0,0.0,No,No,152.0,85.13,100.74,15312.48,0.0,638.93,183.9,822.83,262,215581.46,97.71
2025-02,Pre-Iran Escalation,Air India,AI,Mumbai,London,Boeing 787-8,7188,7188.0,0.0,No,No,152.0,103.76,121.77,18509.04,0.0,772.31,268.7,1041.01,216,224858.16,98.1
2025-03,Pre-Iran Escalation,Air India,AI,Mumbai,London,Boeing 787-8,7188,7188.0,0.0,No,No,152.0,101.26,114.33,17378.16,0.0,725.12,236.87,961.99,239,229915.61,97.97
2025-04,Pre-Iran Escalation,Air India,AI,Mumbai,London,Boeing 787-8,7188,7188.0,0.0,No,No,152.0,101.77,122.48,18616.96,0.0,776.81,271.84,1048.65,259,271600.35,98.11
2025-05,Pre-Iran Escalation,Air India,AI,Mumbai,London,Boeing 787-8,7188,7188.0,0.0,No,No,152.0,102.74,118.36,17990.72,0.0,750.68,253.86,1004.54,284,285289.36,98.04
2025-06,Pre-Iran Escalation,Air India,AI,Mumbai,London,Boeing 787-8,7188,7188.0,0.0,No,No,152.0,86.7,98.72,15005.44,0.0,626.12,176.6,802.72,226,181414.72,97.66
2025-07,Pre-Iran Escalation,Air India,AI,Mumbai,London,Boeing 787-8,7188,7188.0,0.0,No,No,152.0,93.24,104.81,15931.12,0.0,664.74,199.06,863.8,210,181398.0,97.79
2025-08,Pre-Iran Escalation,Air India,AI,Mumbai,London,Boeing 787-8,7188,7188.0,0.0,No,No,152.0,87.66,103.36,15710.72,0.0,655.55,193.59,849.14,213,180866.82,97.76
2025-09,Pre-Iran Escalation,Air India,AI,Mumbai,London,Boeing 787-8,7188,7188.0,0.0,No,No,152.0,104.85,124.54,18930.08,0.0,789.88,281.06,1070.94,226,242032.44,98.14
2025-10,Pre-Iran Escalation,Air India,AI,Mumbai,London,Boeing 787-8,7188,7188.0,0.0,No,No,152.0,99.34,111.43,16937.36,0.0,706.73,225.0,931.73,284,264611.32,97.92
2025-11,Pre-Iran Escalation,Air India,AI,Mumbai,London,Boeing 787-8,7188,7188.0,0.0,No,No,152.0,92.61,108.47,16487.44,0.0,687.96,213.21,901.17,215,193751.55,97.87
2025-12,US-Iran War Conflict,Air India,AI,Mumbai,London,Boeing 787-8,7188,8679.0,1491.0,Yes,No,183.5,122.22,139.65,25625.78,5315.53,885.71,353.4,1239.11,221,273843.31,98.62
2026-01,US-Iran War Conflict,Air India,AI,Mumbai,London,Boeing 787-8,7188,8012.0,824.0,Yes,Yes,169.4,130.88,155.03,26262.08,3010.57,983.25,435.52,1418.77,0,0.0,98.65
2026-02,US-Iran War Conflict,Air India,AI,Mumbai,London,Boeing 787-8,7188,8042.0,854.0,Yes,No,170.1,155.73,177.13,30129.81,3579.7,1123.42,505.54,1628.96,218,355113.28,98.82
2026-03,US-Iran War Conflict,Air India,AI,Mumbai,London,Boeing 787-8,7188,7784.0,596.0,Yes,No,164.6,169.08,201.05,33092.83,2743.92,1275.13,573.81,1848.94,269,497364.86,98.93
2026-04,De-escalation & Negotiations,Air India,AI,Mumbai,London,Boeing 787-8,7188,7356.0,168.0,Yes,No,155.5,111.38,129.05,20067.28,469.02,818.48,301.79,1120.27,218,244218.86,98.24
2026-05,De-escalation & Negotiations,Air India,AI,Mumbai,London,Boeing 787-8,7188,7397.0,209.0,Yes,No,156.4,104.87,127.28,19906.59,578.81,807.25,293.56,1100.81,266,292815.46,98.23
2026-06,De-escalation & Negotiations,Air India,AI,Mumbai,London,Boeing 787-8,7188,7373.0,185.0,Yes,No,155.9,92.83,105.25,16408.48,422.31,667.53,200.74,868.27,250,217067.5,97.86
2019-01,Pre-Pandemic Baseline,Thai Airways,TG,Bangkok,London,Airbus A380,9544,9544.0,0.0,No,No,192.0,63.0,71.31,13691.52,0.0,600.51,122.35,722.86,226,163366.36,96.63
2019-02,Pre-Pandemic Baseline,Thai Airways,TG,Bangkok,London,Airbus A380,9544,9544.0,0.0,No,No,192.0,67.61,80.55,15465.6,0.0,678.33,156.11,834.44,239,199431.16,97.01
2019-03,Pre-Pandemic Baseline,Thai Airways,TG,Bangkok,London,Airbus A380,9544,9544.0,0.0,No,No,192.0,65.86,78.77,15123.84,0.0,663.34,149.29,812.63,249,202344.87,96.94
2019-04,Pre-Pandemic Baseline,Thai Airways,TG,Bangkok,London,Airbus A380,9544,9544.0,0.0,No,No,192.0,64.79,76.2,14630.4,0.0,641.69,139.71,781.4,266,207852.4,96.84
2019-05,Pre-Pandemic Baseline,Thai Airways,TG,Bangkok,London,Airbus A380,9544,9544.0,0.0,No,No,192.0,61.25,73.32,14077.44,0.0,617.44,129.34,746.78,231,172506.18,96.72
2019-06,Pre-Pandemic Baseline,Thai Airways,TG,Bangkok,London,Airbus A380,9544,9544.0,0.0,No,No,192.0,61.25,71.62,13751.04,0.0,603.12,123.42,726.54,243,176549.22,96.65
2019-07,Pre-Pandemic Baseline,Thai Airways,TG,Bangkok,London,Airbus A380,9544,9544.0,0.0,No,No,192.0,60.46,70.88,13608.96,0.0,596.89,120.88,717.77,258,185184.66,96.61
2019-08,Pre-Pandemic Baseline,Thai Airways,TG,Bangkok,London,Airbus A380,9544,9544.0,0.0,No,No,192.0,66.93,77.82,14941.44,0.0,655.34,145.71,801.05,230,184241.5,96.91
2019-09,Pre-Pandemic Baseline,Thai Airways,TG,Bangkok,London,Airbus A380,9544,9544.0,0.0,No,No,192.0,64.81,72.75,13968.0,0.0,612.64,127.34,739.98,226,167235.48,96.7
2019-10,Pre-Pandemic Baseline,Thai Airways,TG,Bangkok,London,Airbus A380,9544,9544.0,0.0,No,No,192.0,65.66,74.25,14256.0,0.0,625.27,132.65,757.92,252,190995.84,96.76
2019-11,Pre-Pandemic Baseline,Thai Airways,TG,Bangkok,London,Airbus A380,9544,9544.0,0.0,No,No,192.0,60.16,67.57,12973.44,0.0,569.02,109.85,678.87,281,190762.47,96.45
2019-12,Pre-Pandemic Baseline,Thai Airways,TG,Bangkok,London,Airbus A380,9544,9544.0,0.0,No,No,192.0,67.76,80.2,15398.4,0.0,675.38,154.76,830.14,278,230778.92,96.99
2020-01,Pre-Pandemic Baseline,Thai Airways,TG,Bangkok,London,Airbus A380,9544,9544.0,0.0,No,No,192.0,66.66,76.75,14736.0,0.0,646.33,141.73,788.06,255,200955.3,96.86
2020-02,Pre-Pandemic Baseline,Thai Airways,TG,Bangkok,London,Airbus A380,9544,9544.0,0.0,No,No,192.0,61.7,72.24,13870.08,0.0,608.35,125.56,733.91,241,176872.31,96.67
2020-03,COVID-19 Collapse,Thai Airways,TG,Bangkok,London,Airbus A380,9544,9544.0,0.0,No,No,192.0,20.55,24.88,4776.96,0.0,209.52,14.89,224.41,252,56551.32,90.92
2020-04,COVID-19 Collapse,Thai Airways,TG,Bangkok,London,Airbus A380,9544,9544.0,0.0,No,No,192.0,20.57,23.55,4521.6,0.0,198.32,13.34,211.66,270,57148.2,90.45
2020-05,COVID-19 Collapse,Thai Airways,TG,Bangkok,London,Airbus A380,9544,9544.0,0.0,No,No,192.0,22.26,25.84,4961.28,0.0,217.6,16.07,233.67,216,50472.72,91.23
2020-06,COVID-19 Collapse,Thai Airways,TG,Bangkok,London,Airbus A380,9544,9544.0,0.0,No,No,192.0,45.35,54.22,10410.24,0.0,456.6,70.73,527.33,268,141324.44,95.62
2020-07,COVID-19 Collapse,Thai Airways,TG,Bangkok,London,Airbus A380,9544,9544.0,0.0,No,No,192.0,44.05,50.34,9665.28,0.0,423.92,60.97,484.89,259,125586.51,95.3
2020-08,COVID-19 Collapse,Thai Airways,TG,Bangkok,London,Airbus A380,9544,9544.0,0.0,No,No,192.0,42.08,47.45,9110.4,0.0,399.58,54.17,453.75,230,104362.5,95.02
2020-09,COVID-19 Collapse,Thai Airways,TG,Bangkok,London,Airbus A380,9544,9544.0,0.0,No,No,192.0,46.57,53.51,10273.92,0.0,450.62,68.89,519.51,275,142865.25,95.56
2020-10,COVID-19 Collapse,Thai Airways,TG,Bangkok,London,Airbus A380,9544,9544.0,0.0,No,No,192.0,39.95,45.39,8714.88,0.0,382.24,49.57,431.81,215,92839.15,94.81
2020-11,COVID-19 Collapse,Thai Airways,TG,Bangkok,London,Airbus A380,9544,9544.0,0.0,No,No,192.0,42.09,51.05,9801.6,0.0,429.9,62.7,492.6,278,136942.8,95.36
2020-12,COVID-19 Collapse,Thai Airways,TG,Bangkok,London,Airbus A380,9544,9544.0,0.0,No,No,192.0,43.13,51.79,9943.68,0.0,436.13,64.53,500.66,239,119657.74,95.42
2021-01,COVID-19 Collapse,Thai Airways,TG,Bangkok,London,Airbus A380,9544,9544.0,0.0,No,No,192.0,75.49,89.33,17151.36,0.0,752.26,192.0,944.26,270,254950.2,97.29
2021-02,COVID-19 Collapse,Thai Airways,TG,Bangkok,London,Airbus A380,9544,9544.0,0.0,No,No,192.0,83.06,100.27,19251.84,0.0,844.39,241.91,1086.3,221,240072.3,97.58
2021-03,COVID-19 Collapse,Thai Airways,TG,Bangkok,London,Airbus A380,9544,9544.0,0.0,No,No,192.0,69.59,83.53,16037.76,0.0,703.42,167.88,871.3,252,219567.6,97.11
2021-04,COVID-19 Collapse,Thai Airways,TG,Bangkok,London,Airbus A380,9544,9544.0,0.0,No,No,192.0,76.83,87.48,16796.16,0.0,736.68,184.13,920.81,212,195211.72,97.24
2021-05,COVID-19 Collapse,Thai Airways,TG,Bangkok,London,Airbus A380,9544,9544.0,0.0,No,No,192.0,78.63,95.08,18255.36,0.0,800.69,217.51,1018.2,230,234186.0,97.45
2021-06,Recovery & Surge,Thai Airways,TG,Bangkok,London,Airbus A380,9544,9544.0,0.0,No,No,192.0,66.07,77.56,14891.52,0.0,653.15,144.74,797.89,272,217026.08,96.89
2021-07,Recovery & Surge,Thai Airways,TG,Bangkok,London,Airbus A380,9544,9544.0,0.0,No,No,192.0,78.97,94.82,18205.44,0.0,798.5,216.33,1014.83,244,247618.52,97.45
2021-08,Recovery & Surge,Thai Airways,TG,Bangkok,London,Airbus A380,9544,9544.0,0.0,No,No,192.0,68.92,83.37,16007.04,0.0,702.07,167.23,869.3,259,225148.7,97.11
2021-09,Recovery & Surge,Thai Airways,TG,Bangkok,London,Airbus A380,9544,9544.0,0.0,No,No,192.0,66.5,76.59,14705.28,0.0,644.98,141.14,786.12,270,212252.4,96.86
2021-10,Recovery & Surge,Thai Airways,TG,Bangkok,London,Airbus A380,9544,9544.0,0.0,No,No,192.0,86.82,98.19,18852.48,0.0,826.88,231.98,1058.86,249,263656.14,97.53
2021-11,Recovery & Surge,Thai Airways,TG,Bangkok,London,Airbus A380,9544,9544.0,0.0,No,No,192.0,87.21,99.66,19134.72,0.0,839.25,238.97,1078.22,253,272789.66,97.57
2021-12,Recovery & Surge,Thai Airways,TG,Bangkok,London,Airbus A380,9544,9544.0,0.0,No,No,192.0,83.59,97.19,18660.48,0.0,818.45,227.27,1045.72,267,279207.24,97.51
2022-01,Recovery & Surge,Thai Airways,TG,Bangkok,London,Airbus A380,9544,9544.0,0.0,No,No,192.0,72.01,86.54,16615.68,0.0,728.77,180.19,908.96,219,199062.24,97.21
2022-02,Recovery & Surge,Thai Airways,TG,Bangkok,London,Airbus A380,9544,9544.0,0.0,No,No,192.0,67.25,81.11,15573.12,0.0,683.04,158.29,841.33,215,180885.95,97.03
2022-03,Ukraine War Shock,Thai Airways,TG,Bangkok,London,Airbus A380,9544,9544.0,0.0,No,No,192.0,117.58,131.77,25299.84,0.0,1109.66,417.77,1527.43,256,391022.08,98.15
2022-04,Ukraine War Shock,Thai Airways,TG,Bangkok,London,Airbus A380,9544,9544.0,0.0,No,Yes,192.0,109.53,128.27,24627.84,0.0,1080.18,395.87,1476.05,0,0.0,98.1
2022-05,Ukraine War Shock,Thai Airways,TG,Bangkok,London,Airbus A380,9544,9544.0,0.0,No,No,192.0,99.03,115.05,22089.6,0.0,968.86,318.48,1287.34,258,332133.72,97.89
2022-06,Ukraine War Shock,Thai Airways,TG,Bangkok,London,Airbus A380,9544,9544.0,0.0,No,No,192.0,111.34,127.17,24416.64,0.0,1070.92,389.11,1460.03,262,382527.86,98.08
2022-07,Ukraine War Shock,Thai Airways,TG,Bangkok,London,Airbus A380,9544,9544.0,0.0,No,No,192.0,80.69,91.34,17537.28,0.0,769.19,200.74,969.93,259,251211.87,97.35
2022-08,Ukraine War Shock,Thai Airways,TG,Bangkok,London,Airbus A380,9544,9544.0,0.0,No,No,192.0,98.19,113.29,21751.68,0.0,954.04,308.81,1262.85,255,322026.75,97.85
2022-09,Ukraine War Shock,Thai Airways,TG,Bangkok,London,Airbus A380,9544,9544.0,0.0,No,No,192.0,85.18,103.43,19858.56,0.0,871.0,257.39,1128.39,224,252759.36,97.65
2022-10,Ukraine War Shock,Thai Airways,TG,Bangkok,London,Airbus A380,9544,9544.0,0.0,No,No,192.0,93.25,107.45,20630.4,0.0,904.86,277.79,1182.65,273,322863.45,97.74
2022-11,Ukraine War Shock,Thai Airways,TG,Bangkok,London,Airbus A380,9544,9544.0,0.0,No,Yes,192.0,86.23,101.05,19401.6,0.0,850.96,245.68,1096.64,0,0.0,97.6
2022-12,Ukraine War Shock,Thai Airways,TG,Bangkok,London,Airbus A380,9544,9544.0,0.0,No,No,192.0,90.4,107.6,20659.2,0.0,906.12,278.57,1184.69,283,335267.27,97.74
2023-01,Stabilisation,Thai Airways,TG,Bangkok,London,Airbus A380,9544,9544.0,0.0,No,No,192.0,84.29,97.47,18714.24,0.0,820.81,228.58,1049.39,215,225618.85,97.51
2023-02,Stabilisation,Thai Airways,TG,Bangkok,London,Airbus A380,9544,9544.0,0.0,No,No,192.0,78.14,95.11,18261.12,0.0,800.94,217.65,1018.59,232,236312.88,97.45
2023-03,Stabilisation,Thai Airways,TG,Bangkok,London,Airbus A380,9544,9544.0,0.0,No,No,192.0,91.48,111.26,21361.92,0.0,936.94,297.84,1234.78,217,267947.26,97.81
2023-04,Stabilisation,Thai Airways,TG,Bangkok,London,Airbus A380,9544,9544.0,0.0,No,No,192.0,88.18,100.98,19388.16,0.0,850.37,245.34,1095.71,274,300224.54,97.6
2023-05,Stabilisation,Thai Airways,TG,Bangkok,London,Airbus A380,9544,9544.0,0.0,No,No,192.0,90.97,106.41,20430.72,0.0,896.1,272.44,1168.54,271,316674.34,97.72
2023-06,Stabilisation,Thai Airways,TG,Bangkok,London,Airbus A380,9544,9544.0,0.0,No,No,192.0,90.21,103.75,19920.0,0.0,873.7,258.99,1132.69,267,302428.23,97.66
2023-07,Stabilisation,Thai Airways,TG,Bangkok,London,Airbus A380,9544,9544.0,0.0,No,No,192.0,85.16,97.8,18777.6,0.0,823.59,230.13,1053.72,260,273967.2,97.52
2023-08,Stabilisation,Thai Airways,TG,Bangkok,London,Airbus A380,9544,9544.0,0.0,No,No,192.0,90.67,101.88,19560.96,0.0,857.95,249.74,1107.69,217,240368.73,97.62
2023-09,Stabilisation,Thai Airways,TG,Bangkok,London,Airbus A380,9544,9544.0,0.0,No,No,192.0,76.5,90.34,17345.28,0.0,760.77,196.37,957.14,240,229713.6,97.32
2023-10,Gaza-Israel Conflict,Thai Airways,TG,Bangkok,London,Airbus A380,9544,9544.0,0.0,No,No,192.0,78.33,91.67,17600.64,0.0,771.97,202.19,974.16,262,255229.92,97.36
2023-11,Gaza-Israel Conflict,Thai Airways,TG,Bangkok,London,Airbus A380,9544,9544.0,0.0,No,No,192.0,75.77,85.25,16368.0,0.0,717.91,174.86,892.77,237,211586.49,97.17
2023-12,Gaza-Israel Conflict,Thai Airways,TG,Bangkok,London,Airbus A380,9544,9544.0,0.0,No,No,192.0,80.53,92.44,17748.48,0.0,778.45,205.6,984.05,263,258805.15,97.38
2024-01,Gaza-Israel Conflict,Thai Airways,TG,Bangkok,London,Airbus A380,9544,9544.0,0.0,No,No,192.0,84.61,102.45,19670.4,0.0,862.75,252.54,1115.29,231,257631.99,97.63
2024-02,Gaza-Israel Conflict,Thai Airways,TG,Bangkok,London,Airbus A380,9544,9544.0,0.0,No,No,192.0,82.61,94.5,18144.0,0.0,795.8,214.87,1010.67,250,252667.5,97.44
2024-03,Gaza-Israel Conflict,Thai Airways,TG,Bangkok,London,Airbus A380,9544,9544.0,0.0,No,No,192.0,92.09,104.48,20060.16,0.0,879.84,262.64,1142.48,236,269625.28,97.68
2024-04,Gaza-Israel Conflict,Thai Airways,TG,Bangkok,London,Airbus A380,9544,9544.0,0.0,No,No,192.0,84.06,98.26,18865.92,0.0,827.46,232.3,1059.76,279,295673.04,97.53
2024-05,Gaza-Israel Conflict,Thai Airways,TG,Bangkok,London,Airbus A380,9544,9544.0,0.0,No,No,192.0,82.78,100.87,19367.04,0.0,849.44,244.81,1094.25,243,265902.75,97.6
2024-06,Gaza-Israel Conflict,Thai Airways,TG,Bangkok,London,Airbus A380,9544,9544.0,0.0,No,No,192.0,87.23,99.81,19163.52,0.0,840.52,239.69,1080.21,231,249528.51,97.57
2024-07,Gaza-Israel Conflict,Thai Airways,TG,Bangkok,London,Airbus A380,9544,9544.0,0.0,No,No,192.0,80.4,95.45,18326.4,0.0,803.8,219.21,1023.01,214,218924.14,97.46
2024-08,Gaza-Israel Conflict,Thai Airways,TG,Bangkok,London,Airbus A380,9544,9544.0,0.0,No,No,192.0,91.64,109.62,21047.04,0.0,923.13,289.12,1212.25,220,266695.0,97.78
2024-09,Gaza-Israel Conflict,Thai Airways,TG,Bangkok,London,Airbus A380,9544,9544.0,0.0,No,No,192.0,79.27,90.67,17408.64,0.0,763.55,197.8,961.35,252,242260.2,97.33
2024-10,Gaza-Israel Conflict,Thai Airways,TG,Bangkok,London,Airbus A380,9544,9544.0,0.0,No,No,192.0,94.78,113.06,21707.52,0.0,952.1,307.56,1259.66,262,330030.92,97.85
2024-11,Gaza-Israel Conflict,Thai Airways,TG,Bangkok,London,Airbus A380,9544,9544.0,0.0,No,No,192.0,91.13,105.42,20240.64,0.0,887.76,267.39,1155.15,281,324597.15,97.7
2024-12,Pre-Iran Escalation,Thai Airways,TG,Bangkok,London,Airbus A380,9544,9544.0,0.0,No,No,192.0,81.38,96.29,18487.68,0.0,810.88,223.08,1033.96,254,262625.84,97.48
2025-01,Pre-Iran Escalation,Thai Airways,TG,Bangkok,London,Airbus A380,9544,9544.0,0.0,No,No,192.0,85.13,100.74,19342.08,0.0,848.35,244.18,1092.53,261,285150.33,97.59
2025-02,Pre-Iran Escalation,Thai Airways,TG,Bangkok,London,Airbus A380,9544,9544.0,0.0,No,No,192.0,103.76,121.77,23379.84,0.0,1025.45,356.77,1382.22,256,353848.32,98.0
2025-03,Pre-Iran Escalation,Thai Airways,TG,Bangkok,London,Airbus A380,9544,9544.0,0.0,No,No,192.0,101.26,114.33,21951.36,0.0,962.79,314.5,1277.29,277,353809.33,97.87
2025-04,Pre-Iran Escalation,Thai Airways,TG,Bangkok,London,Airbus A380,9544,9544.0,0.0,No,No,192.0,101.77,122.48,23516.16,0.0,1031.43,360.94,1392.37,232,323029.84,98.01
2025-05,Pre-Iran Escalation,Thai Airways,TG,Bangkok,London,Airbus A380,9544,9544.0,0.0,No,No,192.0,102.74,118.36,22725.12,0.0,996.73,337.07,1333.8,255,340119.0,97.94
2025-06,Pre-Iran Escalation,Thai Airways,TG,Bangkok,London,Airbus A380,9544,9544.0,0.0,No,No,192.0,86.7,98.72,18954.24,0.0,831.34,234.49,1065.83,281,299498.23,97.54
2025-07,Pre-Iran Escalation,Thai Airways,TG,Bangkok,London,Airbus A380,9544,9544.0,0.0,No,No,192.0,93.24,104.81,20123.52,0.0,882.62,264.31,1146.93,210,240855.3,97.68
2025-08,Pre-Iran Escalation,Thai Airways,TG,Bangkok,London,Airbus A380,9544,9544.0,0.0,No,No,192.0,87.66,103.36,19845.12,0.0,870.41,257.04,1127.45,230,259313.5,97.65
2025-09,Pre-Iran Escalation,Thai Airways,TG,Bangkok,London,Airbus A380,9544,9544.0,0.0,No,No,192.0,104.85,124.54,23911.68,0.0,1048.77,373.18,1421.95,266,378238.7,98.04
2025-10,Pre-Iran Escalation,Thai Airways,TG,Bangkok,London,Airbus A380,9544,9544.0,0.0,No,No,192.0,99.34,111.43,21394.56,0.0,938.37,298.75,1237.12,245,303094.4,97.82
2025-11,Pre-Iran Escalation,Thai Airways,TG,Bangkok,London,Airbus A380,9544,9544.0,0.0,No,No,192.0,92.61,108.47,20826.24,0.0,913.45,283.09,1196.54,222,265631.88,97.76
2025-12,US-Iran War Conflict,Thai Airways,TG,Bangkok,London,Airbus A380,9544,11235.0,1691.0,Yes,No,226.0,122.22,139.65,31560.9,5591.94,1176.02,469.23,1645.25,248,408022.0,98.51
2026-01,US-Iran War Conflict,Thai Airways,TG,Bangkok,London,Airbus A380,9544,11044.0,1500.0,Yes,No,222.2,130.88,155.03,34447.67,5414.03,1305.53,578.28,1883.81,235,442695.35,98.63
2026-02,US-Iran War Conflict,Thai Airways,TG,Bangkok,London,Airbus A380,9544,10393.0,849.0,Yes,No,209.1,155.73,177.13,37037.88,3294.76,1491.64,671.24,2162.88,255,551534.4,98.73
2026-03,US-Iran War Conflict,Thai Airways,TG,Bangkok,London,Airbus A380,9544,11147.0,1603.0,Yes,No,224.2,169.08,201.05,45075.41,7570.82,1693.08,761.89,2454.97,253,621107.41,98.95
2026-04,De-escalation & Negotiations,Thai Airways,TG,Bangkok,London,Airbus A380,9544,9641.0,97.0,Yes,No,194.0,111.38,129.05,25035.7,254.45,1086.75,400.7,1487.45,216,321289.2,98.13
2026-05,De-escalation & Negotiations,Thai Airways,TG,Bangkok,London,Airbus A380,9544,9751.0,207.0,Yes,No,196.2,104.87,127.28,24972.34,541.63,1071.85,389.79,1461.64,243,355178.52,98.12
2026-06,De-escalation & Negotiations,Thai Airways,TG,Bangkok,London,Airbus A380,9544,10179.0,635.0,Yes,No,204.8,92.83,105.25,21555.2,1434.15,886.33,266.53,1152.86,228,262852.08,97.83
2019-01,Pre-Pandemic Baseline,Korean Air,KE,Seoul,Dubai,Boeing 777-300ER,6818,6818.0,0.0,No,No,140.0,63.0,71.31,9983.4,0.0,428.99,87.4,516.39,270,139425.3,96.7
2019-02,Pre-Pandemic Baseline,Korean Air,KE,Seoul,Dubai,Boeing 777-300ER,6818,6818.0,0.0,No,No,140.0,67.61,80.55,11277.0,0.0,484.58,111.52,596.1,227,135314.7,97.07
2019-03,Pre-Pandemic Baseline,Korean Air,KE,Seoul,Dubai,Boeing 777-300ER,6818,6818.0,0.0,No,No,140.0,65.86,78.77,11027.8,0.0,473.87,106.65,580.52,266,154418.32,97.0
2019-04,Pre-Pandemic Baseline,Korean Air,KE,Seoul,Dubai,Boeing 777-300ER,6818,6818.0,0.0,No,No,140.0,64.79,76.2,10668.0,0.0,458.41,99.8,558.21,275,153507.75,96.9
2019-05,Pre-Pandemic Baseline,Korean Air,KE,Seoul,Dubai,Boeing 777-300ER,6818,6818.0,0.0,No,No,140.0,61.25,73.32,10264.8,0.0,441.08,92.4,533.48,271,144573.08,96.79
2019-06,Pre-Pandemic Baseline,Korean Air,KE,Seoul,Dubai,Boeing 777-300ER,6818,6818.0,0.0,No,No,140.0,61.25,71.62,10026.8,0.0,430.86,88.17,519.03,265,137542.95,96.71
2019-07,Pre-Pandemic Baseline,Korean Air,KE,Seoul,Dubai,Boeing 777-300ER,6818,6818.0,0.0,No,No,140.0,60.46,70.88,9923.2,0.0,426.41,86.35,512.76,212,108705.12,96.68
2019-08,Pre-Pandemic Baseline,Korean Air,KE,Seoul,Dubai,Boeing 777-300ER,6818,6818.0,0.0,No,No,140.0,66.93,77.82,10894.8,0.0,468.16,104.09,572.25,234,133906.5,96.97
2019-09,Pre-Pandemic Baseline,Korean Air,KE,Seoul,Dubai,Boeing 777-300ER,6818,6818.0,0.0,No,No,140.0,64.81,72.75,10185.0,0.0,437.66,90.97,528.63,224,118413.12,96.76
2019-10,Pre-Pandemic Baseline,Korean Air,KE,Seoul,Dubai,Boeing 777-300ER,6818,6818.0,0.0,No,No,140.0,65.66,74.25,10395.0,0.0,446.68,94.76,541.44,245,132652.8,96.82
2019-11,Pre-Pandemic Baseline,Korean Air,KE,Seoul,Dubai,Boeing 777-300ER,6818,6818.0,0.0,No,No,140.0,60.16,67.57,9459.8,0.0,406.49,78.48,484.97,236,114452.92,96.52
2019-12,Pre-Pandemic Baseline,Korean Air,KE,Seoul,Dubai,Boeing 777-300ER,6818,6818.0,0.0,No,No,140.0,67.76,80.2,11228.0,0.0,482.47,110.55,593.02,256,151813.12,97.05
2020-01,Pre-Pandemic Baseline,Korean Air,KE,Seoul,Dubai,Boeing 777-300ER,6818,6818.0,0.0,No,No,140.0,66.66,76.75,10745.0,0.0,461.72,101.25,562.97,252,141868.44,96.92
2020-02,Pre-Pandemic Baseline,Korean Air,KE,Seoul,Dubai,Boeing 777-300ER,6818,6818.0,0.0,No,No,140.0,61.7,72.24,10113.6,0.0,434.59,89.7,524.29,242,126878.18,96.74
2020-03,COVID-19 Collapse,Korean Air,KE,Seoul,Dubai,Boeing 777-300ER,6818,6818.0,0.0,No,No,140.0,20.55,24.88,3483.2,0.0,149.68,10.64,160.32,267,42805.44,91.09
2020-04,COVID-19 Collapse,Korean Air,KE,Seoul,Dubai,Boeing 777-300ER,6818,6818.0,0.0,No,No,140.0,20.57,23.55,3297.0,0.0,141.67,9.53,151.2,211,31903.2,90.63
2020-05,COVID-19 Collapse,Korean Air,KE,Seoul,Dubai,Boeing 777-300ER,6818,6818.0,0.0,No,No,140.0,22.26,25.84,3617.6,0.0,155.45,11.48,166.93,274,45738.82,91.39
2020-06,COVID-19 Collapse,Korean Air,KE,Seoul,Dubai,Boeing 777-300ER,6818,6818.0,0.0,No,No,140.0,45.35,54.22,7590.8,0.0,326.18,50.53,376.71,210,79109.1,95.7
2020-07,COVID-19 Collapse,Korean Air,KE,Seoul,Dubai,Boeing 777-300ER,6818,6818.0,0.0,No,No,140.0,44.05,50.34,7047.6,0.0,302.84,43.56,346.4,243,84175.2,95.39
2020-08,COVID-19 Collapse,Korean Air,KE,Seoul,Dubai,Boeing 777-300ER,6818,6818.0,0.0,No,No,140.0,42.08,47.45,6643.0,0.0,285.45,38.7,324.15,276,89465.4,95.12
2020-09,COVID-19 Collapse,Korean Air,KE,Seoul,Dubai,Boeing 777-300ER,6818,6818.0,0.0,No,No,140.0,46.57,53.51,7491.4,0.0,321.91,49.22,371.13,241,89442.33,95.65
2020-10,COVID-19 Collapse,Korean Air,KE,Seoul,Dubai,Boeing 777-300ER,6818,6818.0,0.0,No,No,140.0,39.95,45.39,6354.6,0.0,273.06,35.41,308.47,266,82053.02,94.91
2020-11,COVID-19 Collapse,Korean Air,KE,Seoul,Dubai,Boeing 777-300ER,6818,6818.0,0.0,No,No,140.0,42.09,51.05,7147.0,0.0,307.11,44.79,351.9,240,84456.0,95.45
2020-12,COVID-19 Collapse,Korean Air,KE,Seoul,Dubai,Boeing 777-300ER,6818,6818.0,0.0,No,No,140.0,43.13,51.79,7250.6,0.0,311.56,46.1,357.66,273,97641.18,95.51
2021-01,COVID-19 Collapse,Korean Air,KE,Seoul,Dubai,Boeing 777-300ER,6818,6818.0,0.0,No,No,140.0,75.49,89.33,12506.2,0.0,537.4,137.16,674.56,284,191575.04,97.35
2021-02,COVID-19 Collapse,Korean Air,KE,Seoul,Dubai,Boeing 777-300ER,6818,6818.0,0.0,No,No,140.0,83.06,100.27,14037.8,0.0,603.21,172.81,776.02,277,214957.54,97.63
2021-03,COVID-19 Collapse,Korean Air,KE,Seoul,Dubai,Boeing 777-300ER,6818,6818.0,0.0,No,No,140.0,69.59,83.53,11694.2,0.0,502.51,119.93,622.44,214,133202.16,97.17
2021-04,COVID-19 Collapse,Korean Air,KE,Seoul,Dubai,Boeing 777-300ER,6818,6818.0,0.0,No,No,140.0,76.83,87.48,12247.2,0.0,526.27,131.54,657.81,221,145376.01,97.29
2021-05,COVID-19 Collapse,Korean Air,KE,Seoul,Dubai,Boeing 777-300ER,6818,6818.0,0.0,No,No,140.0,78.63,95.08,13311.2,0.0,571.99,155.39,727.38,250,181845.0,97.5
2021-06,Recovery & Surge,Korean Air,KE,Seoul,Dubai,Boeing 777-300ER,6818,6818.0,0.0,No,No,140.0,66.07,77.56,10858.4,0.0,466.59,103.4,569.99,282,160737.18,96.96
2021-07,Recovery & Surge,Korean Air,KE,Seoul,Dubai,Boeing 777-300ER,6818,6818.0,0.0,No,No,140.0,78.97,94.82,13274.8,0.0,570.43,154.54,724.97,240,173992.8,97.5
2021-08,Recovery & Surge,Korean Air,KE,Seoul,Dubai,Boeing 777-300ER,6818,6818.0,0.0,No,No,140.0,68.92,83.37,11671.8,0.0,501.54,119.47,621.01,230,142832.3,97.16
2021-09,Recovery & Surge,Korean Air,KE,Seoul,Dubai,Boeing 777-300ER,6818,6818.0,0.0,No,No,140.0,66.5,76.59,10722.6,0.0,460.76,100.83,561.59,282,158368.38,96.92
2021-10,Recovery & Surge,Korean Air,KE,Seoul,Dubai,Boeing 777-300ER,6818,6818.0,0.0,No,No,140.0,86.82,98.19,13746.6,0.0,590.7,165.72,756.42,263,198938.46,97.58
2021-11,Recovery & Surge,Korean Air,KE,Seoul,Dubai,Boeing 777-300ER,6818,6818.0,0.0,No,No,140.0,87.21,99.66,13952.4,0.0,599.54,170.71,770.25,267,205656.75,97.61
2021-12,Recovery & Surge,Korean Air,KE,Seoul,Dubai,Boeing 777-300ER,6818,6818.0,0.0,No,No,140.0,83.59,97.19,13606.6,0.0,584.68,162.36,747.04,218,162854.72,97.56
2022-01,Recovery & Surge,Korean Air,KE,Seoul,Dubai,Boeing 777-300ER,6818,6818.0,0.0,No,No,140.0,72.01,86.54,12115.6,0.0,520.61,128.72,649.33,229,148696.57,97.26
2022-02,Recovery & Surge,Korean Air,KE,Seoul,Dubai,Boeing 777-300ER,6818,6818.0,0.0,No,No,140.0,67.25,81.11,11355.4,0.0,487.95,113.08,601.03,247,148454.41,97.09
2022-03,Ukraine War Shock,Korean Air,KE,Seoul,Dubai,Boeing 777-300ER,6818,6818.0,0.0,No,No,140.0,117.58,131.77,18447.8,0.0,792.71,298.44,1091.15,265,289154.75,98.19
2022-04,Ukraine War Shock,Korean Air,KE,Seoul,Dubai,Boeing 777-300ER,6818,6818.0,0.0,No,No,140.0,109.53,128.27,17957.8,0.0,771.66,282.8,1054.46,236,248852.56,98.14
2022-05,Ukraine War Shock,Korean Air,KE,Seoul,Dubai,Boeing 777-300ER,6818,6818.0,0.0,No,No,140.0,99.03,115.05,16107.0,0.0,692.13,227.51,919.64,225,206919.0,97.93
2022-06,Ukraine War Shock,Korean Air,KE,Seoul,Dubai,Boeing 777-300ER,6818,6818.0,0.0,No,No,140.0,111.34,127.17,17803.8,0.0,765.04,277.97,1043.01,242,252408.42,98.12
2022-07,Ukraine War Shock,Korean Air,KE,Seoul,Dubai,Boeing 777-300ER,6818,6818.0,0.0,No,No,140.0,80.69,91.34,12787.6,0.0,549.49,143.4,692.89,241,166986.49,97.4
2022-08,Ukraine War Shock,Korean Air,KE,Seoul,Dubai,Boeing 777-300ER,6818,6818.0,0.0,No,No,140.0,98.19,113.29,15860.6,0.0,681.54,220.6,902.14,275,248088.5,97.9
2022-09,Ukraine War Shock,Korean Air,KE,Seoul,Dubai,Boeing 777-300ER,6818,6818.0,0.0,No,No,140.0,85.18,103.43,14480.2,0.0,622.22,183.87,806.09,280,225705.2,97.7
2022-10,Ukraine War Shock,Korean Air,KE,Seoul,Dubai,Boeing 777-300ER,6818,6818.0,0.0,No,No,140.0,93.25,107.45,15043.0,0.0,646.41,198.45,844.86,222,187558.92,97.78
2022-11,Ukraine War Shock,Korean Air,KE,Seoul,Dubai,Boeing 777-300ER,6818,6818.0,0.0,No,No,140.0,86.23,101.05,14147.0,0.0,607.9,175.51,783.41,230,180184.3,97.65
2022-12,Ukraine War Shock,Korean Air,KE,Seoul,Dubai,Boeing 777-300ER,6818,6818.0,0.0,No,No,140.0,90.4,107.6,15064.0,0.0,647.31,199.0,846.31,268,226811.08,97.79
2023-01,Stabilisation,Korean Air,KE,Seoul,Dubai,Boeing 777-300ER,6818,6818.0,0.0,No,No,140.0,84.29,97.47,13645.8,0.0,586.37,163.3,749.67,228,170924.76,97.56
2023-02,Stabilisation,Korean Air,KE,Seoul,Dubai,Boeing 777-300ER,6818,6818.0,0.0,No,No,140.0,78.14,95.11,13315.4,0.0,572.17,155.48,727.65,229,166631.85,97.5
2023-03,Stabilisation,Korean Air,KE,Seoul,Dubai,Boeing 777-300ER,6818,6818.0,0.0,No,No,140.0,91.48,111.26,15576.4,0.0,669.33,212.77,882.1,260,229346.0,97.86
2023-04,Stabilisation,Korean Air,KE,Seoul,Dubai,Boeing 777-300ER,6818,6818.0,0.0,No,No,140.0,88.18,100.98,14137.2,0.0,607.48,175.27,782.75,248,194122.0,97.65
2023-05,Stabilisation,Korean Air,KE,Seoul,Dubai,Boeing 777-300ER,6818,6818.0,0.0,No,No,140.0,90.97,106.41,14897.4,0.0,640.15,194.62,834.77,262,218709.74,97.76
2023-06,Stabilisation,Korean Air,KE,Seoul,Dubai,Boeing 777-300ER,6818,6818.0,0.0,No,No,140.0,90.21,103.75,14525.0,0.0,624.15,185.02,809.17,215,173971.55,97.71
2023-07,Stabilisation,Korean Air,KE,Seoul,Dubai,Boeing 777-300ER,6818,6818.0,0.0,No,No,140.0,85.16,97.8,13692.0,0.0,588.35,164.4,752.75,247,185929.25,97.57
2023-08,Stabilisation,Korean Air,KE,Seoul,Dubai,Boeing 777-300ER,6818,6818.0,0.0,No,No,140.0,90.67,101.88,14263.2,0.0,612.9,178.41,791.31,260,205740.6,97.67
2023-09,Stabilisation,Korean Air,KE,Seoul,Dubai,Boeing 777-300ER,6818,6818.0,0.0,No,No,140.0,76.5,90.34,12647.6,0.0,543.47,140.28,683.75,245,167518.75,97.38
2023-10,Gaza-Israel Conflict,Korean Air,KE,Seoul,Dubai,Boeing 777-300ER,6818,6818.0,0.0,No,No,140.0,78.33,91.67,12833.8,0.0,551.48,144.44,695.92,219,152406.48,97.41
2023-11,Gaza-Israel Conflict,Korean Air,KE,Seoul,Dubai,Boeing 777-300ER,6818,6818.0,0.0,No,No,140.0,75.77,85.25,11935.0,0.0,512.85,124.92,637.77,220,140309.4,97.22
2023-12,Gaza-Israel Conflict,Korean Air,KE,Seoul,Dubai,Boeing 777-300ER,6818,6818.0,0.0,No,No,140.0,80.53,92.44,12941.6,0.0,556.11,146.88,702.99,254,178559.46,97.43
2024-01,Gaza-Israel Conflict,Korean Air,KE,Seoul,Dubai,Boeing 777-300ER,6818,6818.0,0.0,No,No,140.0,84.61,102.45,14343.0,0.0,616.33,180.41,796.74,220,175282.8,97.68
2024-02,Gaza-Israel Conflict,Korean Air,KE,Seoul,Dubai,Boeing 777-300ER,6818,6818.0,0.0,No,No,140.0,82.61,94.5,13230.0,0.0,568.5,153.5,722.0,232,167504.0,97.49
2024-03,Gaza-Israel Conflict,Korean Air,KE,Seoul,Dubai,Boeing 777-300ER,6818,6818.0,0.0,No,No,140.0,92.09,104.48,14627.2,0.0,628.54,187.63,816.17,243,198329.31,97.72
2024-04,Gaza-Israel Conflict,Korean Air,KE,Seoul,Dubai,Boeing 777-300ER,6818,6818.0,0.0,No,No,140.0,84.06,98.26,13756.4,0.0,591.12,165.95,757.07,254,192295.78,97.58
2024-05,Gaza-Israel Conflict,Korean Air,KE,Seoul,Dubai,Boeing 777-300ER,6818,6818.0,0.0,No,No,140.0,82.78,100.87,14121.8,0.0,606.82,174.89,781.71,229,179011.59,97.64
2024-06,Gaza-Israel Conflict,Korean Air,KE,Seoul,Dubai,Boeing 777-300ER,6818,6818.0,0.0,No,No,140.0,87.23,99.81,13973.4,0.0,600.45,171.23,771.68,240,185203.2,97.62
2024-07,Gaza-Israel Conflict,Korean Air,KE,Seoul,Dubai,Boeing 777-300ER,6818,6818.0,0.0,No,No,140.0,80.4,95.45,13363.0,0.0,574.22,156.6,730.82,237,173204.34,97.51
2024-08,Gaza-Israel Conflict,Korean Air,KE,Seoul,Dubai,Boeing 777-300ER,6818,6818.0,0.0,No,No,140.0,91.64,109.62,15346.8,0.0,659.46,206.54,866.0,217,187922.0,97.83
2024-09,Gaza-Israel Conflict,Korean Air,KE,Seoul,Dubai,Boeing 777-300ER,6818,6818.0,0.0,No,No,140.0,79.27,90.67,12693.8,0.0,545.46,141.31,686.77,270,185427.9,97.38
2024-10,Gaza-Israel Conflict,Korean Air,KE,Seoul,Dubai,Boeing 777-300ER,6818,6818.0,0.0,No,No,140.0,94.78,113.06,15828.4,0.0,680.16,219.71,899.87,265,238465.55,97.89
2024-11,Gaza-Israel Conflict,Korean Air,KE,Seoul,Dubai,Boeing 777-300ER,6818,6818.0,0.0,No,No,140.0,91.13,105.42,14758.8,0.0,634.19,191.02,825.21,268,221156.28,97.74
2024-12,Pre-Iran Escalation,Korean Air,KE,Seoul,Dubai,Boeing 777-300ER,6818,6818.0,0.0,No,No,140.0,81.38,96.29,13480.6,0.0,579.27,159.37,738.64,221,163239.44,97.53
2025-01,Pre-Iran Escalation,Korean Air,KE,Seoul,Dubai,Boeing 777-300ER,6818,6818.0,0.0,No,No,140.0,85.13,100.74,14103.6,0.0,606.04,174.44,780.48,248,193559.04,97.64
2025-02,Pre-Iran Escalation,Korean Air,KE,Seoul,Dubai,Boeing 777-300ER,6818,6818.0,0.0,No,No,140.0,103.76,121.77,17047.8,0.0,732.55,254.86,987.41,234,231053.94,98.04
2025-03,Pre-Iran Escalation,Korean Air,KE,Seoul,Dubai,Boeing 777-300ER,6818,6818.0,0.0,No,No,140.0,101.26,114.33,16006.2,0.0,687.8,224.67,912.47,236,215342.92,97.91
2025-04,Pre-Iran Escalation,Korean Air,KE,Seoul,Dubai,Boeing 777-300ER,6818,6818.0,0.0,No,No,140.0,101.77,122.48,17147.2,0.0,736.83,257.85,994.68,214,212861.52,98.05
2025-05,Pre-Iran Escalation,Korean Air,KE,Seoul,Dubai,Boeing 777-300ER,6818,6818.0,0.0,No,No,140.0,102.74,118.36,16570.4,0.0,712.04,240.79,952.83,280,266792.4,97.98
2025-06,Pre-Iran Escalation,Korean Air,KE,Seoul,Dubai,Boeing 777-300ER,6818,6818.0,0.0,No,No,140.0,86.7,98.72,13820.8,0.0,593.89,167.51,761.4,280,213192.0,97.59
2025-07,Pre-Iran Escalation,Korean Air,KE,Seoul,Dubai,Boeing 777-300ER,6818,6818.0,0.0,No,No,140.0,93.24,104.81,14673.4,0.0,630.52,188.81,819.33,240,196639.2,97.73
2025-08,Pre-Iran Escalation,Korean Air,KE,Seoul,Dubai,Boeing 777-300ER,6818,6818.0,0.0,No,No,140.0,87.66,103.36,14470.4,0.0,621.8,183.63,805.43,274,220687.82,97.7
2025-09,Pre-Iran Escalation,Korean Air,KE,Seoul,Dubai,Boeing 777-300ER,6818,6818.0,0.0,No,No,140.0,104.85,124.54,17435.6,0.0,749.22,266.59,1015.81,234,237699.54,98.08
2025-10,Pre-Iran Escalation,Korean Air,KE,Seoul,Dubai,Boeing 777-300ER,6818,6818.0,0.0,No,No,140.0,99.34,111.43,15600.2,0.0,670.35,213.42,883.77,251,221826.27,97.86
2025-11,Pre-Iran Escalation,Korean Air,KE,Seoul,Dubai,Boeing 777-300ER,6818,6818.0,0.0,No,No,140.0,92.61,108.47,15185.8,0.0,652.54,202.23,854.77,265,226514.05,97.8
2025-12,US-Iran War Conflict,Korean Air,KE,Seoul,Dubai,Boeing 777-300ER,6818,7970.0,1152.0,Yes,No,163.6,122.22,139.65,22846.74,3860.29,840.12,335.21,1175.33,222,260923.26,98.53
2026-01,US-Iran War Conflict,Korean Air,KE,Seoul,Dubai,Boeing 777-300ER,6818,7803.0,985.0,Yes,No,160.2,130.88,155.03,24835.81,3588.04,932.64,413.11,1345.75,266,357969.5,98.65
2026-02,US-Iran War Conflict,Korean Air,KE,Seoul,Dubai,Boeing 777-300ER,6818,8269.0,1451.0,Yes,Yes,169.8,155.73,177.13,30076.67,6400.89,1065.59,479.52,1545.11,0,0.0,98.88
2026-03,US-Iran War Conflict,Korean Air,KE,Seoul,Dubai,Boeing 777-300ER,6818,7990.0,1172.0,Yes,No,164.1,169.08,201.05,32992.31,5671.31,1209.49,544.27,1753.76,225,394596.0,98.98
2026-04,De-escalation & Negotiations,Korean Air,KE,Seoul,Dubai,Boeing 777-300ER,6818,7006.0,188.0,Yes,No,143.9,111.38,129.05,18570.3,512.06,776.35,286.25,1062.6,220,233772.0,98.2
2026-05,De-escalation & Negotiations,Korean Air,KE,Seoul,Dubai,Boeing 777-300ER,6818,7095.0,277.0,Yes,No,145.7,104.87,127.28,18544.7,753.43,765.7,278.45,1044.15,263,274611.45,98.19
2026-06,De-escalation & Negotiations,Korean Air,KE,Seoul,Dubai,Boeing 777-300ER,6818,7306.0,488.0,Yes,No,150.0,92.83,105.25,15787.5,1129.99,633.17,190.4,823.57,250,205892.5,97.89
2019-01,Pre-Pandemic Baseline,Lufthansa,LH,Frankfurt,Dubai,Airbus A340-600,4982,4982.0,0.0,No,No,107.0,63.0,71.31,7630.17,0.0,313.47,63.87,377.34,258,97353.72,96.84
2019-02,Pre-Pandemic Baseline,Lufthansa,LH,Frankfurt,Dubai,Airbus A340-600,4982,4982.0,0.0,No,No,107.0,67.61,80.55,8618.85,0.0,354.09,81.49,435.58,230,100183.4,97.19
2019-03,Pre-Pandemic Baseline,Lufthansa,LH,Frankfurt,Dubai,Airbus A340-600,4982,4982.0,0.0,No,No,107.0,65.86,78.77,8428.39,0.0,346.26,77.93,424.19,225,95442.75,97.13
2019-04,Pre-Pandemic Baseline,Lufthansa,LH,Frankfurt,Dubai,Airbus A340-600,4982,4982.0,0.0,No,No,107.0,64.79,76.2,8153.4,0.0,334.97,72.93,407.9,239,97488.1,97.04
2019-05,Pre-Pandemic Baseline,Lufthansa,LH,Frankfurt,Dubai,Airbus A340-600,4982,4982.0,0.0,No,No,107.0,61.25,73.32,7845.24,0.0,322.31,67.52,389.83,251,97847.33,96.92
2019-06,Pre-Pandemic Baseline,Lufthansa,LH,Frankfurt,Dubai,Airbus A340-600,4982,4982.0,0.0,No,No,107.0,61.25,71.62,7663.34,0.0,314.83,64.42,379.25,212,80401.0,96.85
2019-07,Pre-Pandemic Baseline,Lufthansa,LH,Frankfurt,Dubai,Airbus A340-600,4982,4982.0,0.0,No,No,107.0,60.46,70.88,7584.16,0.0,311.58,63.1,374.68,216,80930.88,96.82
2019-08,Pre-Pandemic Baseline,Lufthansa,LH,Frankfurt,Dubai,Airbus A340-600,4982,4982.0,0.0,No,No,107.0,66.93,77.82,8326.74,0.0,342.09,76.06,418.15,257,107464.55,97.1
2019-09,Pre-Pandemic Baseline,Lufthansa,LH,Frankfurt,Dubai,Airbus A340-600,4982,4982.0,0.0,No,No,107.0,64.81,72.75,7784.25,0.0,319.8,66.47,386.27,224,86524.48,96.9
2019-10,Pre-Pandemic Baseline,Lufthansa,LH,Frankfurt,Dubai,Airbus A340-600,4982,4982.0,0.0,No,No,107.0,65.66,74.25,7944.75,0.0,326.39,69.24,395.63,244,96533.72,96.96
2019-11,Pre-Pandemic Baseline,Lufthansa,LH,Frankfurt,Dubai,Airbus A340-600,4982,4982.0,0.0,No,No,107.0,60.16,67.57,7229.99,0.0,297.03,57.34,354.37,280,99223.6,96.67
2019-12,Pre-Pandemic Baseline,Lufthansa,LH,Frankfurt,Dubai,Airbus A340-600,4982,4982.0,0.0,No,No,107.0,67.76,80.2,8581.4,0.0,352.55,80.78,433.33,274,118732.42,97.18
2020-01,Pre-Pandemic Baseline,Lufthansa,LH,Frankfurt,Dubai,Airbus A340-600,4982,4982.0,0.0,No,No,107.0,66.66,76.75,8212.25,0.0,337.38,73.98,411.36,214,88031.04,97.06
2020-02,Pre-Pandemic Baseline,Lufthansa,LH,Frankfurt,Dubai,Airbus A340-600,4982,4982.0,0.0,No,No,107.0,61.7,72.24,7729.68,0.0,317.56,65.54,383.1,214,81983.4,96.88
2020-03,COVID-19 Collapse,Lufthansa,LH,Frankfurt,Dubai,Airbus A340-600,4982,4982.0,0.0,No,No,107.0,20.55,24.88,2662.16,0.0,109.37,7.77,117.14,220,25770.8,91.44
2020-04,COVID-19 Collapse,Lufthansa,LH,Frankfurt,Dubai,Airbus A340-600,4982,4982.0,0.0,No,No,107.0,20.57,23.55,2519.85,0.0,103.52,6.97,110.49,218,24086.82,91.0
2020-05,COVID-19 Collapse,Lufthansa,LH,Frankfurt,Dubai,Airbus A340-600,4982,4982.0,0.0,No,No,107.0,22.26,25.84,2764.88,0.0,113.59,8.39,121.98,229,27933.42,91.74
2020-06,COVID-19 Collapse,Lufthansa,LH,Frankfurt,Dubai,Airbus A340-600,4982,4982.0,0.0,No,No,107.0,45.35,54.22,5801.54,0.0,238.34,36.92,275.26,237,65236.62,95.88
2020-07,COVID-19 Collapse,Lufthansa,LH,Frankfurt,Dubai,Airbus A340-600,4982,4982.0,0.0,No,No,107.0,44.05,50.34,5386.38,0.0,221.29,31.83,253.12,216,54673.92,95.58
2020-08,COVID-19 Collapse,Lufthansa,LH,Frankfurt,Dubai,Airbus A340-600,4982,4982.0,0.0,No,No,107.0,42.08,47.45,5077.15,0.0,208.58,28.28,236.86,244,57793.84,95.32
2020-09,COVID-19 Collapse,Lufthansa,LH,Frankfurt,Dubai,Airbus A340-600,4982,4982.0,0.0,No,No,107.0,46.57,53.51,5725.57,0.0,235.22,35.96,271.18,249,67523.82,95.83
2020-10,COVID-19 Collapse,Lufthansa,LH,Frankfurt,Dubai,Airbus A340-600,4982,4982.0,0.0,No,No,107.0,39.95,45.39,4856.73,0.0,199.53,25.88,225.41,259,58381.19,95.12
2020-11,COVID-19 Collapse,Lufthansa,LH,Frankfurt,Dubai,Airbus A340-600,4982,4982.0,0.0,No,No,107.0,42.09,51.05,5462.35,0.0,224.41,32.73,257.14,240,61713.6,95.64
2020-12,COVID-19 Collapse,Lufthansa,LH,Frankfurt,Dubai,Airbus A340-600,4982,4982.0,0.0,No,No,107.0,43.13,51.79,5541.53,0.0,227.66,33.69,261.35,232,60633.2,95.7
2021-01,COVID-19 Collapse,Lufthansa,LH,Frankfurt,Dubai,Airbus A340-600,4982,4982.0,0.0,No,No,107.0,75.49,89.33,9558.31,0.0,392.68,100.22,492.9,258,127168.2,97.46
2021-02,COVID-19 Collapse,Lufthansa,LH,Frankfurt,Dubai,Airbus A340-600,4982,4982.0,0.0,No,No,107.0,83.06,100.27,10728.89,0.0,440.78,126.28,567.06,278,157642.68,97.73
2021-03,COVID-19 Collapse,Lufthansa,LH,Frankfurt,Dubai,Airbus A340-600,4982,4982.0,0.0,No,No,107.0,69.59,83.53,8937.71,0.0,367.19,87.63,454.82,239,108701.98,97.29
2021-04,COVID-19 Collapse,Lufthansa,LH,Frankfurt,Dubai,Airbus A340-600,4982,4982.0,0.0,No,No,107.0,76.83,87.48,9360.36,0.0,384.55,96.12,480.67,232,111515.44,97.41
2021-05,COVID-19 Collapse,Lufthansa,LH,Frankfurt,Dubai,Airbus A340-600,4982,4982.0,0.0,No,No,107.0,78.63,95.08,10173.56,0.0,417.96,113.54,531.5,263,139784.5,97.61
2021-06,Recovery & Surge,Lufthansa,LH,Frankfurt,Dubai,Airbus A340-600,4982,4982.0,0.0,No,No,107.0,66.07,77.56,8298.92,0.0,340.94,75.55,416.49,275,114534.75,97.09
2021-07,Recovery & Surge,Lufthansa,LH,Frankfurt,Dubai,Airbus A340-600,4982,4982.0,0.0,No,No,107.0,78.97,94.82,10145.74,0.0,416.82,112.92,529.74,281,148856.94,97.6
2021-08,Recovery & Surge,Lufthansa,LH,Frankfurt,Dubai,Airbus A340-600,4982,4982.0,0.0,No,No,107.0,68.92,83.37,8920.59,0.0,366.48,87.3,453.78,226,102554.28,97.28
2021-09,Recovery & Surge,Lufthansa,LH,Frankfurt,Dubai,Airbus A340-600,4982,4982.0,0.0,No,No,107.0,66.5,76.59,8195.13,0.0,336.68,73.68,410.36,232,95203.52,97.05
2021-10,Recovery & Surge,Lufthansa,LH,Frankfurt,Dubai,Airbus A340-600,4982,4982.0,0.0,No,No,107.0,86.82,98.19,10506.33,0.0,431.63,121.09,552.72,277,153103.44,97.68
2021-11,Recovery & Surge,Lufthansa,LH,Frankfurt,Dubai,Airbus A340-600,4982,4982.0,0.0,No,No,107.0,87.21,99.66,10663.62,0.0,438.09,124.74,562.83,230,129450.9,97.72
2021-12,Recovery & Surge,Lufthansa,LH,Frankfurt,Dubai,Airbus A340-600,4982,4982.0,0.0,No,No,107.0,83.59,97.19,10399.33,0.0,427.24,118.64,545.88,235,128281.8,97.66
2022-01,Recovery & Surge,Lufthansa,LH,Frankfurt,Dubai,Airbus A340-600,4982,4982.0,0.0,No,No,107.0,72.01,86.54,9259.78,0.0,380.42,94.06,474.48,257,121941.36,97.38
2022-02,Recovery & Surge,Lufthansa,LH,Frankfurt,Dubai,Airbus A340-600,4982,4982.0,0.0,No,No,107.0,67.25,81.11,8678.77,0.0,356.55,82.63,439.18,252,110673.36,97.21
2022-03,Ukraine War Shock,Lufthansa,LH,Frankfurt,Dubai,Airbus A340-600,4982,4982.0,0.0,No,No,107.0,117.58,131.77,14099.39,0.0,579.25,218.08,797.33,275,219265.75,98.26
2022-04,Ukraine War Shock,Lufthansa,LH,Frankfurt,Dubai,Airbus A340-600,4982,4982.0,0.0,No,Yes,107.0,109.53,128.27,13724.89,0.0,563.86,206.65,770.51,0,0.0,98.22
2022-05,Ukraine War Shock,Lufthansa,LH,Frankfurt,Dubai,Airbus A340-600,4982,4982.0,0.0,No,No,107.0,99.03,115.05,12310.35,0.0,505.75,166.25,672.0,246,165312.0,98.02
2022-06,Ukraine War Shock,Lufthansa,LH,Frankfurt,Dubai,Airbus A340-600,4982,4982.0,0.0,No,No,107.0,111.34,127.17,13607.19,0.0,559.02,203.12,762.14,215,163860.1,98.2
2022-07,Ukraine War Shock,Lufthansa,LH,Frankfurt,Dubai,Airbus A340-600,4982,4982.0,0.0,No,No,107.0,80.69,91.34,9773.38,0.0,401.52,104.79,506.31,283,143285.73,97.51
2022-08,Ukraine War Shock,Lufthansa,LH,Frankfurt,Dubai,Airbus A340-600,4982,4982.0,0.0,No,No,107.0,98.19,113.29,12122.03,0.0,498.01,161.2,659.21,241,158869.61,97.99
2022-09,Ukraine War Shock,Lufthansa,LH,Frankfurt,Dubai,Airbus A340-600,4982,4982.0,0.0,No,No,107.0,85.18,103.43,11067.01,0.0,454.67,134.36,589.03,252,148435.56,97.8
2022-10,Ukraine War Shock,Lufthansa,LH,Frankfurt,Dubai,Airbus A340-600,4982,4982.0,0.0,No,No,107.0,93.25,107.45,11497.15,0.0,472.34,145.01,617.35,247,152485.45,97.88
2022-11,Ukraine War Shock,Lufthansa,LH,Frankfurt,Dubai,Airbus A340-600,4982,4982.0,0.0,No,No,107.0,86.23,101.05,10812.35,0.0,444.2,128.25,572.45,265,151699.25,97.75
2022-12,Ukraine War Shock,Lufthansa,LH,Frankfurt,Dubai,Airbus A340-600,4982,4982.0,0.0,No,No,107.0,90.4,107.6,11513.2,0.0,473.0,145.41,618.41,258,159549.78,97.88
2023-01,Stabilisation,Lufthansa,LH,Frankfurt,Dubai,Airbus A340-600,4982,4982.0,0.0,No,No,107.0,84.29,97.47,10429.29,0.0,428.47,119.32,547.79,235,128730.65,97.67
2023-02,Stabilisation,Lufthansa,LH,Frankfurt,Dubai,Airbus A340-600,4982,4982.0,0.0,No,No,107.0,78.14,95.11,10176.77,0.0,418.09,113.61,531.7,249,132393.3,97.61
2023-03,Stabilisation,Lufthansa,LH,Frankfurt,Dubai,Airbus A340-600,4982,4982.0,0.0,No,No,107.0,91.48,111.26,11904.82,0.0,489.09,155.47,644.56,271,174675.76,97.95
2023-04,Stabilisation,Lufthansa,LH,Frankfurt,Dubai,Airbus A340-600,4982,4982.0,0.0,No,No,107.0,88.18,100.98,10804.86,0.0,443.9,128.07,571.97,257,146996.29,97.75
2023-05,Stabilisation,Lufthansa,LH,Frankfurt,Dubai,Airbus A340-600,4982,4982.0,0.0,No,No,107.0,90.97,106.41,11385.87,0.0,467.77,142.22,609.99,281,171407.19,97.86
2023-06,Stabilisation,Lufthansa,LH,Frankfurt,Dubai,Airbus A340-600,4982,4982.0,0.0,No,No,107.0,90.21,103.75,11101.25,0.0,456.07,135.19,591.26,266,157275.16,97.81
2023-07,Stabilisation,Lufthansa,LH,Frankfurt,Dubai,Airbus A340-600,4982,4982.0,0.0,No,No,107.0,85.16,97.8,10464.6,0.0,429.92,120.13,550.05,246,135312.3,97.67
2023-08,Stabilisation,Lufthansa,LH,Frankfurt,Dubai,Airbus A340-600,4982,4982.0,0.0,No,No,107.0,90.67,101.88,10901.16,0.0,447.85,130.36,578.21,270,156116.7,97.77
2023-09,Stabilisation,Lufthansa,LH,Frankfurt,Dubai,Airbus A340-600,4982,4982.0,0.0,No,No,107.0,76.5,90.34,9666.38,0.0,397.12,102.5,499.62,243,121407.66,97.49
2023-10,Gaza-Israel Conflict,Lufthansa,LH,Frankfurt,Dubai,Airbus A340-600,4982,4982.0,0.0,No,No,107.0,78.33,91.67,9808.69,0.0,402.97,105.54,508.51,225,114414.75,97.52
2023-11,Gaza-Israel Conflict,Lufthansa,LH,Frankfurt,Dubai,Airbus A340-600,4982,4982.0,0.0,No,No,107.0,75.77,85.25,9121.75,0.0,374.75,91.28,466.03,257,119769.71,97.34
2023-12,Gaza-Israel Conflict,Lufthansa,LH,Frankfurt,Dubai,Airbus A340-600,4982,4982.0,0.0,No,No,107.0,80.53,92.44,9891.08,0.0,406.36,107.33,513.69,236,121230.84,97.54
2024-01,Gaza-Israel Conflict,Lufthansa,LH,Frankfurt,Dubai,Airbus A340-600,4982,4982.0,0.0,No,No,107.0,84.61,102.45,10962.15,0.0,450.36,131.83,582.19,211,122842.09,97.78
2024-02,Gaza-Israel Conflict,Lufthansa,LH,Frankfurt,Dubai,Airbus A340-600,4982,4982.0,0.0,No,No,107.0,82.61,94.5,10111.5,0.0,415.41,112.16,527.57,226,119230.82,97.6
2024-03,Gaza-Israel Conflict,Lufthansa,LH,Frankfurt,Dubai,Airbus A340-600,4982,4982.0,0.0,No,No,107.0,92.09,104.48,11179.36,0.0,459.28,137.1,596.38,222,132396.36,97.82
2024-04,Gaza-Israel Conflict,Lufthansa,LH,Frankfurt,Dubai,Airbus A340-600,4982,4982.0,0.0,No,No,107.0,84.06,98.26,10513.82,0.0,431.94,121.26,553.2,269,148810.8,97.69
2024-05,Gaza-Israel Conflict,Lufthansa,LH,Frankfurt,Dubai,Airbus A340-600,4982,4982.0,0.0,No,No,107.0,82.78,100.87,10793.09,0.0,443.41,127.79,571.2,264,150796.8,97.74
2024-06,Gaza-Israel Conflict,Lufthansa,LH,Frankfurt,Dubai,Airbus A340-600,4982,4982.0,0.0,No,No,107.0,87.23,99.81,10679.67,0.0,438.75,125.12,563.87,256,144350.72,97.72
2024-07,Gaza-Israel Conflict,Lufthansa,LH,Frankfurt,Dubai,Airbus A340-600,4982,4982.0,0.0,No,No,107.0,80.4,95.45,10213.15,0.0,419.59,114.43,534.02,280,149525.6,97.62
2024-08,Gaza-Israel Conflict,Lufthansa,LH,Frankfurt,Dubai,Airbus A340-600,4982,4982.0,0.0,No,No,107.0,91.64,109.62,11729.34,0.0,481.88,150.92,632.8,223,141114.4,97.92
2024-09,Gaza-Israel Conflict,Lufthansa,LH,Frankfurt,Dubai,Airbus A340-600,4982,4982.0,0.0,No,No,107.0,79.27,90.67,9701.69,0.0,398.57,103.25,501.82,222,111404.04,97.5
2024-10,Gaza-Israel Conflict,Lufthansa,LH,Frankfurt,Dubai,Airbus A340-600,4982,4982.0,0.0,No,No,107.0,94.78,113.06,12097.42,0.0,497.0,160.55,657.55,278,182798.9,97.98
2024-11,Gaza-Israel Conflict,Lufthansa,LH,Frankfurt,Dubai,Airbus A340-600,4982,4982.0,0.0,No,No,107.0,91.13,105.42,11279.94,0.0,463.41,139.58,602.99,258,155571.42,97.84
2024-12,Pre-Iran Escalation,Lufthansa,LH,Frankfurt,Dubai,Airbus A340-600,4982,4982.0,0.0,No,No,107.0,81.38,96.29,10303.03,0.0,423.28,116.45,539.73,251,135472.23,97.64
2025-01,Pre-Iran Escalation,Lufthansa,LH,Frankfurt,Dubai,Airbus A340-600,4982,4982.0,0.0,No,No,107.0,85.13,100.74,10779.18,0.0,442.84,127.46,570.3,265,151129.5,97.74
2025-02,Pre-Iran Escalation,Lufthansa,LH,Frankfurt,Dubai,Airbus A340-600,4982,4982.0,0.0,No,No,107.0,103.76,121.77,13029.39,0.0,535.29,186.24,721.53,231,166673.43,98.12
2025-03,Pre-Iran Escalation,Lufthansa,LH,Frankfurt,Dubai,Airbus A340-600,4982,4982.0,0.0,No,No,107.0,101.26,114.33,12233.31,0.0,502.58,164.17,666.75,254,169354.5,98.0
2025-04,Pre-Iran Escalation,Lufthansa,LH,Frankfurt,Dubai,Airbus A340-600,4982,4982.0,0.0,No,No,107.0,101.77,122.48,13105.36,0.0,538.41,188.41,726.82,242,175890.44,98.13
2025-05,Pre-Iran Escalation,Lufthansa,LH,Frankfurt,Dubai,Airbus A340-600,4982,4982.0,0.0,No,No,107.0,102.74,118.36,12664.52,0.0,520.3,175.95,696.25,233,162226.25,98.07
2025-06,Pre-Iran Escalation,Lufthansa,LH,Frankfurt,Dubai,Airbus A340-600,4982,4982.0,0.0,No,No,107.0,86.7,98.72,10563.04,0.0,433.96,122.4,556.36,275,152999.0,97.7
2025-07,Pre-Iran Escalation,Lufthansa,LH,Frankfurt,Dubai,Airbus A340-600,4982,4982.0,0.0,No,No,107.0,93.24,104.81,11214.67,0.0,460.73,137.97,598.7,222,132911.4,97.83
2025-08,Pre-Iran Escalation,Lufthansa,LH,Frankfurt,Dubai,Airbus A340-600,4982,4982.0,0.0,No,No,107.0,87.66,103.36,11059.52,0.0,454.36,134.18,588.54,211,124181.94,97.8
2025-09,Pre-Iran Escalation,Lufthansa,LH,Frankfurt,Dubai,Airbus A340-600,4982,4982.0,0.0,No,No,107.0,104.85,124.54,13325.78,0.0,547.46,194.8,742.26,236,175173.36,98.16
2025-10,Pre-Iran Escalation,Lufthansa,LH,Frankfurt,Dubai,Airbus A340-600,4982,4982.0,0.0,No,No,107.0,99.34,111.43,11923.01,0.0,489.83,155.95,645.78,224,144654.72,97.95
2025-11,Pre-Iran Escalation,Lufthansa,LH,Frankfurt,Dubai,Airbus A340-600,4982,4982.0,0.0,No,No,107.0,92.61,108.47,11606.29,0.0,476.82,147.77,624.59,270,168639.3,97.9
2025-12,US-Iran War Conflict,Lufthansa,LH,Frankfurt,Dubai,Airbus A340-600,4982,5488.0,506.0,Yes,Yes,117.9,122.22,139.65,16464.74,1672.25,613.88,244.94,858.82,0,0.0,98.51
2026-01,US-Iran War Conflict,Lufthansa,LH,Frankfurt,Dubai,Airbus A340-600,4982,5522.0,540.0,Yes,No,118.6,130.88,155.03,18386.56,1992.92,681.49,301.86,983.35,276,271404.6,98.66
2026-02,US-Iran War Conflict,Lufthansa,LH,Frankfurt,Dubai,Airbus A340-600,4982,5523.0,541.0,Yes,No,118.6,155.73,177.13,21007.62,2281.24,778.64,350.39,1129.03,213,240483.39,98.83
2026-03,US-Iran War Conflict,Lufthansa,LH,Frankfurt,Dubai,Airbus A340-600,4982,5794.0,812.0,Yes,Yes,124.4,169.08,201.05,25010.62,4076.4,883.79,397.71,1281.5,0,0.0,99.01
2026-04,De-escalation & Negotiations,Lufthansa,LH,Frankfurt,Dubai,Airbus A340-600,4982,5240.0,258.0,Yes,No,112.5,111.38,129.05,14518.13,751.84,567.29,209.17,776.46,258,200326.68,98.31
2026-05,De-escalation & Negotiations,Lufthansa,LH,Frankfurt,Dubai,Airbus A340-600,4982,5358.0,376.0,Yes,No,115.1,104.87,127.28,14649.93,1105.66,559.51,203.47,762.98,281,214397.38,98.33
2026-06,De-escalation & Negotiations,Lufthansa,LH,Frankfurt,Dubai,Airbus A340-600,4982,5204.0,222.0,Yes,No,111.8,92.83,105.25,11766.95,524.34,462.67,139.13,601.8,225,135405.0,97.93
2019-01,Pre-Pandemic Baseline,British Airways,BA,London,Dubai,Boeing 777-300ER,5500,5500.0,0.0,No,No,118.0,63.0,71.31,8414.58,0.0,346.06,70.51,416.57,228,94977.96,96.84
2019-02,Pre-Pandemic Baseline,British Airways,BA,London,Dubai,Boeing 777-300ER,5500,5500.0,0.0,No,No,118.0,67.61,80.55,9504.9,0.0,390.9,89.96,480.86,217,104346.62,97.19
2019-03,Pre-Pandemic Baseline,British Airways,BA,London,Dubai,Boeing 777-300ER,5500,5500.0,0.0,No,No,118.0,65.86,78.77,9294.86,0.0,382.27,86.03,468.3,230,107709.0,97.13
2019-04,Pre-Pandemic Baseline,British Airways,BA,London,Dubai,Boeing 777-300ER,5500,5500.0,0.0,No,No,118.0,64.79,76.2,8991.6,0.0,369.79,80.51,450.3,278,125183.4,97.03
2019-05,Pre-Pandemic Baseline,British Airways,BA,London,Dubai,Boeing 777-300ER,5500,5500.0,0.0,No,No,118.0,61.25,73.32,8651.76,0.0,355.82,74.54,430.36,237,101995.32,96.92
2019-06,Pre-Pandemic Baseline,British Airways,BA,London,Dubai,Boeing 777-300ER,5500,5500.0,0.0,No,No,118.0,61.25,71.62,8451.16,0.0,347.57,71.12,418.69,257,107603.33,96.85
2019-07,Pre-Pandemic Baseline,British Airways,BA,London,Dubai,Boeing 777-300ER,5500,5500.0,0.0,No,No,118.0,60.46,70.88,8363.84,0.0,343.98,69.66,413.64,283,117060.12,96.82
2019-08,Pre-Pandemic Baseline,British Airways,BA,London,Dubai,Boeing 777-300ER,5500,5500.0,0.0,No,No,118.0,66.93,77.82,9182.76,0.0,377.66,83.97,461.63,218,100635.34,97.09
2019-09,Pre-Pandemic Baseline,British Airways,BA,London,Dubai,Boeing 777-300ER,5500,5500.0,0.0,No,No,118.0,64.81,72.75,8584.5,0.0,353.05,73.38,426.43,268,114283.24,96.9
2019-10,Pre-Pandemic Baseline,British Airways,BA,London,Dubai,Boeing 777-300ER,5500,5500.0,0.0,No,No,118.0,65.66,74.25,8761.5,0.0,360.33,76.44,436.77,262,114433.74,96.96
2019-11,Pre-Pandemic Baseline,British Airways,BA,London,Dubai,Boeing 777-300ER,5500,5500.0,0.0,No,No,118.0,60.16,67.57,7973.26,0.0,327.91,63.31,391.22,271,106020.62,96.67
2019-12,Pre-Pandemic Baseline,British Airways,BA,London,Dubai,Boeing 777-300ER,5500,5500.0,0.0,No,No,118.0,67.76,80.2,9463.6,0.0,389.21,89.18,478.39,220,105245.8,97.18
2020-01,Pre-Pandemic Baseline,British Airways,BA,London,Dubai,Boeing 777-300ER,5500,5500.0,0.0,No,No,118.0,66.66,76.75,9056.5,0.0,372.46,81.68,454.14,247,112172.58,97.05
2020-02,Pre-Pandemic Baseline,British Airways,BA,London,Dubai,Boeing 777-300ER,5500,5500.0,0.0,No,No,118.0,61.7,72.24,8524.32,0.0,350.58,72.36,422.94,257,108695.58,96.87
2020-03,COVID-19 Collapse,British Airways,BA,London,Dubai,Boeing 777-300ER,5500,5500.0,0.0,No,No,118.0,20.55,24.88,2935.84,0.0,120.74,8.58,129.32,267,34528.44,91.44
2020-04,COVID-19 Collapse,British Airways,BA,London,Dubai,Boeing 777-300ER,5500,5500.0,0.0,No,No,118.0,20.57,23.55,2778.9,0.0,114.29,7.69,121.98,263,32080.74,91.0
2020-05,COVID-19 Collapse,British Airways,BA,London,Dubai,Boeing 777-300ER,5500,5500.0,0.0,No,No,118.0,22.26,25.84,3049.12,0.0,125.4,9.26,134.66,252,33934.32,91.73
2020-06,COVID-19 Collapse,British Airways,BA,London,Dubai,Boeing 777-300ER,5500,5500.0,0.0,No,No,118.0,45.35,54.22,6397.96,0.0,263.13,40.76,303.89,245,74453.05,95.88
2020-07,COVID-19 Collapse,British Airways,BA,London,Dubai,Boeing 777-300ER,5500,5500.0,0.0,No,No,118.0,44.05,50.34,5940.12,0.0,244.3,35.14,279.44,280,78243.2,95.58
2020-08,COVID-19 Collapse,British Airways,BA,London,Dubai,Boeing 777-300ER,5500,5500.0,0.0,No,No,118.0,42.08,47.45,5599.1,0.0,230.27,31.22,261.49,223,58312.27,95.32
2020-09,COVID-19 Collapse,British Airways,BA,London,Dubai,Boeing 777-300ER,5500,5500.0,0.0,No,No,118.0,46.57,53.51,6314.18,0.0,259.68,39.7,299.38,225,67360.5,95.83
2020-10,COVID-19 Collapse,British Airways,BA,London,Dubai,Boeing 777-300ER,5500,5500.0,0.0,No,No,118.0,39.95,45.39,5356.02,0.0,220.28,28.57,248.85,218,54249.3,95.12
2020-11,COVID-19 Collapse,British Airways,BA,London,Dubai,Boeing 777-300ER,5500,5500.0,0.0,No,No,118.0,42.09,51.05,6023.9,0.0,247.74,36.13,283.87,218,61883.66,95.63
2020-12,COVID-19 Collapse,British Airways,BA,London,Dubai,Boeing 777-300ER,5500,5500.0,0.0,No,No,118.0,43.13,51.79,6111.22,0.0,251.33,37.19,288.52,275,79343.0,95.69
2021-01,COVID-19 Collapse,British Airways,BA,London,Dubai,Boeing 777-300ER,5500,5500.0,0.0,No,No,118.0,75.49,89.33,10540.94,0.0,433.51,110.64,544.15,255,138758.25,97.46
2021-02,COVID-19 Collapse,British Airways,BA,London,Dubai,Boeing 777-300ER,5500,5500.0,0.0,No,No,118.0,83.06,100.27,11831.86,0.0,486.6,139.4,626.0,280,175280.0,97.73
2021-03,COVID-19 Collapse,British Airways,BA,London,Dubai,Boeing 777-300ER,5500,5500.0,0.0,No,No,118.0,69.59,83.53,9856.54,0.0,405.37,96.74,502.11,276,138582.36,97.29
2021-04,COVID-19 Collapse,British Airways,BA,London,Dubai,Boeing 777-300ER,5500,5500.0,0.0,No,No,118.0,76.83,87.48,10322.64,0.0,424.54,106.11,530.65,232,123110.8,97.41
2021-05,COVID-19 Collapse,British Airways,BA,London,Dubai,Boeing 777-300ER,5500,5500.0,0.0,No,No,118.0,78.63,95.08,11219.44,0.0,461.42,125.35,586.77,258,151386.66,97.61
2021-06,Recovery & Surge,British Airways,BA,London,Dubai,Boeing 777-300ER,5500,5500.0,0.0,No,No,118.0,66.07,77.56,9152.08,0.0,376.39,83.41,459.8,238,109432.4,97.08
2021-07,Recovery & Surge,British Airways,BA,London,Dubai,Boeing 777-300ER,5500,5500.0,0.0,No,No,118.0,78.97,94.82,11188.76,0.0,460.16,124.66,584.82,275,160825.5,97.6
2021-08,Recovery & Surge,British Airways,BA,London,Dubai,Boeing 777-300ER,5500,5500.0,0.0,No,No,118.0,68.92,83.37,9837.66,0.0,404.59,96.37,500.96,265,132754.4,97.28
2021-09,Recovery & Surge,British Airways,BA,London,Dubai,Boeing 777-300ER,5500,5500.0,0.0,No,No,118.0,66.5,76.59,9037.62,0.0,371.69,81.34,453.03,219,99213.57,97.05
2021-10,Recovery & Surge,British Airways,BA,London,Dubai,Boeing 777-300ER,5500,5500.0,0.0,No,No,118.0,86.82,98.19,11586.42,0.0,476.51,133.68,610.19,228,139123.32,97.68
2021-11,Recovery & Surge,British Airways,BA,London,Dubai,Boeing 777-300ER,5500,5500.0,0.0,No,No,118.0,87.21,99.66,11759.88,0.0,483.64,137.71,621.35,259,160929.65,97.71
2021-12,Recovery & Surge,British Airways,BA,London,Dubai,Boeing 777-300ER,5500,5500.0,0.0,No,No,118.0,83.59,97.19,11468.42,0.0,471.66,130.97,602.63,228,137399.64,97.66
2022-01,Recovery & Surge,British Airways,BA,London,Dubai,Boeing 777-300ER,5500,5500.0,0.0,No,No,118.0,72.01,86.54,10211.72,0.0,419.97,103.84,523.81,250,130952.5,97.38
2022-02,Recovery & Surge,British Airways,BA,London,Dubai,Boeing 777-300ER,5500,5500.0,0.0,No,No,118.0,67.25,81.11,9570.98,0.0,393.62,91.22,484.84,228,110543.52,97.21
2022-03,Ukraine War Shock,British Airways,BA,London,Dubai,Boeing 777-300ER,5500,5500.0,0.0,No,No,118.0,117.58,131.77,15548.86,0.0,639.47,240.75,880.22,261,229737.42,98.26
2022-04,Ukraine War Shock,British Airways,BA,London,Dubai,Boeing 777-300ER,5500,5500.0,0.0,No,No,118.0,109.53,128.27,15135.86,0.0,622.49,228.13,850.62,215,182883.3,98.22
2022-05,Ukraine War Shock,British Airways,BA,London,Dubai,Boeing 777-300ER,5500,5500.0,0.0,No,Yes,118.0,99.03,115.05,13575.9,0.0,558.33,183.53,741.86,0,0.0,98.01
2022-06,Ukraine War Shock,British Airways,BA,London,Dubai,Boeing 777-300ER,5500,5500.0,0.0,No,No,118.0,111.34,127.17,15006.06,0.0,617.15,224.24,841.39,235,197726.65,98.2
2022-07,Ukraine War Shock,British Airways,BA,London,Dubai,Boeing 777-300ER,5500,5500.0,0.0,No,No,118.0,80.69,91.34,10778.12,0.0,443.27,115.68,558.95,244,136383.8,97.51
2022-08,Ukraine War Shock,British Airways,BA,London,Dubai,Boeing 777-300ER,5500,5500.0,0.0,No,No,118.0,98.19,113.29,13368.22,0.0,549.79,177.96,727.75,246,179026.5,97.98
2022-09,Ukraine War Shock,British Airways,BA,London,Dubai,Boeing 777-300ER,5500,5500.0,0.0,No,No,118.0,85.18,103.43,12204.74,0.0,501.94,148.33,650.27,224,145660.48,97.8
2022-10,Ukraine War Shock,British Airways,BA,London,Dubai,Boeing 777-300ER,5500,5500.0,0.0,No,No,118.0,93.25,107.45,12679.1,0.0,521.45,160.09,681.54,280,190831.2,97.88
2022-11,Ukraine War Shock,British Airways,BA,London,Dubai,Boeing 777-300ER,5500,5500.0,0.0,No,No,118.0,86.23,101.05,11923.9,0.0,490.39,141.58,631.97,210,132713.7,97.75
2022-12,Ukraine War Shock,British Airways,BA,London,Dubai,Boeing 777-300ER,5500,5500.0,0.0,No,No,118.0,90.4,107.6,12696.8,0.0,522.18,160.53,682.71,237,161802.27,97.88
2023-01,Stabilisation,British Airways,BA,London,Dubai,Boeing 777-300ER,5500,5500.0,0.0,No,No,118.0,84.29,97.47,11501.46,0.0,473.02,131.73,604.75,219,132440.25,97.66
2023-02,Stabilisation,British Airways,BA,London,Dubai,Boeing 777-300ER,5500,5500.0,0.0,No,No,118.0,78.14,95.11,11222.98,0.0,461.56,125.43,586.99,236,138529.64,97.61
2023-03,Stabilisation,British Airways,BA,London,Dubai,Boeing 777-300ER,5500,5500.0,0.0,No,No,118.0,91.48,111.26,13128.68,0.0,539.94,171.64,711.58,217,154412.86,97.95
2023-04,Stabilisation,British Airways,BA,London,Dubai,Boeing 777-300ER,5500,5500.0,0.0,No,No,118.0,88.18,100.98,11915.64,0.0,490.05,141.39,631.44,238,150282.72,97.74
2023-05,Stabilisation,British Airways,BA,London,Dubai,Boeing 777-300ER,5500,5500.0,0.0,No,No,118.0,90.97,106.41,12556.38,0.0,516.4,157.0,673.4,224,150841.6,97.86
2023-06,Stabilisation,British Airways,BA,London,Dubai,Boeing 777-300ER,5500,5500.0,0.0,No,No,118.0,90.21,103.75,12242.5,0.0,503.49,149.25,652.74,251,163837.74,97.8
2023-07,Stabilisation,British Airways,BA,London,Dubai,Boeing 777-300ER,5500,5500.0,0.0,No,No,118.0,85.16,97.8,11540.4,0.0,474.62,132.62,607.24,210,127520.4,97.67
2023-08,Stabilisation,British Airways,BA,London,Dubai,Boeing 777-300ER,5500,5500.0,0.0,No,No,118.0,90.67,101.88,12021.84,0.0,494.42,143.92,638.34,247,157669.98,97.76
2023-09,Stabilisation,British Airways,BA,London,Dubai,Boeing 777-300ER,5500,5500.0,0.0,No,No,118.0,76.5,90.34,10660.12,0.0,438.41,113.16,551.57,231,127412.67,97.49
2023-10,Gaza-Israel Conflict,British Airways,BA,London,Dubai,Boeing 777-300ER,5500,5500.0,0.0,No,No,118.0,78.33,91.67,10817.06,0.0,444.87,116.52,561.39,234,131365.26,97.52
2023-11,Gaza-Israel Conflict,British Airways,BA,London,Dubai,Boeing 777-300ER,5500,5500.0,0.0,No,No,118.0,75.77,85.25,10059.5,0.0,413.71,100.77,514.48,236,121417.28,97.34
2023-12,Gaza-Israel Conflict,British Airways,BA,London,Dubai,Boeing 777-300ER,5500,5500.0,0.0,No,No,118.0,80.53,92.44,10907.92,0.0,448.61,118.48,567.09,258,146309.22,97.54
2024-01,Gaza-Israel Conflict,British Airways,BA,London,Dubai,Boeing 777-300ER,5500,5500.0,0.0,No,No,118.0,84.61,102.45,12089.1,0.0,497.18,145.53,642.71,266,170960.86,97.78
2024-02,Gaza-Israel Conflict,British Airways,BA,London,Dubai,Boeing 777-300ER,5500,5500.0,0.0,No,No,118.0,82.61,94.5,11151.0,0.0,458.6,123.82,582.42,234,136286.28,97.59
2024-03,Gaza-Israel Conflict,British Airways,BA,London,Dubai,Boeing 777-300ER,5500,5500.0,0.0,No,No,118.0,92.09,104.48,12328.64,0.0,507.04,151.36,658.4,279,183693.6,97.82
2024-04,Gaza-Israel Conflict,British Airways,BA,London,Dubai,Boeing 777-300ER,5500,5500.0,0.0,No,No,118.0,84.06,98.26,11594.68,0.0,476.85,133.87,610.72,265,161840.8,97.68
2024-05,Gaza-Israel Conflict,British Airways,BA,London,Dubai,Boeing 777-300ER,5500,5500.0,0.0,No,No,118.0,82.78,100.87,11902.66,0.0,489.52,141.08,630.6,240,151344.0,97.74
2024-06,Gaza-Israel Conflict,British Airways,BA,London,Dubai,Boeing 777-300ER,5500,5500.0,0.0,No,No,118.0,87.23,99.81,11777.58,0.0,484.37,138.13,622.5,217,135082.5,97.72
2024-07,Gaza-Israel Conflict,British Airways,BA,London,Dubai,Boeing 777-300ER,5500,5500.0,0.0,No,No,118.0,80.4,95.45,11263.1,0.0,463.21,126.32,589.53,252,148561.56,97.62
2024-08,Gaza-Israel Conflict,British Airways,BA,London,Dubai,Boeing 777-300ER,5500,5500.0,0.0,No,No,118.0,91.64,109.62,12935.16,0.0,531.98,166.62,698.6,256,178841.6,97.92
2024-09,Gaza-Israel Conflict,British Airways,BA,London,Dubai,Boeing 777-300ER,5500,5500.0,0.0,No,No,118.0,79.27,90.67,10699.06,0.0,440.02,113.99,554.01,220,121882.2,97.49
2024-10,Gaza-Israel Conflict,British Airways,BA,London,Dubai,Boeing 777-300ER,5500,5500.0,0.0,No,No,118.0,94.78,113.06,13341.08,0.0,548.67,177.24,725.91,273,198173.43,97.98
2024-11,Gaza-Israel Conflict,British Airways,BA,London,Dubai,Boeing 777-300ER,5500,5500.0,0.0,No,No,118.0,91.13,105.42,12439.56,0.0,511.6,154.09,665.69,238,158434.22,97.84
2024-12,Pre-Iran Escalation,British Airways,BA,London,Dubai,Boeing 777-300ER,5500,5500.0,0.0,No,No,118.0,81.38,96.29,11362.22,0.0,467.29,128.56,595.85,221,131682.85,97.64
2025-01,Pre-Iran Escalation,British Airways,BA,London,Dubai,Boeing 777-300ER,5500,5500.0,0.0,No,No,118.0,85.13,100.74,11887.32,0.0,488.89,140.72,629.61,249,156772.89,97.74
2025-02,Pre-Iran Escalation,British Airways,BA,London,Dubai,Boeing 777-300ER,5500,5500.0,0.0,No,No,118.0,103.76,121.77,14368.86,0.0,590.94,205.6,796.54,241,191966.14,98.12
2025-03,Pre-Iran Escalation,British Airways,BA,London,Dubai,Boeing 777-300ER,5500,5500.0,0.0,No,No,118.0,101.26,114.33,13490.94,0.0,554.84,181.24,736.08,258,189908.64,98.0
2025-04,Pre-Iran Escalation,British Airways,BA,London,Dubai,Boeing 777-300ER,5500,5500.0,0.0,No,No,118.0,101.77,122.48,14452.64,0.0,594.39,208.0,802.39,222,178130.58,98.13
2025-05,Pre-Iran Escalation,British Airways,BA,London,Dubai,Boeing 777-300ER,5500,5500.0,0.0,No,No,118.0,102.74,118.36,13966.48,0.0,574.39,194.24,768.63,211,162180.93,98.07
2025-06,Pre-Iran Escalation,British Airways,BA,London,Dubai,Boeing 777-300ER,5500,5500.0,0.0,No,No,118.0,86.7,98.72,11648.96,0.0,479.08,135.13,614.21,245,150481.45,97.69
2025-07,Pre-Iran Escalation,British Airways,BA,London,Dubai,Boeing 777-300ER,5500,5500.0,0.0,No,No,118.0,93.24,104.81,12367.58,0.0,508.64,152.32,660.96,221,146072.16,97.82
2025-08,Pre-Iran Escalation,British Airways,BA,London,Dubai,Boeing 777-300ER,5500,5500.0,0.0,No,No,118.0,87.66,103.36,12196.48,0.0,501.6,148.13,649.73,221,143590.33,97.79
2025-09,Pre-Iran Escalation,British Airways,BA,London,Dubai,Boeing 777-300ER,5500,5500.0,0.0,No,No,118.0,104.85,124.54,14695.72,0.0,604.39,215.06,819.45,260,213057.0,98.16
2025-10,Pre-Iran Escalation,British Airways,BA,London,Dubai,Boeing 777-300ER,5500,5500.0,0.0,No,No,118.0,99.34,111.43,13148.74,0.0,540.76,172.16,712.92,229,163258.68,97.95
2025-11,Pre-Iran Escalation,British Airways,BA,London,Dubai,Boeing 777-300ER,5500,5500.0,0.0,No,No,118.0,92.61,108.47,12799.46,0.0,526.4,163.14,689.54,272,187554.88,97.9
2025-12,US-Iran War Conflict,British Airways,BA,London,Dubai,Boeing 777-300ER,5500,6421.0,921.0,Yes,No,137.8,122.22,139.65,19243.77,3222.46,677.71,270.41,948.12,255,241770.6,98.59
2026-01,US-Iran War Conflict,British Airways,BA,London,Dubai,Boeing 777-300ER,5500,6240.0,740.0,Yes,No,133.9,130.88,155.03,20758.52,2792.96,752.35,333.25,1085.6,226,245345.6,98.69
2026-02,US-Iran War Conflict,British Airways,BA,London,Dubai,Boeing 777-300ER,5500,6089.0,589.0,Yes,No,130.6,155.73,177.13,23133.18,2477.35,859.6,386.82,1246.42,263,327808.46,98.83
2026-03,US-Iran War Conflict,British Airways,BA,London,Dubai,Boeing 777-300ER,5500,6584.0,1084.0,Yes,Yes,141.3,169.08,201.05,28408.37,5599.03,975.68,439.06,1414.74,0,0.0,99.04
2026-04,De-escalation & Negotiations,British Airways,BA,London,Dubai,Boeing 777-300ER,5500,5856.0,356.0,Yes,No,125.6,111.38,129.05,16208.68,1049.14,626.27,230.91,857.18,270,231438.6,98.33
2026-05,De-escalation & Negotiations,British Airways,BA,London,Dubai,Boeing 777-300ER,5500,5725.0,225.0,Yes,No,122.8,104.87,127.28,15629.98,639.41,617.68,224.62,842.3,258,217313.4,98.27
2026-06,De-escalation & Negotiations,British Airways,BA,London,Dubai,Boeing 777-300ER,5500,5906.0,406.0,Yes,No,126.7,92.83,105.25,13335.18,984.38,510.77,153.6,664.37,216,143503.92,97.98
2019-01,Pre-Pandemic Baseline,Air France,AF,Paris,Dubai,Boeing 777-300ER,5262,5262.0,0.0,No,No,112.0,63.0,71.31,7986.72,0.0,331.09,67.46,398.55,210,83695.5,96.81
2019-02,Pre-Pandemic Baseline,Air France,AF,Paris,Dubai,Boeing 777-300ER,5262,5262.0,0.0,No,No,112.0,67.61,80.55,9021.6,0.0,373.99,86.07,460.06,245,112714.7,97.17
2019-03,Pre-Pandemic Baseline,Air France,AF,Paris,Dubai,Boeing 777-300ER,5262,5262.0,0.0,No,No,112.0,65.86,78.77,8822.24,0.0,365.72,82.31,448.03,234,104839.02,97.1
2019-04,Pre-Pandemic Baseline,Air France,AF,Paris,Dubai,Boeing 777-300ER,5262,5262.0,0.0,No,No,112.0,64.79,76.2,8534.4,0.0,353.79,77.03,430.82,216,93057.12,97.01
2019-05,Pre-Pandemic Baseline,Air France,AF,Paris,Dubai,Boeing 777-300ER,5262,5262.0,0.0,No,No,112.0,61.25,73.32,8211.84,0.0,340.42,71.31,411.73,221,90992.33,96.9
2019-06,Pre-Pandemic Baseline,Air France,AF,Paris,Dubai,Boeing 777-300ER,5262,5262.0,0.0,No,No,112.0,61.25,71.62,8021.44,0.0,332.53,68.05,400.58,229,91732.82,96.82
2019-07,Pre-Pandemic Baseline,Air France,AF,Paris,Dubai,Boeing 777-300ER,5262,5262.0,0.0,No,No,112.0,60.46,70.88,7938.56,0.0,329.09,66.65,395.74,217,85875.58,96.79
2019-08,Pre-Pandemic Baseline,Air France,AF,Paris,Dubai,Boeing 777-300ER,5262,5262.0,0.0,No,No,112.0,66.93,77.82,8715.84,0.0,361.31,80.33,441.64,233,102902.12,97.07
2019-09,Pre-Pandemic Baseline,Air France,AF,Paris,Dubai,Boeing 777-300ER,5262,5262.0,0.0,No,No,112.0,64.81,72.75,8148.0,0.0,337.77,70.21,407.98,219,89347.62,96.87
2019-10,Pre-Pandemic Baseline,Air France,AF,Paris,Dubai,Boeing 777-300ER,5262,5262.0,0.0,No,No,112.0,65.66,74.25,8316.0,0.0,344.74,73.13,417.87,256,106974.72,96.93
2019-11,Pre-Pandemic Baseline,Air France,AF,Paris,Dubai,Boeing 777-300ER,5262,5262.0,0.0,No,No,112.0,60.16,67.57,7567.84,0.0,313.72,60.57,374.29,262,98063.98,96.64
2019-12,Pre-Pandemic Baseline,Air France,AF,Paris,Dubai,Boeing 777-300ER,5262,5262.0,0.0,No,No,112.0,67.76,80.2,8982.4,0.0,372.36,85.32,457.68,268,122658.24,97.15
2020-01,Pre-Pandemic Baseline,Air France,AF,Paris,Dubai,Boeing 777-300ER,5262,5262.0,0.0,No,No,112.0,66.66,76.75,8596.0,0.0,356.35,78.14,434.49,275,119484.75,97.03
2020-02,Pre-Pandemic Baseline,Air France,AF,Paris,Dubai,Boeing 777-300ER,5262,5262.0,0.0,No,No,112.0,61.7,72.24,8090.88,0.0,335.41,69.23,404.64,210,84974.4,96.85
2020-03,COVID-19 Collapse,Air France,AF,Paris,Dubai,Boeing 777-300ER,5262,5262.0,0.0,No,No,112.0,20.55,24.88,2786.56,0.0,115.52,8.21,123.73,223,27591.79,91.37
2020-04,COVID-19 Collapse,Air France,AF,Paris,Dubai,Boeing 777-300ER,5262,5262.0,0.0,No,No,112.0,20.57,23.55,2637.6,0.0,109.34,7.36,116.7,271,31625.7,90.93
2020-05,COVID-19 Collapse,Air France,AF,Paris,Dubai,Boeing 777-300ER,5262,5262.0,0.0,No,No,112.0,22.26,25.84,2894.08,0.0,119.97,8.86,128.83,212,27311.96,91.67
2020-06,COVID-19 Collapse,Air France,AF,Paris,Dubai,Boeing 777-300ER,5262,5262.0,0.0,No,No,112.0,45.35,54.22,6072.64,0.0,251.74,39.0,290.74,259,75301.66,95.85
2020-07,COVID-19 Collapse,Air France,AF,Paris,Dubai,Boeing 777-300ER,5262,5262.0,0.0,No,No,112.0,44.05,50.34,5638.08,0.0,233.73,33.62,267.35,223,59619.05,95.54
2020-08,COVID-19 Collapse,Air France,AF,Paris,Dubai,Boeing 777-300ER,5262,5262.0,0.0,No,No,112.0,42.08,47.45,5314.4,0.0,220.31,29.87,250.18,247,61794.46,95.28
2020-09,COVID-19 Collapse,Air France,AF,Paris,Dubai,Boeing 777-300ER,5262,5262.0,0.0,No,No,112.0,46.57,53.51,5993.12,0.0,248.44,37.98,286.42,282,80770.44,95.79
2020-10,COVID-19 Collapse,Air France,AF,Paris,Dubai,Boeing 777-300ER,5262,5262.0,0.0,No,No,112.0,39.95,45.39,5083.68,0.0,210.74,27.33,238.07,258,61422.06,95.08
2020-11,COVID-19 Collapse,Air France,AF,Paris,Dubai,Boeing 777-300ER,5262,5262.0,0.0,No,No,112.0,42.09,51.05,5717.6,0.0,237.02,34.57,271.59,237,64366.83,95.6
2020-12,COVID-19 Collapse,Air France,AF,Paris,Dubai,Boeing 777-300ER,5262,5262.0,0.0,No,No,112.0,43.13,51.79,5800.48,0.0,240.46,35.58,276.04,261,72046.44,95.66
2021-01,COVID-19 Collapse,Air France,AF,Paris,Dubai,Boeing 777-300ER,5262,5262.0,0.0,No,No,112.0,75.49,89.33,10004.96,0.0,414.75,105.86,520.61,210,109328.1,97.44
2021-02,COVID-19 Collapse,Air France,AF,Paris,Dubai,Boeing 777-300ER,5262,5262.0,0.0,No,No,112.0,83.06,100.27,11230.24,0.0,465.55,133.37,598.92,281,168296.52,97.71
2021-03,COVID-19 Collapse,Air France,AF,Paris,Dubai,Boeing 777-300ER,5262,5262.0,0.0,No,No,112.0,69.59,83.53,9355.36,0.0,387.82,92.56,480.38,235,112889.3,97.26
2021-04,COVID-19 Collapse,Air France,AF,Paris,Dubai,Boeing 777-300ER,5262,5262.0,0.0,No,No,112.0,76.83,87.48,9797.76,0.0,406.16,101.52,507.68,283,143673.44,97.38
2021-05,COVID-19 Collapse,Air France,AF,Paris,Dubai,Boeing 777-300ER,5262,5262.0,0.0,No,No,112.0,78.63,95.08,10648.96,0.0,441.45,119.92,561.37,260,145956.2,97.59
2021-06,Recovery & Surge,Air France,AF,Paris,Dubai,Boeing 777-300ER,5262,5262.0,0.0,No,No,112.0,66.07,77.56,8686.72,0.0,360.11,79.8,439.91,231,101619.21,97.06
2021-07,Recovery & Surge,Air France,AF,Paris,Dubai,Boeing 777-300ER,5262,5262.0,0.0,No,No,112.0,78.97,94.82,10619.84,0.0,440.24,119.27,559.51,256,143234.56,97.58
2021-08,Recovery & Surge,Air France,AF,Paris,Dubai,Boeing 777-300ER,5262,5262.0,0.0,No,No,112.0,68.92,83.37,9337.44,0.0,387.08,92.2,479.28,238,114068.64,97.26
2021-09,Recovery & Surge,Air France,AF,Paris,Dubai,Boeing 777-300ER,5262,5262.0,0.0,No,No,112.0,66.5,76.59,8578.08,0.0,355.6,77.82,433.42,258,111822.36,97.02
2021-10,Recovery & Surge,Air France,AF,Paris,Dubai,Boeing 777-300ER,5262,5262.0,0.0,No,No,112.0,86.82,98.19,10997.28,0.0,455.89,127.9,583.79,269,157039.51,97.66
2021-11,Recovery & Surge,Air France,AF,Paris,Dubai,Boeing 777-300ER,5262,5262.0,0.0,No,No,112.0,87.21,99.66,11161.92,0.0,462.72,131.76,594.48,245,145647.6,97.7
2021-12,Recovery & Surge,Air France,AF,Paris,Dubai,Boeing 777-300ER,5262,5262.0,0.0,No,No,112.0,83.59,97.19,10885.28,0.0,451.25,125.31,576.56,226,130302.56,97.64
2022-01,Recovery & Surge,Air France,AF,Paris,Dubai,Boeing 777-300ER,5262,5262.0,0.0,No,No,112.0,72.01,86.54,9692.48,0.0,401.8,99.35,501.15,283,141825.45,97.36
2022-02,Recovery & Surge,Air France,AF,Paris,Dubai,Boeing 777-300ER,5262,5262.0,0.0,No,No,112.0,67.25,81.11,9084.32,0.0,376.59,87.27,463.86,240,111326.4,97.19
2022-03,Ukraine War Shock,Air France,AF,Paris,Dubai,Boeing 777-300ER,5262,5262.0,0.0,No,No,112.0,117.58,131.77,14758.24,0.0,611.8,230.33,842.13,223,187794.99,98.25
2022-04,Ukraine War Shock,Air France,AF,Paris,Dubai,Boeing 777-300ER,5262,5262.0,0.0,No,No,112.0,109.53,128.27,14366.24,0.0,595.55,218.26,813.81,265,215659.65,98.2
2022-05,Ukraine War Shock,Air France,AF,Paris,Dubai,Boeing 777-300ER,5262,5262.0,0.0,No,No,112.0,99.03,115.05,12885.6,0.0,534.17,175.59,709.76,259,183827.84,98.0
2022-06,Ukraine War Shock,Air France,AF,Paris,Dubai,Boeing 777-300ER,5262,5262.0,0.0,No,No,112.0,111.34,127.17,14243.04,0.0,590.44,214.53,804.97,271,218146.87,98.19
2022-07,Ukraine War Shock,Air France,AF,Paris,Dubai,Boeing 777-300ER,5262,5262.0,0.0,No,No,112.0,80.69,91.34,10230.08,0.0,424.09,110.68,534.77,210,112301.7,97.49
2022-08,Ukraine War Shock,Air France,AF,Paris,Dubai,Boeing 777-300ER,5262,5262.0,0.0,No,No,112.0,98.19,113.29,12688.48,0.0,526.0,170.26,696.26,236,164317.36,97.97
2022-09,Ukraine War Shock,Air France,AF,Paris,Dubai,Boeing 777-300ER,5262,5262.0,0.0,No,No,112.0,85.18,103.43,11584.16,0.0,480.22,141.91,622.13,233,144956.29,97.78
2022-10,Ukraine War Shock,Air France,AF,Paris,Dubai,Boeing 777-300ER,5262,5262.0,0.0,No,No,112.0,93.25,107.45,12034.4,0.0,498.88,153.16,652.04,279,181919.16,97.86
2022-11,Ukraine War Shock,Air France,AF,Paris,Dubai,Boeing 777-300ER,5262,5262.0,0.0,No,No,112.0,86.23,101.05,11317.6,0.0,469.17,135.46,604.63,236,142692.68,97.73
2022-12,Ukraine War Shock,Air France,AF,Paris,Dubai,Boeing 777-300ER,5262,5262.0,0.0,No,No,112.0,90.4,107.6,12051.2,0.0,499.58,153.59,653.17,249,162639.33,97.86
2023-01,Stabilisation,Air France,AF,Paris,Dubai,Boeing 777-300ER,5262,5262.0,0.0,No,No,112.0,84.29,97.47,10916.64,0.0,452.55,126.03,578.58,210,121501.8,97.65
2023-02,Stabilisation,Air France,AF,Paris,Dubai,Boeing 777-300ER,5262,5262.0,0.0,No,No,112.0,78.14,95.11,10652.32,0.0,441.59,120.0,561.59,270,151629.3,97.59
2023-03,Stabilisation,Air France,AF,Paris,Dubai,Boeing 777-300ER,5262,5262.0,0.0,No,No,112.0,91.48,111.26,12461.12,0.0,516.57,164.21,680.78,218,148410.04,97.93
2023-04,Stabilisation,Air France,AF,Paris,Dubai,Boeing 777-300ER,5262,5262.0,0.0,No,No,112.0,88.18,100.98,11309.76,0.0,468.84,135.27,604.11,276,166734.36,97.73
2023-05,Stabilisation,Air France,AF,Paris,Dubai,Boeing 777-300ER,5262,5262.0,0.0,No,No,112.0,90.97,106.41,11917.92,0.0,494.06,150.21,644.27,265,170731.55,97.84
2023-06,Stabilisation,Air France,AF,Paris,Dubai,Boeing 777-300ER,5262,5262.0,0.0,No,No,112.0,90.21,103.75,11620.0,0.0,481.71,142.79,624.5,251,156749.5,97.79
2023-07,Stabilisation,Air France,AF,Paris,Dubai,Boeing 777-300ER,5262,5262.0,0.0,No,No,112.0,85.16,97.8,10953.6,0.0,454.08,126.88,580.96,266,154535.36,97.65
2023-08,Stabilisation,Air France,AF,Paris,Dubai,Boeing 777-300ER,5262,5262.0,0.0,No,No,112.0,90.67,101.88,11410.56,0.0,473.02,137.69,610.71,269,164280.99,97.75
2023-09,Stabilisation,Air France,AF,Paris,Dubai,Boeing 777-300ER,5262,5262.0,0.0,No,No,112.0,76.5,90.34,10118.08,0.0,419.44,108.26,527.7,266,140368.2,97.47
2023-10,Gaza-Israel Conflict,Air France,AF,Paris,Dubai,Boeing 777-300ER,5262,5262.0,0.0,No,No,112.0,78.33,91.67,10267.04,0.0,425.62,111.48,537.1,259,139108.9,97.5
2023-11,Gaza-Israel Conflict,Air France,AF,Paris,Dubai,Boeing 777-300ER,5262,5262.0,0.0,No,No,112.0,75.77,85.25,9548.0,0.0,395.81,96.41,492.22,276,135852.72,97.32
2023-12,Gaza-Israel Conflict,Air France,AF,Paris,Dubai,Boeing 777-300ER,5262,5262.0,0.0,No,No,112.0,80.53,92.44,10353.28,0.0,429.19,113.36,542.55,241,130754.55,97.52
2024-01,Gaza-Israel Conflict,Air France,AF,Paris,Dubai,Boeing 777-300ER,5262,5262.0,0.0,No,No,112.0,84.61,102.45,11474.4,0.0,475.67,139.24,614.91,252,154957.32,97.76
2024-02,Gaza-Israel Conflict,Air France,AF,Paris,Dubai,Boeing 777-300ER,5262,5262.0,0.0,No,No,112.0,82.61,94.5,10584.0,0.0,438.76,118.47,557.23,282,157138.86,97.57
2024-03,Gaza-Israel Conflict,Air France,AF,Paris,Dubai,Boeing 777-300ER,5262,5262.0,0.0,No,No,112.0,92.09,104.48,11701.76,0.0,485.09,144.81,629.9,237,149286.3,97.8
2024-04,Gaza-Israel Conflict,Air France,AF,Paris,Dubai,Boeing 777-300ER,5262,5262.0,0.0,No,No,112.0,84.06,98.26,11005.12,0.0,456.22,128.08,584.3,266,155423.8,97.67
2024-05,Gaza-Israel Conflict,Air France,AF,Paris,Dubai,Boeing 777-300ER,5262,5262.0,0.0,No,No,112.0,82.78,100.87,11297.44,0.0,468.33,134.97,603.3,239,144188.7,97.72
2024-06,Gaza-Israel Conflict,Air France,AF,Paris,Dubai,Boeing 777-300ER,5262,5262.0,0.0,No,No,112.0,87.23,99.81,11178.72,0.0,463.41,132.15,595.56,245,145912.2,97.7
2024-07,Gaza-Israel Conflict,Air France,AF,Paris,Dubai,Boeing 777-300ER,5262,5262.0,0.0,No,No,112.0,80.4,95.45,10690.4,0.0,443.17,120.86,564.03,235,132547.05,97.6
2024-08,Gaza-Israel Conflict,Air France,AF,Paris,Dubai,Boeing 777-300ER,5262,5262.0,0.0,No,No,112.0,91.64,109.62,12277.44,0.0,508.96,159.41,668.37,221,147709.77,97.9
2024-09,Gaza-Israel Conflict,Air France,AF,Paris,Dubai,Boeing 777-300ER,5262,5262.0,0.0,No,No,112.0,79.27,90.67,10155.04,0.0,420.98,109.06,530.04,282,149471.28,97.47
2024-10,Gaza-Israel Conflict,Air France,AF,Paris,Dubai,Boeing 777-300ER,5262,5262.0,0.0,No,No,112.0,94.78,113.06,12662.72,0.0,524.93,169.57,694.5,243,168763.5,97.96
2024-11,Gaza-Israel Conflict,Air France,AF,Paris,Dubai,Boeing 777-300ER,5262,5262.0,0.0,No,No,112.0,91.13,105.42,11807.04,0.0,489.46,147.43,636.89,230,146484.7,97.82
2024-12,Pre-Iran Escalation,Air France,AF,Paris,Dubai,Boeing 777-300ER,5262,5262.0,0.0,No,No,112.0,81.38,96.29,10784.48,0.0,447.07,123.0,570.07,258,147078.06,97.62
2025-01,Pre-Iran Escalation,Air France,AF,Paris,Dubai,Boeing 777-300ER,5262,5262.0,0.0,No,No,112.0,85.13,100.74,11282.88,0.0,467.73,134.63,602.36,218,131314.48,97.72
2025-02,Pre-Iran Escalation,Air France,AF,Paris,Dubai,Boeing 777-300ER,5262,5262.0,0.0,No,No,112.0,103.76,121.77,13638.24,0.0,565.37,196.7,762.07,250,190517.5,98.11
2025-03,Pre-Iran Escalation,Air France,AF,Paris,Dubai,Boeing 777-300ER,5262,5262.0,0.0,No,No,112.0,101.26,114.33,12804.96,0.0,530.83,173.4,704.23,253,178170.19,97.99
2025-04,Pre-Iran Escalation,Air France,AF,Paris,Dubai,Boeing 777-300ER,5262,5262.0,0.0,No,No,112.0,101.77,122.48,13717.76,0.0,568.67,199.0,767.67,224,171958.08,98.12
2025-05,Pre-Iran Escalation,Air France,AF,Paris,Dubai,Boeing 777-300ER,5262,5262.0,0.0,No,No,112.0,102.74,118.36,13256.32,0.0,549.54,185.84,735.38,281,206641.78,98.05
2025-06,Pre-Iran Escalation,Air France,AF,Paris,Dubai,Boeing 777-300ER,5262,5262.0,0.0,No,No,112.0,86.7,98.72,11056.64,0.0,458.35,129.28,587.63,254,149258.02,97.68
2025-07,Pre-Iran Escalation,Air France,AF,Paris,Dubai,Boeing 777-300ER,5262,5262.0,0.0,No,No,112.0,93.24,104.81,11738.72,0.0,486.63,145.72,632.35,226,142911.1,97.81
2025-08,Pre-Iran Escalation,Air France,AF,Paris,Dubai,Boeing 777-300ER,5262,5262.0,0.0,No,No,112.0,87.66,103.36,11576.32,0.0,479.89,141.72,621.61,272,169077.92,97.78
2025-09,Pre-Iran Escalation,Air France,AF,Paris,Dubai,Boeing 777-300ER,5262,5262.0,0.0,No,No,112.0,104.85,124.54,13948.48,0.0,578.23,205.75,783.98,233,182667.34,98.15
2025-10,Pre-Iran Escalation,Air France,AF,Paris,Dubai,Boeing 777-300ER,5262,5262.0,0.0,No,No,112.0,99.34,111.43,12480.16,0.0,517.36,164.71,682.07,264,180066.48,97.94
2025-11,Pre-Iran Escalation,Air France,AF,Paris,Dubai,Boeing 777-300ER,5262,5262.0,0.0,No,No,112.0,92.61,108.47,12148.64,0.0,503.62,156.08,659.7,257,169542.9,97.88
2025-12,US-Iran War Conflict,Air France,AF,Paris,Dubai,Boeing 777-300ER,5262,5826.0,564.0,Yes,No,124.0,122.22,139.65,17316.6,1856.06,648.39,258.71,907.1,217,196840.7,98.5
2026-01,US-Iran War Conflict,Air France,AF,Paris,Dubai,Boeing 777-300ER,5262,6226.0,964.0,Yes,Yes,132.5,130.88,155.03,20541.47,3763.2,719.8,318.83,1038.63,0,0.0,98.74
2026-02,US-Iran War Conflict,Air France,AF,Paris,Dubai,Boeing 777-300ER,5262,5800.0,538.0,Yes,No,123.5,155.73,177.13,21875.56,2236.61,822.4,370.08,1192.48,222,264730.56,98.81
2026-03,US-Iran War Conflict,Air France,AF,Paris,Dubai,Boeing 777-300ER,5262,5728.0,466.0,Yes,No,121.9,169.08,201.05,24508.0,2170.42,933.46,420.06,1353.52,220,297774.4,98.94
2026-04,De-escalation & Negotiations,Air France,AF,Paris,Dubai,Boeing 777-300ER,5262,5531.0,269.0,Yes,No,117.7,111.38,129.05,15189.19,776.49,599.17,220.92,820.09,225,184520.25,98.3
2026-05,De-escalation & Negotiations,Air France,AF,Paris,Dubai,Boeing 777-300ER,5262,5421.0,159.0,Yes,No,115.4,104.87,127.28,14688.11,443.83,590.95,214.9,805.85,251,202268.35,98.24
2026-06,De-escalation & Negotiations,Air France,AF,Paris,Dubai,Boeing 777-300ER,5262,5467.0,205.0,Yes,No,116.4,92.83,105.25,12251.1,477.29,488.67,146.95,635.62,273,173524.26,97.9
2019-01,Pre-Pandemic Baseline,KLM,KL,Amsterdam,Dubai,Boeing 777-300ER,5271,5271.0,0.0,No,No,112.0,63.0,71.31,7986.72,0.0,331.65,67.57,399.22,252,100603.44,96.81
2019-02,Pre-Pandemic Baseline,KLM,KL,Amsterdam,Dubai,Boeing 777-300ER,5271,5271.0,0.0,No,No,112.0,67.61,80.55,9021.6,0.0,374.63,86.22,460.85,219,100926.15,97.16
2019-03,Pre-Pandemic Baseline,KLM,KL,Amsterdam,Dubai,Boeing 777-300ER,5271,5271.0,0.0,No,No,112.0,65.86,78.77,8822.24,0.0,366.35,82.45,448.8,238,106814.4,97.1
2019-04,Pre-Pandemic Baseline,KLM,KL,Amsterdam,Dubai,Boeing 777-300ER,5271,5271.0,0.0,No,No,112.0,64.79,76.2,8534.4,0.0,354.4,77.16,431.56,229,98827.24,97.0
2019-05,Pre-Pandemic Baseline,KLM,KL,Amsterdam,Dubai,Boeing 777-300ER,5271,5271.0,0.0,No,No,112.0,61.25,73.32,8211.84,0.0,341.0,71.43,412.43,229,94446.47,96.89
2019-06,Pre-Pandemic Baseline,KLM,KL,Amsterdam,Dubai,Boeing 777-300ER,5271,5271.0,0.0,No,No,112.0,61.25,71.62,8021.44,0.0,333.1,68.16,401.26,229,91888.54,96.82
2019-07,Pre-Pandemic Baseline,KLM,KL,Amsterdam,Dubai,Boeing 777-300ER,5271,5271.0,0.0,No,No,112.0,60.46,70.88,7938.56,0.0,329.65,66.76,396.41,241,95534.81,96.79
2019-08,Pre-Pandemic Baseline,KLM,KL,Amsterdam,Dubai,Boeing 777-300ER,5271,5271.0,0.0,No,No,112.0,66.93,77.82,8715.84,0.0,361.93,80.47,442.4,219,96885.6,97.06
2019-09,Pre-Pandemic Baseline,KLM,KL,Amsterdam,Dubai,Boeing 777-300ER,5271,5271.0,0.0,No,No,112.0,64.81,72.75,8148.0,0.0,338.35,70.33,408.68,228,93179.04,96.87
2019-10,Pre-Pandemic Baseline,KLM,KL,Amsterdam,Dubai,Boeing 777-300ER,5271,5271.0,0.0,No,No,112.0,65.66,74.25,8316.0,0.0,345.33,73.26,418.59,262,109670.58,96.93
2019-11,Pre-Pandemic Baseline,KLM,KL,Amsterdam,Dubai,Boeing 777-300ER,5271,5271.0,0.0,No,No,112.0,60.16,67.57,7567.84,0.0,314.26,60.67,374.93,272,101980.96,96.63
2019-12,Pre-Pandemic Baseline,KLM,KL,Amsterdam,Dubai,Boeing 777-300ER,5271,5271.0,0.0,No,No,112.0,67.76,80.2,8982.4,0.0,373.0,85.47,458.47,211,96737.17,97.15
2020-01,Pre-Pandemic Baseline,KLM,KL,Amsterdam,Dubai,Boeing 777-300ER,5271,5271.0,0.0,No,No,112.0,66.66,76.75,8596.0,0.0,356.96,78.28,435.24,216,94011.84,97.03
2020-02,Pre-Pandemic Baseline,KLM,KL,Amsterdam,Dubai,Boeing 777-300ER,5271,5271.0,0.0,No,No,112.0,61.7,72.24,8090.88,0.0,335.98,69.35,405.33,274,111060.42,96.85
2020-03,COVID-19 Collapse,KLM,KL,Amsterdam,Dubai,Boeing 777-300ER,5271,5271.0,0.0,No,No,112.0,20.55,24.88,2786.56,0.0,115.71,8.23,123.94,226,28010.44,91.36
2020-04,COVID-19 Collapse,KLM,KL,Amsterdam,Dubai,Boeing 777-300ER,5271,5271.0,0.0,No,No,112.0,20.57,23.55,2637.6,0.0,109.53,7.37,116.9,233,27237.7,90.92
2020-05,COVID-19 Collapse,KLM,KL,Amsterdam,Dubai,Boeing 777-300ER,5271,5271.0,0.0,No,No,112.0,22.26,25.84,2894.08,0.0,120.18,8.87,129.05,235,30326.75,91.65
2020-06,COVID-19 Collapse,KLM,KL,Amsterdam,Dubai,Boeing 777-300ER,5271,5271.0,0.0,No,No,112.0,45.35,54.22,6072.64,0.0,252.17,39.06,291.23,274,79797.02,95.84
2020-07,COVID-19 Collapse,KLM,KL,Amsterdam,Dubai,Boeing 777-300ER,5271,5271.0,0.0,No,No,112.0,44.05,50.34,5638.08,0.0,234.13,33.67,267.8,222,59451.6,95.53
2020-08,COVID-19 Collapse,KLM,KL,Amsterdam,Dubai,Boeing 777-300ER,5271,5271.0,0.0,No,No,112.0,42.08,47.45,5314.4,0.0,220.68,29.92,250.6,270,67662.0,95.28
2020-09,COVID-19 Collapse,KLM,KL,Amsterdam,Dubai,Boeing 777-300ER,5271,5271.0,0.0,No,No,112.0,46.57,53.51,5993.12,0.0,248.87,38.05,286.92,245,70295.4,95.79
2020-10,COVID-19 Collapse,KLM,KL,Amsterdam,Dubai,Boeing 777-300ER,5271,5271.0,0.0,No,No,112.0,39.95,45.39,5083.68,0.0,211.1,27.38,238.48,268,63912.64,95.07
2020-11,COVID-19 Collapse,KLM,KL,Amsterdam,Dubai,Boeing 777-300ER,5271,5271.0,0.0,No,No,112.0,42.09,51.05,5717.6,0.0,237.43,34.63,272.06,261,71007.66,95.59
2020-12,COVID-19 Collapse,KLM,KL,Amsterdam,Dubai,Boeing 777-300ER,5271,5271.0,0.0,No,No,112.0,43.13,51.79,5800.48,0.0,240.87,35.64,276.51,264,72998.64,95.65
2021-01,COVID-19 Collapse,KLM,KL,Amsterdam,Dubai,Boeing 777-300ER,5271,5271.0,0.0,No,No,112.0,75.49,89.33,10004.96,0.0,415.46,106.04,521.5,218,113687.0,97.43
2021-02,COVID-19 Collapse,KLM,KL,Amsterdam,Dubai,Boeing 777-300ER,5271,5271.0,0.0,No,No,112.0,83.06,100.27,11230.24,0.0,466.34,133.6,599.94,233,139786.02,97.71
2021-03,COVID-19 Collapse,KLM,KL,Amsterdam,Dubai,Boeing 777-300ER,5271,5271.0,0.0,No,No,112.0,69.59,83.53,9355.36,0.0,388.49,92.72,481.21,227,109234.67,97.26
2021-04,COVID-19 Collapse,KLM,KL,Amsterdam,Dubai,Boeing 777-300ER,5271,5271.0,0.0,No,No,112.0,76.83,87.48,9797.76,0.0,406.86,101.69,508.55,219,111372.45,97.38
2021-05,COVID-19 Collapse,KLM,KL,Amsterdam,Dubai,Boeing 777-300ER,5271,5271.0,0.0,No,No,112.0,78.63,95.08,10648.96,0.0,442.21,120.13,562.34,257,144521.38,97.58
2021-06,Recovery & Surge,KLM,KL,Amsterdam,Dubai,Boeing 777-300ER,5271,5271.0,0.0,No,No,112.0,66.07,77.56,8686.72,0.0,360.72,79.94,440.66,262,115452.92,97.06
2021-07,Recovery & Surge,KLM,KL,Amsterdam,Dubai,Boeing 777-300ER,5271,5271.0,0.0,No,No,112.0,78.97,94.82,10619.84,0.0,441.0,119.47,560.47,220,123303.4,97.58
2021-08,Recovery & Surge,KLM,KL,Amsterdam,Dubai,Boeing 777-300ER,5271,5271.0,0.0,No,No,112.0,68.92,83.37,9337.44,0.0,387.74,92.36,480.1,267,128186.7,97.25
2021-09,Recovery & Surge,KLM,KL,Amsterdam,Dubai,Boeing 777-300ER,5271,5271.0,0.0,No,No,112.0,66.5,76.59,8578.08,0.0,356.21,77.95,434.16,231,100290.96,97.02
2021-10,Recovery & Surge,KLM,KL,Amsterdam,Dubai,Boeing 777-300ER,5271,5271.0,0.0,No,No,112.0,86.82,98.19,10997.28,0.0,456.67,128.12,584.79,238,139180.02,97.66
2021-11,Recovery & Surge,KLM,KL,Amsterdam,Dubai,Boeing 777-300ER,5271,5271.0,0.0,No,No,112.0,87.21,99.66,11161.92,0.0,463.51,131.98,595.49,284,169119.16,97.69
2021-12,Recovery & Surge,KLM,KL,Amsterdam,Dubai,Boeing 777-300ER,5271,5271.0,0.0,No,No,112.0,83.59,97.19,10885.28,0.0,452.02,125.52,577.54,224,129368.96,97.64
2022-01,Recovery & Surge,KLM,KL,Amsterdam,Dubai,Boeing 777-300ER,5271,5271.0,0.0,No,No,112.0,72.01,86.54,9692.48,0.0,402.49,99.52,502.01,218,109438.18,97.35
2022-02,Recovery & Surge,KLM,KL,Amsterdam,Dubai,Boeing 777-300ER,5271,5271.0,0.0,No,No,112.0,67.25,81.11,9084.32,0.0,377.23,87.42,464.65,230,106869.5,97.18
2022-03,Ukraine War Shock,KLM,KL,Amsterdam,Dubai,Boeing 777-300ER,5271,5271.0,0.0,No,No,112.0,117.58,131.77,14758.24,0.0,612.85,230.73,843.58,279,235358.82,98.25
2022-04,Ukraine War Shock,KLM,KL,Amsterdam,Dubai,Boeing 777-300ER,5271,5271.0,0.0,No,No,112.0,109.53,128.27,14366.24,0.0,596.57,218.63,815.2,219,178528.8,98.2
2022-05,Ukraine War Shock,KLM,KL,Amsterdam,Dubai,Boeing 777-300ER,5271,5271.0,0.0,No,No,112.0,99.03,115.05,12885.6,0.0,535.08,175.89,710.97,256,182008.32,98.0
2022-06,Ukraine War Shock,KLM,KL,Amsterdam,Dubai,Boeing 777-300ER,5271,5271.0,0.0,No,No,112.0,111.34,127.17,14243.04,0.0,591.45,214.9,806.35,269,216908.15,98.18
2022-07,Ukraine War Shock,KLM,KL,Amsterdam,Dubai,Boeing 777-300ER,5271,5271.0,0.0,No,No,112.0,80.69,91.34,10230.08,0.0,424.81,110.86,535.67,279,149451.93,97.49
2022-08,Ukraine War Shock,KLM,KL,Amsterdam,Dubai,Boeing 777-300ER,5271,5271.0,0.0,No,No,112.0,98.19,113.29,12688.48,0.0,526.9,170.55,697.45,245,170875.25,97.97
2022-09,Ukraine War Shock,KLM,KL,Amsterdam,Dubai,Boeing 777-300ER,5271,5271.0,0.0,No,No,112.0,85.18,103.43,11584.16,0.0,481.04,142.15,623.19,244,152058.36,97.78
2022-10,Ukraine War Shock,KLM,KL,Amsterdam,Dubai,Boeing 777-300ER,5271,5271.0,0.0,No,No,112.0,93.25,107.45,12034.4,0.0,499.74,153.42,653.16,272,177659.52,97.86
2022-11,Ukraine War Shock,KLM,KL,Amsterdam,Dubai,Boeing 777-300ER,5271,5271.0,0.0,No,No,112.0,86.23,101.05,11317.6,0.0,469.97,135.69,605.66,224,135667.84,97.72
2022-12,Ukraine War Shock,KLM,KL,Amsterdam,Dubai,Boeing 777-300ER,5271,5271.0,0.0,No,No,112.0,90.4,107.6,12051.2,0.0,500.43,153.85,654.28,244,159644.32,97.86
2023-01,Stabilisation,KLM,KL,Amsterdam,Dubai,Boeing 777-300ER,5271,5271.0,0.0,No,No,112.0,84.29,97.47,10916.64,0.0,453.32,126.24,579.56,257,148946.92,97.64
2023-02,Stabilisation,KLM,KL,Amsterdam,Dubai,Boeing 777-300ER,5271,5271.0,0.0,No,No,112.0,78.14,95.11,10652.32,0.0,442.35,120.21,562.56,262,147390.72,97.59
2023-03,Stabilisation,KLM,KL,Amsterdam,Dubai,Boeing 777-300ER,5271,5271.0,0.0,No,No,112.0,91.48,111.26,12461.12,0.0,517.46,164.49,681.95,218,148665.1,97.93
2023-04,Stabilisation,KLM,KL,Amsterdam,Dubai,Boeing 777-300ER,5271,5271.0,0.0,No,No,112.0,88.18,100.98,11309.76,0.0,469.65,135.5,605.15,275,166416.25,97.72
2023-05,Stabilisation,KLM,KL,Amsterdam,Dubai,Boeing 777-300ER,5271,5271.0,0.0,No,No,112.0,90.97,106.41,11917.92,0.0,494.9,150.46,645.36,271,174892.56,97.84
2023-06,Stabilisation,KLM,KL,Amsterdam,Dubai,Boeing 777-300ER,5271,5271.0,0.0,No,No,112.0,90.21,103.75,11620.0,0.0,482.53,143.04,625.57,233,145757.81,97.78
2023-07,Stabilisation,KLM,KL,Amsterdam,Dubai,Boeing 777-300ER,5271,5271.0,0.0,No,No,112.0,85.16,97.8,10953.6,0.0,454.86,127.1,581.96,245,142580.2,97.65
2023-08,Stabilisation,KLM,KL,Amsterdam,Dubai,Boeing 777-300ER,5271,5271.0,0.0,No,No,112.0,90.67,101.88,11410.56,0.0,473.83,137.93,611.76,238,145598.88,97.74
2023-09,Stabilisation,KLM,KL,Amsterdam,Dubai,Boeing 777-300ER,5271,5271.0,0.0,No,No,112.0,76.5,90.34,10118.08,0.0,420.16,108.45,528.61,283,149596.63,97.46
2023-10,Gaza-Israel Conflict,KLM,KL,Amsterdam,Dubai,Boeing 777-300ER,5271,5271.0,0.0,No,No,112.0,78.33,91.67,10267.04,0.0,426.35,111.67,538.02,253,136119.06,97.5
2023-11,Gaza-Israel Conflict,KLM,KL,Amsterdam,Dubai,Boeing 777-300ER,5271,5271.0,0.0,No,No,112.0,75.77,85.25,9548.0,0.0,396.49,96.57,493.06,230,113403.8,97.31
2023-12,Gaza-Israel Conflict,KLM,KL,Amsterdam,Dubai,Boeing 777-300ER,5271,5271.0,0.0,No,No,112.0,80.53,92.44,10353.28,0.0,429.93,113.55,543.48,265,144022.2,97.52
2024-01,Gaza-Israel Conflict,KLM,KL,Amsterdam,Dubai,Boeing 777-300ER,5271,5271.0,0.0,No,No,112.0,84.61,102.45,11474.4,0.0,476.48,139.47,615.95,271,166922.45,97.75
2024-02,Gaza-Israel Conflict,KLM,KL,Amsterdam,Dubai,Boeing 777-300ER,5271,5271.0,0.0,No,No,112.0,82.61,94.5,10584.0,0.0,439.51,118.67,558.18,264,147359.52,97.57
2024-03,Gaza-Israel Conflict,KLM,KL,Amsterdam,Dubai,Boeing 777-300ER,5271,5271.0,0.0,No,No,112.0,92.09,104.48,11701.76,0.0,485.92,145.05,630.97,216,136289.52,97.8
2024-04,Gaza-Israel Conflict,KLM,KL,Amsterdam,Dubai,Boeing 777-300ER,5271,5271.0,0.0,No,No,112.0,84.06,98.26,11005.12,0.0,457.0,128.3,585.3,231,135204.3,97.66
2024-05,Gaza-Israel Conflict,KLM,KL,Amsterdam,Dubai,Boeing 777-300ER,5271,5271.0,0.0,No,No,112.0,82.78,100.87,11297.44,0.0,469.13,135.2,604.33,237,143226.21,97.72
2024-06,Gaza-Israel Conflict,KLM,KL,Amsterdam,Dubai,Boeing 777-300ER,5271,5271.0,0.0,No,No,112.0,87.23,99.81,11178.72,0.0,464.2,132.38,596.58,226,134827.08,97.7
2024-07,Gaza-Israel Conflict,KLM,KL,Amsterdam,Dubai,Boeing 777-300ER,5271,5271.0,0.0,No,No,112.0,80.4,95.45,10690.4,0.0,443.93,121.07,565.0,246,138990.0,97.59
2024-08,Gaza-Israel Conflict,KLM,KL,Amsterdam,Dubai,Boeing 777-300ER,5271,5271.0,0.0,No,No,112.0,91.64,109.62,12277.44,0.0,509.83,159.68,669.51,233,155995.83,97.9
2024-09,Gaza-Israel Conflict,KLM,KL,Amsterdam,Dubai,Boeing 777-300ER,5271,5271.0,0.0,No,No,112.0,79.27,90.67,10155.04,0.0,421.7,109.24,530.94,212,112559.28,97.47
2024-10,Gaza-Israel Conflict,KLM,KL,Amsterdam,Dubai,Boeing 777-300ER,5271,5271.0,0.0,No,No,112.0,94.78,113.06,12662.72,0.0,525.83,169.86,695.69,258,179488.02,97.96
2024-11,Gaza-Israel Conflict,KLM,KL,Amsterdam,Dubai,Boeing 777-300ER,5271,5271.0,0.0,No,No,112.0,91.13,105.42,11807.04,0.0,490.3,147.68,637.98,242,154391.16,97.82
2024-12,Pre-Iran Escalation,KLM,KL,Amsterdam,Dubai,Boeing 777-300ER,5271,5271.0,0.0,No,No,112.0,81.38,96.29,10784.48,0.0,447.83,123.2,571.03,212,121058.36,97.61
2025-01,Pre-Iran Escalation,KLM,KL,Amsterdam,Dubai,Boeing 777-300ER,5271,5271.0,0.0,No,No,112.0,85.13,100.74,11282.88,0.0,468.53,134.86,603.39,279,168345.81,97.72
2025-02,Pre-Iran Escalation,KLM,KL,Amsterdam,Dubai,Boeing 777-300ER,5271,5271.0,0.0,No,No,112.0,103.76,121.77,13638.24,0.0,566.34,197.04,763.38,258,196952.04,98.1
2025-03,Pre-Iran Escalation,KLM,KL,Amsterdam,Dubai,Boeing 777-300ER,5271,5271.0,0.0,No,No,112.0,101.26,114.33,12804.96,0.0,531.74,173.7,705.44,215,151669.6,97.98
2025-04,Pre-Iran Escalation,KLM,KL,Amsterdam,Dubai,Boeing 777-300ER,5271,5271.0,0.0,No,No,112.0,101.77,122.48,13717.76,0.0,569.64,199.34,768.98,276,212238.48,98.11
2025-05,Pre-Iran Escalation,KLM,KL,Amsterdam,Dubai,Boeing 777-300ER,5271,5271.0,0.0,No,No,112.0,102.74,118.36,13256.32,0.0,550.48,186.16,736.64,241,177530.24,98.05
2025-06,Pre-Iran Escalation,KLM,KL,Amsterdam,Dubai,Boeing 777-300ER,5271,5271.0,0.0,No,No,112.0,86.7,98.72,11056.64,0.0,459.14,129.5,588.64,227,133621.28,97.67
2025-07,Pre-Iran Escalation,KLM,KL,Amsterdam,Dubai,Boeing 777-300ER,5271,5271.0,0.0,No,No,112.0,93.24,104.81,11738.72,0.0,487.46,145.97,633.43,213,134920.59,97.8
2025-08,Pre-Iran Escalation,KLM,KL,Amsterdam,Dubai,Boeing 777-300ER,5271,5271.0,0.0,No,No,112.0,87.66,103.36,11576.32,0.0,480.72,141.96,622.68,265,165010.2,97.77
2025-09,Pre-Iran Escalation,KLM,KL,Amsterdam,Dubai,Boeing 777-300ER,5271,5271.0,0.0,No,No,112.0,104.85,124.54,13948.48,0.0,579.22,206.1,785.32,282,221460.24,98.15
2025-10,Pre-Iran Escalation,KLM,KL,Amsterdam,Dubai,Boeing 777-300ER,5271,5271.0,0.0,No,No,112.0,99.34,111.43,12480.16,0.0,518.25,165.0,683.25,223,152364.75,97.93
2025-11,Pre-Iran Escalation,KLM,KL,Amsterdam,Dubai,Boeing 777-300ER,5271,5271.0,0.0,No,No,112.0,92.61,108.47,12148.64,0.0,504.48,156.35,660.83,241,159260.03,97.88
2025-12,US-Iran War Conflict,KLM,KL,Amsterdam,Dubai,Boeing 777-300ER,5271,5906.0,635.0,Yes,No,125.5,122.22,139.65,17526.08,2111.38,649.5,259.15,908.65,252,228979.8,98.52
2026-01,US-Iran War Conflict,KLM,KL,Amsterdam,Dubai,Boeing 777-300ER,5271,6473.0,1202.0,Yes,Yes,137.5,130.88,155.03,21316.62,4861.05,721.03,319.38,1040.41,0,0.0,98.78
2026-02,US-Iran War Conflict,KLM,KL,Amsterdam,Dubai,Boeing 777-300ER,5271,5960.0,689.0,Yes,Yes,126.6,155.73,177.13,22424.66,2931.24,823.81,370.71,1194.52,0,0.0,98.84
2026-03,US-Iran War Conflict,KLM,KL,Amsterdam,Dubai,Boeing 777-300ER,5271,5898.0,627.0,Yes,No,125.3,169.08,201.05,25191.57,2996.61,935.06,420.78,1355.84,219,296928.96,98.96
2026-04,De-escalation & Negotiations,KLM,KL,Amsterdam,Dubai,Boeing 777-300ER,5271,5558.0,287.0,Yes,No,118.1,111.38,129.05,15240.81,829.84,600.2,221.3,821.5,213,174979.5,98.3
2026-05,De-escalation & Negotiations,KLM,KL,Amsterdam,Dubai,Boeing 777-300ER,5271,5593.0,322.0,Yes,No,118.8,104.87,127.28,15120.86,923.72,591.96,215.27,807.23,220,177590.6,98.29
2026-06,De-escalation & Negotiations,KLM,KL,Amsterdam,Dubai,Boeing 777-300ER,5271,5422.0,151.0,Yes,No,115.2,92.83,105.25,12124.8,347.34,489.51,147.2,636.71,235,149626.85,97.87
2019-01,Pre-Pandemic Baseline,Turkish Airlines,TK,Istanbul,Dubai,Boeing 737 MAX,2622,2622.0,0.0,No,No,65.0,63.0,71.31,4635.15,0.0,164.98,33.61,198.59,238,47264.42,97.25
2019-02,Pre-Pandemic Baseline,Turkish Airlines,TK,Istanbul,Dubai,Boeing 737 MAX,2622,2622.0,0.0,No,No,65.0,67.61,80.55,5235.75,0.0,186.35,42.89,229.24,222,50891.28,97.56
2019-03,Pre-Pandemic Baseline,Turkish Airlines,TK,Istanbul,Dubai,Boeing 737 MAX,2622,2622.0,0.0,No,No,65.0,65.86,78.77,5120.05,0.0,182.24,41.01,223.25,246,54919.5,97.5
2019-04,Pre-Pandemic Baseline,Turkish Airlines,TK,Istanbul,Dubai,Boeing 737 MAX,2622,2622.0,0.0,No,No,65.0,64.79,76.2,4953.0,0.0,176.29,38.38,214.67,277,59463.59,97.42
2019-05,Pre-Pandemic Baseline,Turkish Airlines,TK,Istanbul,Dubai,Boeing 737 MAX,2622,2622.0,0.0,No,No,65.0,61.25,73.32,4765.8,0.0,169.63,35.54,205.17,244,50061.48,97.32
2019-06,Pre-Pandemic Baseline,Turkish Airlines,TK,Istanbul,Dubai,Boeing 737 MAX,2622,2622.0,0.0,No,No,65.0,61.25,71.62,4655.3,0.0,165.69,33.9,199.59,212,42313.08,97.26
2019-07,Pre-Pandemic Baseline,Turkish Airlines,TK,Istanbul,Dubai,Boeing 737 MAX,2622,2622.0,0.0,No,No,65.0,60.46,70.88,4607.2,0.0,163.98,33.21,197.19,237,46734.03,97.23
2019-08,Pre-Pandemic Baseline,Turkish Airlines,TK,Istanbul,Dubai,Boeing 737 MAX,2622,2622.0,0.0,No,No,65.0,66.93,77.82,5058.3,0.0,180.04,40.03,220.07,240,52816.8,97.47
2019-09,Pre-Pandemic Baseline,Turkish Airlines,TK,Istanbul,Dubai,Boeing 737 MAX,2622,2622.0,0.0,No,No,65.0,64.81,72.75,4728.75,0.0,168.31,34.98,203.29,231,46959.99,97.3
2019-10,Pre-Pandemic Baseline,Turkish Airlines,TK,Istanbul,Dubai,Boeing 737 MAX,2622,2622.0,0.0,No,No,65.0,65.66,74.25,4826.25,0.0,171.78,36.44,208.22,232,48307.04,97.36
2019-11,Pre-Pandemic Baseline,Turkish Airlines,TK,Istanbul,Dubai,Boeing 737 MAX,2622,2622.0,0.0,No,No,65.0,60.16,67.57,4392.05,0.0,156.33,30.18,186.51,224,41778.24,97.1
2019-12,Pre-Pandemic Baseline,Turkish Airlines,TK,Istanbul,Dubai,Boeing 737 MAX,2622,2622.0,0.0,No,No,65.0,67.76,80.2,5213.0,0.0,185.55,42.52,228.07,281,64087.67,97.55
2020-01,Pre-Pandemic Baseline,Turkish Airlines,TK,Istanbul,Dubai,Boeing 737 MAX,2622,2622.0,0.0,No,No,65.0,66.66,76.75,4988.75,0.0,177.56,38.94,216.5,249,53908.5,97.44
2020-02,Pre-Pandemic Baseline,Turkish Airlines,TK,Istanbul,Dubai,Boeing 737 MAX,2622,2622.0,0.0,No,No,65.0,61.7,72.24,4695.6,0.0,167.13,34.5,201.63,250,50407.5,97.28
2020-03,COVID-19 Collapse,Turkish Airlines,TK,Istanbul,Dubai,Boeing 737 MAX,2622,2622.0,0.0,No,No,65.0,20.55,24.88,1617.2,0.0,57.56,4.09,61.65,241,14857.65,92.5
2020-04,COVID-19 Collapse,Turkish Airlines,TK,Istanbul,Dubai,Boeing 737 MAX,2622,2622.0,0.0,No,No,65.0,20.57,23.55,1530.75,0.0,54.48,3.67,58.15,256,14886.4,92.11
2020-05,COVID-19 Collapse,Turkish Airlines,TK,Istanbul,Dubai,Boeing 737 MAX,2622,2622.0,0.0,No,No,65.0,22.26,25.84,1679.6,0.0,59.78,4.41,64.19,241,15469.79,92.76
2020-06,COVID-19 Collapse,Turkish Airlines,TK,Istanbul,Dubai,Boeing 737 MAX,2622,2622.0,0.0,No,No,65.0,45.35,54.22,3524.3,0.0,125.44,19.43,144.87,261,37811.07,96.41
2020-07,COVID-19 Collapse,Turkish Airlines,TK,Istanbul,Dubai,Boeing 737 MAX,2622,2622.0,0.0,No,No,65.0,44.05,50.34,3272.1,0.0,116.46,16.75,133.21,216,28773.36,96.15
2020-08,COVID-19 Collapse,Turkish Airlines,TK,Istanbul,Dubai,Boeing 737 MAX,2622,2622.0,0.0,No,No,65.0,42.08,47.45,3084.25,0.0,109.78,14.88,124.66,212,26427.92,95.92
2020-09,COVID-19 Collapse,Turkish Airlines,TK,Istanbul,Dubai,Boeing 737 MAX,2622,2622.0,0.0,No,No,65.0,46.57,53.51,3478.15,0.0,123.8,18.93,142.73,252,35967.96,96.37
2020-10,COVID-19 Collapse,Turkish Airlines,TK,Istanbul,Dubai,Boeing 737 MAX,2622,2622.0,0.0,No,No,65.0,39.95,45.39,2950.35,0.0,105.01,13.62,118.63,265,31436.95,95.75
2020-11,COVID-19 Collapse,Turkish Airlines,TK,Istanbul,Dubai,Boeing 737 MAX,2622,2622.0,0.0,No,No,65.0,42.09,51.05,3318.25,0.0,118.11,17.23,135.34,260,35188.4,96.2
2020-12,COVID-19 Collapse,Turkish Airlines,TK,Istanbul,Dubai,Boeing 737 MAX,2622,2622.0,0.0,No,No,65.0,43.13,51.79,3366.35,0.0,119.82,17.73,137.55,239,32874.45,96.25
2021-01,COVID-19 Collapse,Turkish Airlines,TK,Istanbul,Dubai,Boeing 737 MAX,2622,2622.0,0.0,No,No,65.0,75.49,89.33,5806.45,0.0,206.67,52.75,259.42,210,54478.2,97.79
2021-02,COVID-19 Collapse,Turkish Airlines,TK,Istanbul,Dubai,Boeing 737 MAX,2622,2622.0,0.0,No,No,65.0,83.06,100.27,6517.55,0.0,231.98,66.46,298.44,219,65358.36,98.03
2021-03,COVID-19 Collapse,Turkish Airlines,TK,Istanbul,Dubai,Boeing 737 MAX,2622,2622.0,0.0,No,No,65.0,69.59,83.53,5429.45,0.0,193.25,46.12,239.37,239,57209.43,97.64
2021-04,COVID-19 Collapse,Turkish Airlines,TK,Istanbul,Dubai,Boeing 737 MAX,2622,2622.0,0.0,No,No,65.0,76.83,87.48,5686.2,0.0,202.39,50.59,252.98,259,65521.82,97.75
2021-05,COVID-19 Collapse,Turkish Airlines,TK,Istanbul,Dubai,Boeing 737 MAX,2622,2622.0,0.0,No,No,65.0,78.63,95.08,6180.2,0.0,219.97,59.76,279.73,233,65177.09,97.92
2021-06,Recovery & Surge,Turkish Airlines,TK,Istanbul,Dubai,Boeing 737 MAX,2622,2622.0,0.0,No,No,65.0,66.07,77.56,5041.4,0.0,179.44,39.76,219.2,249,54580.8,97.47
2021-07,Recovery & Surge,Turkish Airlines,TK,Istanbul,Dubai,Boeing 737 MAX,2622,2622.0,0.0,No,No,65.0,78.97,94.82,6163.3,0.0,219.37,59.43,278.8,223,62172.4,97.92
2021-08,Recovery & Surge,Turkish Airlines,TK,Istanbul,Dubai,Boeing 737 MAX,2622,2622.0,0.0,No,No,65.0,68.92,83.37,5419.05,0.0,192.88,45.94,238.82,222,53018.04,97.64
2021-09,Recovery & Surge,Turkish Airlines,TK,Istanbul,Dubai,Boeing 737 MAX,2622,2622.0,0.0,No,No,65.0,66.5,76.59,4978.35,0.0,177.19,38.77,215.96,265,57229.4,97.43
2021-10,Recovery & Surge,Turkish Airlines,TK,Istanbul,Dubai,Boeing 737 MAX,2622,2622.0,0.0,No,No,65.0,86.82,98.19,6382.35,0.0,227.17,63.73,290.9,242,70397.8,97.99
2021-11,Recovery & Surge,Turkish Airlines,TK,Istanbul,Dubai,Boeing 737 MAX,2622,2622.0,0.0,No,No,65.0,87.21,99.66,6477.9,0.0,230.57,65.65,296.22,281,83237.82,98.02
2021-12,Recovery & Surge,Turkish Airlines,TK,Istanbul,Dubai,Boeing 737 MAX,2622,2622.0,0.0,No,No,65.0,83.59,97.19,6317.35,0.0,224.85,62.44,287.29,225,64640.25,97.97
2022-01,Recovery & Surge,Turkish Airlines,TK,Istanbul,Dubai,Boeing 737 MAX,2622,2622.0,0.0,No,No,65.0,72.01,86.54,5625.1,0.0,200.21,49.5,249.71,243,60679.53,97.72
2022-02,Recovery & Surge,Turkish Airlines,TK,Istanbul,Dubai,Boeing 737 MAX,2622,2622.0,0.0,No,No,65.0,67.25,81.11,5272.15,0.0,187.65,43.49,231.14,224,51775.36,97.57
2022-03,Ukraine War Shock,Turkish Airlines,TK,Istanbul,Dubai,Boeing 737 MAX,2622,2622.0,0.0,No,No,65.0,117.58,131.77,8565.05,0.0,304.85,114.77,419.62,229,96092.98,98.49
2022-04,Ukraine War Shock,Turkish Airlines,TK,Istanbul,Dubai,Boeing 737 MAX,2622,2622.0,0.0,No,No,65.0,109.53,128.27,8337.55,0.0,296.76,108.76,405.52,258,104624.16,98.45
2022-05,Ukraine War Shock,Turkish Airlines,TK,Istanbul,Dubai,Boeing 737 MAX,2622,2622.0,0.0,No,No,65.0,99.03,115.05,7478.25,0.0,266.17,87.49,353.66,278,98317.48,98.28
2022-06,Ukraine War Shock,Turkish Airlines,TK,Istanbul,Dubai,Boeing 737 MAX,2622,2622.0,0.0,No,Yes,65.0,111.34,127.17,8266.05,0.0,294.21,106.9,401.11,0,0.0,98.44
2022-07,Ukraine War Shock,Turkish Airlines,TK,Istanbul,Dubai,Boeing 737 MAX,2622,2622.0,0.0,No,No,65.0,80.69,91.34,5937.1,0.0,211.32,55.15,266.47,219,58356.93,97.84
2022-08,Ukraine War Shock,Turkish Airlines,TK,Istanbul,Dubai,Boeing 737 MAX,2622,2622.0,0.0,No,No,65.0,98.19,113.29,7363.85,0.0,262.1,84.84,346.94,281,97490.14,98.25
2022-09,Ukraine War Shock,Turkish Airlines,TK,Istanbul,Dubai,Boeing 737 MAX,2622,2622.0,0.0,No,No,65.0,85.18,103.43,6722.95,0.0,239.29,70.71,310.0,265,82150.0,98.09
2022-10,Ukraine War Shock,Turkish Airlines,TK,Istanbul,Dubai,Boeing 737 MAX,2622,2622.0,0.0,No,No,65.0,93.25,107.45,6984.25,0.0,248.59,76.32,324.91,233,75704.03,98.16
2022-11,Ukraine War Shock,Turkish Airlines,TK,Istanbul,Dubai,Boeing 737 MAX,2622,2622.0,0.0,No,No,65.0,86.23,101.05,6568.25,0.0,233.78,67.5,301.28,240,72307.2,98.04
2022-12,Ukraine War Shock,Turkish Airlines,TK,Istanbul,Dubai,Boeing 737 MAX,2622,2622.0,0.0,No,No,65.0,90.4,107.6,6994.0,0.0,248.94,76.53,325.47,269,87551.43,98.16
2023-01,Stabilisation,Turkish Airlines,TK,Istanbul,Dubai,Boeing 737 MAX,2622,2622.0,0.0,No,No,65.0,84.29,97.47,6335.55,0.0,225.5,62.8,288.3,262,75534.6,97.97
2023-02,Stabilisation,Turkish Airlines,TK,Istanbul,Dubai,Boeing 737 MAX,2622,2622.0,0.0,No,No,65.0,78.14,95.11,6182.15,0.0,220.04,59.79,279.83,255,71356.65,97.92
2023-03,Stabilisation,Turkish Airlines,TK,Istanbul,Dubai,Boeing 737 MAX,2622,2622.0,0.0,No,No,65.0,91.48,111.26,7231.9,0.0,257.4,81.82,339.22,274,92946.28,98.22
2023-04,Stabilisation,Turkish Airlines,TK,Istanbul,Dubai,Boeing 737 MAX,2622,2622.0,0.0,No,No,65.0,88.18,100.98,6563.7,0.0,233.62,67.4,301.02,233,70137.66,98.04
2023-05,Stabilisation,Turkish Airlines,TK,Istanbul,Dubai,Boeing 737 MAX,2622,2622.0,0.0,No,No,65.0,90.97,106.41,6916.65,0.0,246.18,74.85,321.03,225,72231.75,98.14
2023-06,Stabilisation,Turkish Airlines,TK,Istanbul,Dubai,Boeing 737 MAX,2622,2622.0,0.0,No,No,65.0,90.21,103.75,6743.75,0.0,240.03,71.15,311.18,240,74683.2,98.09
2023-07,Stabilisation,Turkish Airlines,TK,Istanbul,Dubai,Boeing 737 MAX,2622,2622.0,0.0,No,No,65.0,85.16,97.8,6357.0,0.0,226.26,63.22,289.48,210,60790.8,97.98
2023-08,Stabilisation,Turkish Airlines,TK,Istanbul,Dubai,Boeing 737 MAX,2622,2622.0,0.0,No,No,65.0,90.67,101.88,6622.2,0.0,235.7,68.61,304.31,248,75468.88,98.06
2023-09,Stabilisation,Turkish Airlines,TK,Istanbul,Dubai,Boeing 737 MAX,2622,2622.0,0.0,No,No,65.0,76.5,90.34,5872.1,0.0,209.0,53.95,262.95,237,62319.15,97.82
2023-10,Gaza-Israel Conflict,Turkish Airlines,TK,Istanbul,Dubai,Boeing 737 MAX,2622,2622.0,0.0,No,No,65.0,78.33,91.67,5958.55,0.0,212.08,55.55,267.63,219,58610.97,97.85
2023-11,Gaza-Israel Conflict,Turkish Airlines,TK,Istanbul,Dubai,Boeing 737 MAX,2622,2622.0,0.0,No,No,65.0,75.77,85.25,5541.25,0.0,197.23,48.04,245.27,275,67449.25,97.69
2023-12,Gaza-Israel Conflict,Turkish Airlines,TK,Istanbul,Dubai,Boeing 737 MAX,2622,2622.0,0.0,No,No,65.0,80.53,92.44,6008.6,0.0,213.86,56.48,270.34,224,60556.16,97.86
2024-01,Gaza-Israel Conflict,Turkish Airlines,TK,Istanbul,Dubai,Boeing 737 MAX,2622,2622.0,0.0,No,No,65.0,84.61,102.45,6659.25,0.0,237.02,69.38,306.4,262,80276.8,98.07
2024-02,Gaza-Israel Conflict,Turkish Airlines,TK,Istanbul,Dubai,Boeing 737 MAX,2622,2622.0,0.0,No,No,65.0,82.61,94.5,6142.5,0.0,218.63,59.03,277.66,262,72746.92,97.91
2024-03,Gaza-Israel Conflict,Turkish Airlines,TK,Istanbul,Dubai,Boeing 737 MAX,2622,2622.0,0.0,No,No,65.0,92.09,104.48,6791.2,0.0,241.72,72.16,313.88,213,66856.44,98.11
2024-04,Gaza-Israel Conflict,Turkish Airlines,TK,Istanbul,Dubai,Boeing 737 MAX,2622,2622.0,0.0,No,No,65.0,84.06,98.26,6386.9,0.0,227.33,63.82,291.15,242,70458.3,97.99
2024-05,Gaza-Israel Conflict,Turkish Airlines,TK,Istanbul,Dubai,Boeing 737 MAX,2622,2622.0,0.0,No,No,65.0,82.78,100.87,6556.55,0.0,233.37,67.26,300.63,245,73654.35,98.04
2024-06,Gaza-Israel Conflict,Turkish Airlines,TK,Istanbul,Dubai,Boeing 737 MAX,2622,2622.0,0.0,No,No,65.0,87.23,99.81,6487.65,0.0,230.91,65.85,296.76,271,80421.96,98.02
2024-07,Gaza-Israel Conflict,Turkish Airlines,TK,Istanbul,Dubai,Boeing 737 MAX,2622,2622.0,0.0,No,No,65.0,80.4,95.45,6204.25,0.0,220.83,60.22,281.05,256,71948.8,97.93
2024-08,Gaza-Israel Conflict,Turkish Airlines,TK,Istanbul,Dubai,Boeing 737 MAX,2622,2622.0,0.0,No,No,65.0,91.64,109.62,7125.3,0.0,253.61,79.43,333.04,214,71270.56,98.19
2024-09,Gaza-Israel Conflict,Turkish Airlines,TK,Istanbul,Dubai,Boeing 737 MAX,2622,2622.0,0.0,No,No,65.0,79.27,90.67,5893.55,0.0,209.77,54.34,264.11,243,64178.73,97.82
2024-10,Gaza-Israel Conflict,Turkish Airlines,TK,Istanbul,Dubai,Boeing 737 MAX,2622,2622.0,0.0,No,No,65.0,94.78,113.06,7348.9,0.0,261.57,84.49,346.06,232,80285.92,98.25
2024-11,Gaza-Israel Conflict,Turkish Airlines,TK,Istanbul,Dubai,Boeing 737 MAX,2622,2622.0,0.0,No,No,65.0,91.13,105.42,6852.3,0.0,243.89,73.46,317.35,222,70451.7,98.12
2024-12,Pre-Iran Escalation,Turkish Airlines,TK,Istanbul,Dubai,Boeing 737 MAX,2622,2622.0,0.0,No,No,65.0,81.38,96.29,6258.85,0.0,222.77,61.29,284.06,230,65333.8,97.95
2025-01,Pre-Iran Escalation,Turkish Airlines,TK,Istanbul,Dubai,Boeing 737 MAX,2622,2622.0,0.0,No,No,65.0,85.13,100.74,6548.1,0.0,233.06,67.08,300.14,273,81938.22,98.04
2025-02,Pre-Iran Escalation,Turkish Airlines,TK,Istanbul,Dubai,Boeing 737 MAX,2622,2622.0,0.0,No,No,65.0,103.76,121.77,7915.05,0.0,281.72,98.01,379.73,256,97210.88,98.37
2025-03,Pre-Iran Escalation,Turkish Airlines,TK,Istanbul,Dubai,Boeing 737 MAX,2622,2622.0,0.0,No,No,65.0,101.26,114.33,7431.45,0.0,264.51,86.4,350.91,242,84920.22,98.27
2025-04,Pre-Iran Escalation,Turkish Airlines,TK,Istanbul,Dubai,Boeing 737 MAX,2622,2622.0,0.0,No,No,65.0,101.77,122.48,7961.2,0.0,283.36,99.16,382.52,264,100985.28,98.38
2025-05,Pre-Iran Escalation,Turkish Airlines,TK,Istanbul,Dubai,Boeing 737 MAX,2622,2622.0,0.0,No,No,65.0,102.74,118.36,7693.4,0.0,273.83,92.6,366.43,282,103333.26,98.32
2025-06,Pre-Iran Escalation,Turkish Airlines,TK,Istanbul,Dubai,Boeing 737 MAX,2622,2622.0,0.0,No,No,65.0,86.7,98.72,6416.8,0.0,228.39,64.42,292.81,279,81693.99,98.0
2025-07,Pre-Iran Escalation,Turkish Airlines,TK,Istanbul,Dubai,Boeing 737 MAX,2622,2622.0,0.0,No,No,65.0,93.24,104.81,6812.65,0.0,242.48,72.61,315.09,217,68374.53,98.11
2025-08,Pre-Iran Escalation,Turkish Airlines,TK,Istanbul,Dubai,Boeing 737 MAX,2622,2622.0,0.0,No,No,65.0,87.66,103.36,6718.4,0.0,239.13,70.62,309.75,234,72481.5,98.09
2025-09,Pre-Iran Escalation,Turkish Airlines,TK,Istanbul,Dubai,Boeing 737 MAX,2622,2622.0,0.0,No,No,65.0,104.85,124.54,8095.1,0.0,288.13,102.52,390.65,233,91021.45,98.41
2025-10,Pre-Iran Escalation,Turkish Airlines,TK,Istanbul,Dubai,Boeing 737 MAX,2622,2622.0,0.0,No,No,65.0,99.34,111.43,7242.95,0.0,257.8,82.08,339.88,251,85309.88,98.22
2025-11,Pre-Iran Escalation,Turkish Airlines,TK,Istanbul,Dubai,Boeing 737 MAX,2622,2622.0,0.0,No,No,65.0,92.61,108.47,7050.55,0.0,250.95,77.77,328.72,216,71003.52,98.17
2025-12,US-Iran War Conflict,Turkish Airlines,TK,Istanbul,Dubai,Boeing 737 MAX,2622,2622.0,0.0,No,Yes,65.0,122.22,139.65,9077.25,0.0,323.08,128.91,451.99,0,0.0,98.58
2026-01,US-Iran War Conflict,Turkish Airlines,TK,Istanbul,Dubai,Boeing 737 MAX,2622,2622.0,0.0,No,No,65.0,130.88,155.03,10076.95,0.0,358.67,158.87,517.54,268,138700.72,98.72
2026-02,US-Iran War Conflict,Turkish Airlines,TK,Istanbul,Dubai,Boeing 737 MAX,2622,2622.0,0.0,No,No,65.0,155.73,177.13,11513.45,0.0,409.8,184.41,594.21,219,130131.99,98.87
2026-03,US-Iran War Conflict,Turkish Airlines,TK,Istanbul,Dubai,Boeing 737 MAX,2622,2622.0,0.0,No,No,65.0,169.08,201.05,13068.25,0.0,465.14,209.31,674.45,229,154449.05,99.01
2026-04,De-escalation & Negotiations,Turkish Airlines,TK,Istanbul,Dubai,Boeing 737 MAX,2622,2622.0,0.0,No,No,65.0,111.38,129.05,8388.25,0.0,298.56,110.08,408.64,220,89900.8,98.46
2026-05,De-escalation & Negotiations,Turkish Airlines,TK,Istanbul,Dubai,Boeing 737 MAX,2622,2622.0,0.0,No,No,65.0,104.87,127.28,8273.2,0.0,294.47,107.09,401.56,245,98382.2,98.44
2026-06,De-escalation & Negotiations,Turkish Airlines,TK,Istanbul,Dubai,Boeing 737 MAX,2622,2622.0,0.0,No,No,65.0,92.83,105.25,6841.25,0.0,243.5,73.22,316.72,276,87414.72,98.12
2019-01,Pre-Pandemic Baseline,United Airlines,UA,New York,Dubai,Boeing 787-9,11040,11040.0,0.0,No,No,217.0,63.0,71.31,15474.27,0.0,694.64,141.53,836.17,258,215731.86,96.56
2019-02,Pre-Pandemic Baseline,United Airlines,UA,New York,Dubai,Boeing 787-9,11040,11040.0,0.0,No,No,217.0,67.61,80.55,17479.35,0.0,784.65,180.58,965.23,255,246133.65,96.94
2019-03,Pre-Pandemic Baseline,United Airlines,UA,New York,Dubai,Boeing 787-9,11040,11040.0,0.0,No,No,217.0,65.86,78.77,17093.09,0.0,767.31,172.69,940.0,215,202100.0,96.87
2019-04,Pre-Pandemic Baseline,United Airlines,UA,New York,Dubai,Boeing 787-9,11040,11040.0,0.0,No,No,217.0,64.79,76.2,16535.4,0.0,742.28,161.6,903.88,277,250374.76,96.77
2019-05,Pre-Pandemic Baseline,United Airlines,UA,New York,Dubai,Boeing 787-9,11040,11040.0,0.0,No,No,217.0,61.25,73.32,15910.44,0.0,714.22,149.62,863.84,231,199547.04,96.65
2019-06,Pre-Pandemic Baseline,United Airlines,UA,New York,Dubai,Boeing 787-9,11040,11040.0,0.0,No,No,217.0,61.25,71.62,15541.54,0.0,697.66,142.76,840.42,277,232796.34,96.57
2019-07,Pre-Pandemic Baseline,United Airlines,UA,New York,Dubai,Boeing 787-9,11040,11040.0,0.0,No,No,217.0,60.46,70.88,15380.96,0.0,690.45,139.83,830.28,244,202588.32,96.54
2019-08,Pre-Pandemic Baseline,United Airlines,UA,New York,Dubai,Boeing 787-9,11040,11040.0,0.0,No,No,217.0,66.93,77.82,16886.94,0.0,758.06,168.55,926.61,249,230725.89,96.83
2019-09,Pre-Pandemic Baseline,United Airlines,UA,New York,Dubai,Boeing 787-9,11040,11040.0,0.0,No,No,217.0,64.81,72.75,15786.75,0.0,708.67,147.3,855.97,255,218272.35,96.62
2019-10,Pre-Pandemic Baseline,United Airlines,UA,New York,Dubai,Boeing 787-9,11040,11040.0,0.0,No,No,217.0,65.66,74.25,16112.25,0.0,723.28,153.44,876.72,231,202522.32,96.69
2019-11,Pre-Pandemic Baseline,United Airlines,UA,New York,Dubai,Boeing 787-9,11040,11040.0,0.0,No,No,217.0,60.16,67.57,14662.69,0.0,658.21,127.07,785.28,272,213596.16,96.37
2019-12,Pre-Pandemic Baseline,United Airlines,UA,New York,Dubai,Boeing 787-9,11040,11040.0,0.0,No,No,217.0,67.76,80.2,17403.4,0.0,781.24,179.02,960.26,281,269833.06,96.93
2020-01,Pre-Pandemic Baseline,United Airlines,UA,New York,Dubai,Boeing 787-9,11040,11040.0,0.0,No,No,217.0,66.66,76.75,16654.75,0.0,747.64,163.95,911.59,231,210577.29,96.79
2020-02,Pre-Pandemic Baseline,United Airlines,UA,New York,Dubai,Boeing 787-9,11040,11040.0,0.0,No,No,217.0,61.7,72.24,15676.08,0.0,703.7,145.24,848.94,210,178277.4,96.6
2020-03,COVID-19 Collapse,United Airlines,UA,New York,Dubai,Boeing 787-9,11040,11040.0,0.0,No,No,217.0,20.55,24.88,5398.96,0.0,242.36,17.23,259.59,249,64637.91,90.72
2020-04,COVID-19 Collapse,United Airlines,UA,New York,Dubai,Boeing 787-9,11040,11040.0,0.0,No,No,217.0,20.57,23.55,5110.35,0.0,229.4,15.44,244.84,254,62189.36,90.25
2020-05,COVID-19 Collapse,United Airlines,UA,New York,Dubai,Boeing 787-9,11040,11040.0,0.0,No,No,217.0,22.26,25.84,5607.28,0.0,251.71,18.58,270.29,214,57842.06,91.04
2020-06,COVID-19 Collapse,United Airlines,UA,New York,Dubai,Boeing 787-9,11040,11040.0,0.0,No,No,217.0,45.35,54.22,11765.74,0.0,528.17,81.82,609.99,260,158597.4,95.52
2020-07,COVID-19 Collapse,United Airlines,UA,New York,Dubai,Boeing 787-9,11040,11040.0,0.0,No,No,217.0,44.05,50.34,10923.78,0.0,490.37,70.53,560.9,231,129567.9,95.19
2020-08,COVID-19 Collapse,United Airlines,UA,New York,Dubai,Boeing 787-9,11040,11040.0,0.0,No,No,217.0,42.08,47.45,10296.65,0.0,462.22,62.66,524.88,281,147491.28,94.91
2020-09,COVID-19 Collapse,United Airlines,UA,New York,Dubai,Boeing 787-9,11040,11040.0,0.0,No,No,217.0,46.57,53.51,11611.67,0.0,521.25,79.69,600.94,268,161051.92,95.46
2020-10,COVID-19 Collapse,United Airlines,UA,New York,Dubai,Boeing 787-9,11040,11040.0,0.0,No,No,217.0,39.95,45.39,9849.63,0.0,442.15,57.34,499.49,215,107390.35,94.69
2020-11,COVID-19 Collapse,United Airlines,UA,New York,Dubai,Boeing 787-9,11040,11040.0,0.0,No,No,217.0,42.09,51.05,11077.85,0.0,497.29,72.53,569.82,281,160119.42,95.25
2020-12,COVID-19 Collapse,United Airlines,UA,New York,Dubai,Boeing 787-9,11040,11040.0,0.0,No,No,217.0,43.13,51.79,11238.43,0.0,504.5,74.65,579.15,227,131467.05,95.32
2021-01,COVID-19 Collapse,United Airlines,UA,New York,Dubai,Boeing 787-9,11040,11040.0,0.0,No,No,217.0,75.49,89.33,19384.61,0.0,870.18,222.09,1092.27,269,293820.63,97.23
2021-02,COVID-19 Collapse,United Airlines,UA,New York,Dubai,Boeing 787-9,11040,11040.0,0.0,No,No,217.0,83.06,100.27,21758.59,0.0,976.75,279.82,1256.57,258,324195.06,97.53
2021-03,COVID-19 Collapse,United Airlines,UA,New York,Dubai,Boeing 787-9,11040,11040.0,0.0,No,No,217.0,69.59,83.53,18126.01,0.0,813.68,194.19,1007.87,250,251967.5,97.04
2021-04,COVID-19 Collapse,United Airlines,UA,New York,Dubai,Boeing 787-9,11040,11040.0,0.0,No,No,217.0,76.83,87.48,18983.16,0.0,852.16,212.99,1065.15,279,297176.85,97.17
2021-05,COVID-19 Collapse,United Airlines,UA,New York,Dubai,Boeing 787-9,11040,11040.0,0.0,No,No,217.0,78.63,95.08,20632.36,0.0,926.19,251.61,1177.8,255,300339.0,97.39
2021-06,Recovery & Surge,United Airlines,UA,New York,Dubai,Boeing 787-9,11040,11040.0,0.0,No,No,217.0,66.07,77.56,16830.52,0.0,755.53,167.43,922.96,274,252891.04,96.82
2021-07,Recovery & Surge,United Airlines,UA,New York,Dubai,Boeing 787-9,11040,11040.0,0.0,No,No,217.0,78.97,94.82,20575.94,0.0,923.66,250.23,1173.89,272,319298.08,97.39
2021-08,Recovery & Surge,United Airlines,UA,New York,Dubai,Boeing 787-9,11040,11040.0,0.0,No,No,217.0,68.92,83.37,18091.29,0.0,812.12,193.45,1005.57,260,261448.2,97.04
2021-09,Recovery & Surge,United Airlines,UA,New York,Dubai,Boeing 787-9,11040,11040.0,0.0,No,No,217.0,66.5,76.59,16620.03,0.0,746.08,163.26,909.34,246,223697.64,96.79
2021-10,Recovery & Surge,United Airlines,UA,New York,Dubai,Boeing 787-9,11040,11040.0,0.0,No,No,217.0,86.82,98.19,21307.23,0.0,956.49,268.34,1224.83,217,265788.11,97.47
2021-11,Recovery & Surge,United Airlines,UA,New York,Dubai,Boeing 787-9,11040,11040.0,0.0,No,No,217.0,87.21,99.66,21626.22,0.0,970.81,276.43,1247.24,221,275640.04,97.51
2021-12,Recovery & Surge,United Airlines,UA,New York,Dubai,Boeing 787-9,11040,11040.0,0.0,No,No,217.0,83.59,97.19,21090.23,0.0,946.74,262.9,1209.64,249,301200.36,97.45
2022-01,Recovery & Surge,United Airlines,UA,New York,Dubai,Boeing 787-9,11040,11040.0,0.0,No,No,217.0,72.01,86.54,18779.18,0.0,843.0,208.44,1051.44,234,246036.96,97.14
2022-02,Recovery & Surge,United Airlines,UA,New York,Dubai,Boeing 787-9,11040,11040.0,0.0,No,No,217.0,67.25,81.11,17600.87,0.0,790.11,183.1,973.21,225,218972.25,96.96
2022-03,Ukraine War Shock,United Airlines,UA,New York,Dubai,Boeing 787-9,11040,11040.0,0.0,No,No,217.0,117.58,131.77,28594.09,0.0,1283.59,483.25,1766.84,282,498248.88,98.11
2022-04,Ukraine War Shock,United Airlines,UA,New York,Dubai,Boeing 787-9,11040,11040.0,0.0,No,No,217.0,109.53,128.27,27834.59,0.0,1249.5,457.92,1707.42,274,467833.08,98.06
2022-05,Ukraine War Shock,United Airlines,UA,New York,Dubai,Boeing 787-9,11040,11040.0,0.0,No,No,217.0,99.03,115.05,24965.85,0.0,1120.72,368.4,1489.12,242,360367.04,97.84
2022-06,Ukraine War Shock,United Airlines,UA,New York,Dubai,Boeing 787-9,11040,11040.0,0.0,No,No,217.0,111.34,127.17,27595.89,0.0,1238.79,450.11,1688.9,275,464447.5,98.04
2022-07,Ukraine War Shock,United Airlines,UA,New York,Dubai,Boeing 787-9,11040,11040.0,0.0,No,No,217.0,80.69,91.34,19820.78,0.0,889.76,232.2,1121.96,214,240099.44,97.29
2022-08,Ukraine War Shock,United Airlines,UA,New York,Dubai,Boeing 787-9,11040,11040.0,0.0,No,No,217.0,98.19,113.29,24583.93,0.0,1103.58,357.21,1460.79,217,316991.43,97.8
2022-09,Ukraine War Shock,United Airlines,UA,New York,Dubai,Boeing 787-9,11040,11040.0,0.0,No,No,217.0,85.18,103.43,22444.31,0.0,1007.53,297.74,1305.27,281,366780.87,97.6
2022-10,Ukraine War Shock,United Airlines,UA,New York,Dubai,Boeing 787-9,11040,11040.0,0.0,No,Yes,217.0,93.25,107.45,23316.65,0.0,1046.69,321.33,1368.02,0,0.0,97.69
2022-11,Ukraine War Shock,United Airlines,UA,New York,Dubai,Boeing 787-9,11040,11040.0,0.0,No,No,217.0,86.23,101.05,21927.85,0.0,984.35,284.2,1268.55,267,338702.85,97.54
2022-12,Ukraine War Shock,United Airlines,UA,New York,Dubai,Boeing 787-9,11040,11040.0,0.0,No,No,217.0,90.4,107.6,23349.2,0.0,1048.15,322.23,1370.38,272,372743.36,97.69
2023-01,Stabilisation,United Airlines,UA,New York,Dubai,Boeing 787-9,11040,11040.0,0.0,No,No,217.0,84.29,97.47,21150.99,0.0,949.47,264.41,1213.88,213,258556.44,97.46
2023-02,Stabilisation,United Airlines,UA,New York,Dubai,Boeing 787-9,11040,11040.0,0.0,No,No,217.0,78.14,95.11,20638.87,0.0,926.48,251.76,1178.24,263,309877.12,97.4
2023-03,Stabilisation,United Airlines,UA,New York,Dubai,Boeing 787-9,11040,11040.0,0.0,No,No,217.0,91.48,111.26,24143.42,0.0,1083.8,344.52,1428.32,236,337083.52,97.76
2023-04,Stabilisation,United Airlines,UA,New York,Dubai,Boeing 787-9,11040,11040.0,0.0,No,No,217.0,88.18,100.98,21912.66,0.0,983.66,283.8,1267.46,271,343481.66,97.54
2023-05,Stabilisation,United Airlines,UA,New York,Dubai,Boeing 787-9,11040,11040.0,0.0,No,No,217.0,90.97,106.41,23090.97,0.0,1036.56,315.14,1351.7,239,323056.3,97.67
2023-06,Stabilisation,United Airlines,UA,New York,Dubai,Boeing 787-9,11040,11040.0,0.0,No,No,217.0,90.21,103.75,22513.75,0.0,1010.65,299.59,1310.24,267,349834.08,97.61
2023-07,Stabilisation,United Airlines,UA,New York,Dubai,Boeing 787-9,11040,11040.0,0.0,No,No,217.0,85.16,97.8,21222.6,0.0,952.69,266.21,1218.9,277,337635.3,97.46
2023-08,Stabilisation,United Airlines,UA,New York,Dubai,Boeing 787-9,11040,11040.0,0.0,No,No,217.0,90.67,101.88,22107.96,0.0,992.43,288.88,1281.31,235,301107.85,97.56
2023-09,Stabilisation,United Airlines,UA,New York,Dubai,Boeing 787-9,11040,11040.0,0.0,No,No,217.0,76.5,90.34,19603.78,0.0,880.02,227.15,1107.17,245,271256.65,97.26
2023-10,Gaza-Israel Conflict,United Airlines,UA,New York,Dubai,Boeing 787-9,11040,11040.0,0.0,No,No,217.0,78.33,91.67,19892.39,0.0,892.97,233.88,1126.85,250,281712.5,97.3
2023-11,Gaza-Israel Conflict,United Airlines,UA,New York,Dubai,Boeing 787-9,11040,11040.0,0.0,No,No,217.0,75.77,85.25,18499.25,0.0,830.44,202.27,1032.71,261,269537.31,97.1
2023-12,Gaza-Israel Conflict,United Airlines,UA,New York,Dubai,Boeing 787-9,11040,11040.0,0.0,No,No,217.0,80.53,92.44,20059.48,0.0,900.47,237.83,1138.3,273,310755.9,97.32
2024-01,Gaza-Israel Conflict,United Airlines,UA,New York,Dubai,Boeing 787-9,11040,11040.0,0.0,No,No,217.0,84.61,102.45,22231.65,0.0,997.98,292.12,1290.1,225,290272.5,97.58
2024-02,Gaza-Israel Conflict,United Airlines,UA,New York,Dubai,Boeing 787-9,11040,11040.0,0.0,No,No,217.0,82.61,94.5,20506.5,0.0,920.54,248.55,1169.09,280,327345.2,97.38
2024-03,Gaza-Israel Conflict,United Airlines,UA,New York,Dubai,Boeing 787-9,11040,11040.0,0.0,No,No,217.0,92.09,104.48,22672.16,0.0,1017.76,303.82,1321.58,268,354183.44,97.62
2024-04,Gaza-Israel Conflict,United Airlines,UA,New York,Dubai,Boeing 787-9,11040,11040.0,0.0,No,No,217.0,84.06,98.26,21322.42,0.0,957.17,268.72,1225.89,220,269695.8,97.48
2024-05,Gaza-Israel Conflict,United Airlines,UA,New York,Dubai,Boeing 787-9,11040,11040.0,0.0,No,No,217.0,82.78,100.87,21888.79,0.0,982.59,283.18,1265.77,235,297455.95,97.54
2024-06,Gaza-Israel Conflict,United Airlines,UA,New York,Dubai,Boeing 787-9,11040,11040.0,0.0,No,No,217.0,87.23,99.81,21658.77,0.0,972.27,277.26,1249.53,228,284892.84,97.51
2024-07,Gaza-Israel Conflict,United Airlines,UA,New York,Dubai,Boeing 787-9,11040,11040.0,0.0,No,No,217.0,80.4,95.45,20712.65,0.0,929.8,253.57,1183.37,221,261524.77,97.4
2024-08,Gaza-Israel Conflict,United Airlines,UA,New York,Dubai,Boeing 787-9,11040,11040.0,0.0,No,No,217.0,91.64,109.62,23787.54,0.0,1067.83,334.44,1402.27,258,361785.66,97.73
2024-09,Gaza-Israel Conflict,United Airlines,UA,New York,Dubai,Boeing 787-9,11040,11040.0,0.0,No,No,217.0,79.27,90.67,19675.39,0.0,883.23,228.81,1112.04,214,237976.56,97.27
2024-10,Gaza-Israel Conflict,United Airlines,UA,New York,Dubai,Boeing 787-9,11040,11040.0,0.0,No,No,217.0,94.78,113.06,24534.02,0.0,1101.34,355.76,1457.1,254,370103.4,97.8
2024-11,Gaza-Israel Conflict,United Airlines,UA,New York,Dubai,Boeing 787-9,11040,11040.0,0.0,No,No,217.0,91.13,105.42,22876.14,0.0,1026.91,309.31,1336.22,272,363451.84,97.64
2024-12,Pre-Iran Escalation,United Airlines,UA,New York,Dubai,Boeing 787-9,11040,11040.0,0.0,No,No,217.0,81.38,96.29,20894.93,0.0,937.98,258.05,1196.03,237,283459.11,97.43
2025-01,Pre-Iran Escalation,United Airlines,UA,New York,Dubai,Boeing 787-9,11040,11040.0,0.0,No,No,217.0,85.13,100.74,21860.58,0.0,981.33,282.45,1263.78,246,310889.88,97.54
2025-02,Pre-Iran Escalation,United Airlines,UA,New York,Dubai,Boeing 787-9,11040,11040.0,0.0,No,No,217.0,103.76,121.77,26424.09,0.0,1186.18,412.69,1598.87,220,351751.4,97.95
2025-03,Pre-Iran Escalation,United Airlines,UA,New York,Dubai,Boeing 787-9,11040,11040.0,0.0,No,No,217.0,101.26,114.33,24809.61,0.0,1113.71,363.8,1477.51,264,390062.64,97.82
2025-04,Pre-Iran Escalation,United Airlines,UA,New York,Dubai,Boeing 787-9,11040,11040.0,0.0,No,No,217.0,101.77,122.48,26578.16,0.0,1193.1,417.52,1610.62,278,447752.36,97.97
2025-05,Pre-Iran Escalation,United Airlines,UA,New York,Dubai,Boeing 787-9,11040,11040.0,0.0,No,No,217.0,102.74,118.36,25684.12,0.0,1152.97,389.9,1542.87,264,407317.68,97.9
2025-06,Pre-Iran Escalation,United Airlines,UA,New York,Dubai,Boeing 787-9,11040,11040.0,0.0,No,No,217.0,86.7,98.72,21422.24,0.0,961.65,271.24,1232.89,219,270002.91,97.49
2025-07,Pre-Iran Escalation,United Airlines,UA,New York,Dubai,Boeing 787-9,11040,11040.0,0.0,No,No,217.0,93.24,104.81,22743.77,0.0,1020.97,305.74,1326.71,235,311776.85,97.63
2025-08,Pre-Iran Escalation,United Airlines,UA,New York,Dubai,Boeing 787-9,11040,11040.0,0.0,No,No,217.0,87.66,103.36,22429.12,0.0,1006.85,297.34,1304.19,222,289530.18,97.6
2025-09,Pre-Iran Escalation,United Airlines,UA,New York,Dubai,Boeing 787-9,11040,11040.0,0.0,No,No,217.0,104.85,124.54,27025.18,0.0,1213.17,431.68,1644.85,254,417791.9,98.0
2025-10,Pre-Iran Escalation,United Airlines,UA,New York,Dubai,Boeing 787-9,11040,11040.0,0.0,No,No,217.0,99.34,111.43,24180.31,0.0,1085.46,345.58,1431.04,264,377794.56,97.77
2025-11,Pre-Iran Escalation,United Airlines,UA,New York,Dubai,Boeing 787-9,11040,11040.0,0.0,No,No,217.0,92.61,108.47,23537.99,0.0,1056.63,327.46,1384.09,283,391697.47,97.71
2025-12,US-Iran War Conflict,United Airlines,UA,New York,Dubai,Boeing 787-9,11040,12867.0,1827.0,Yes,No,252.9,122.22,139.65,35317.49,5844.66,1360.36,542.78,1903.14,257,489106.98,98.46
2026-01,US-Iran War Conflict,United Airlines,UA,New York,Dubai,Boeing 787-9,11040,12123.0,1083.0,Yes,Yes,238.3,130.88,155.03,36943.65,3624.09,1510.17,668.92,2179.09,0,0.0,98.53
2026-02,US-Iran War Conflict,United Airlines,UA,New York,Dubai,Boeing 787-9,11040,12358.0,1318.0,Yes,No,242.9,155.73,177.13,43024.88,5136.48,1725.45,776.45,2501.9,214,535406.6,98.73
2026-03,US-Iran War Conflict,United Airlines,UA,New York,Dubai,Boeing 787-9,11040,12689.0,1649.0,Yes,No,249.4,169.08,201.05,50141.87,7489.49,1958.46,881.31,2839.77,281,797975.37,98.91
2026-04,De-escalation & Negotiations,United Airlines,UA,New York,Dubai,Boeing 787-9,11040,11655.0,615.0,Yes,No,229.1,111.38,129.05,29565.36,1646.98,1257.1,463.51,1720.61,242,416387.62,98.17
2026-05,De-escalation & Negotiations,United Airlines,UA,New York,Dubai,Boeing 787-9,11040,11532.0,492.0,Yes,No,226.7,104.87,127.28,28854.38,1285.9,1239.86,450.88,1690.74,220,371962.8,98.12
2026-06,De-escalation & Negotiations,United Airlines,UA,New York,Dubai,Boeing 787-9,11040,11225.0,185.0,Yes,No,220.6,92.83,105.25,23218.15,389.07,1025.26,308.31,1333.57,229,305387.53,97.68
2019-01,Pre-Pandemic Baseline,Ethiopian Airlines,ET,Addis Ababa,Dubai,Boeing 787-8,3380,3380.0,0.0,No,No,78.0,63.0,71.31,5562.18,0.0,212.67,43.33,256.0,232,59392.0,97.05
2019-02,Pre-Pandemic Baseline,Ethiopian Airlines,ET,Addis Ababa,Dubai,Boeing 787-8,3380,3380.0,0.0,No,No,78.0,67.61,80.55,6282.9,0.0,240.23,55.29,295.52,219,64718.88,97.38
2019-03,Pre-Pandemic Baseline,Ethiopian Airlines,ET,Addis Ababa,Dubai,Boeing 787-8,3380,3380.0,0.0,No,No,78.0,65.86,78.77,6144.06,0.0,234.92,52.87,287.79,261,75113.19,97.32
2019-04,Pre-Pandemic Baseline,Ethiopian Airlines,ET,Addis Ababa,Dubai,Boeing 787-8,3380,3380.0,0.0,No,No,78.0,64.79,76.2,5943.6,0.0,227.26,49.48,276.74,279,77210.46,97.24
2019-05,Pre-Pandemic Baseline,Ethiopian Airlines,ET,Addis Ababa,Dubai,Boeing 787-8,3380,3380.0,0.0,No,No,78.0,61.25,73.32,5718.96,0.0,218.67,45.81,264.48,223,58979.04,97.13
2019-06,Pre-Pandemic Baseline,Ethiopian Airlines,ET,Addis Ababa,Dubai,Boeing 787-8,3380,3380.0,0.0,No,No,78.0,61.25,71.62,5586.36,0.0,213.6,43.71,257.31,272,69988.32,97.06
2019-07,Pre-Pandemic Baseline,Ethiopian Airlines,ET,Addis Ababa,Dubai,Boeing 787-8,3380,3380.0,0.0,No,No,78.0,60.46,70.88,5528.64,0.0,211.39,42.81,254.2,232,58974.4,97.03
2019-08,Pre-Pandemic Baseline,Ethiopian Airlines,ET,Addis Ababa,Dubai,Boeing 787-8,3380,3380.0,0.0,No,No,78.0,66.93,77.82,6069.96,0.0,232.09,51.6,283.69,255,72340.95,97.29
2019-09,Pre-Pandemic Baseline,Ethiopian Airlines,ET,Addis Ababa,Dubai,Boeing 787-8,3380,3380.0,0.0,No,No,78.0,64.81,72.75,5674.5,0.0,216.97,45.1,262.07,216,56607.12,97.11
2019-10,Pre-Pandemic Baseline,Ethiopian Airlines,ET,Addis Ababa,Dubai,Boeing 787-8,3380,3380.0,0.0,No,No,78.0,65.66,74.25,5791.5,0.0,221.44,46.98,268.42,227,60931.34,97.16
2019-11,Pre-Pandemic Baseline,Ethiopian Airlines,ET,Addis Ababa,Dubai,Boeing 787-8,3380,3380.0,0.0,No,No,78.0,60.16,67.57,5270.46,0.0,201.52,38.9,240.42,221,53132.82,96.89
2019-12,Pre-Pandemic Baseline,Ethiopian Airlines,ET,Addis Ababa,Dubai,Boeing 787-8,3380,3380.0,0.0,No,No,78.0,67.76,80.2,6255.6,0.0,239.18,54.81,293.99,222,65265.78,97.37
2020-01,Pre-Pandemic Baseline,Ethiopian Airlines,ET,Addis Ababa,Dubai,Boeing 787-8,3380,3380.0,0.0,No,No,78.0,66.66,76.75,5986.5,0.0,228.9,50.19,279.09,280,78145.2,97.25
2020-02,Pre-Pandemic Baseline,Ethiopian Airlines,ET,Addis Ababa,Dubai,Boeing 787-8,3380,3380.0,0.0,No,No,78.0,61.7,72.24,5634.72,0.0,215.45,44.47,259.92,237,61601.04,97.09
2020-03,COVID-19 Collapse,Ethiopian Airlines,ET,Addis Ababa,Dubai,Boeing 787-8,3380,3380.0,0.0,No,No,78.0,20.55,24.88,1940.64,0.0,74.2,5.27,79.47,224,17801.28,91.99
2020-04,COVID-19 Collapse,Ethiopian Airlines,ET,Addis Ababa,Dubai,Boeing 787-8,3380,3380.0,0.0,No,No,78.0,20.57,23.55,1836.9,0.0,70.23,4.73,74.96,222,16641.12,91.57
2020-05,COVID-19 Collapse,Ethiopian Airlines,ET,Addis Ababa,Dubai,Boeing 787-8,3380,3380.0,0.0,No,No,78.0,22.26,25.84,2015.52,0.0,77.06,5.69,82.75,260,21515.0,92.26
2020-06,COVID-19 Collapse,Ethiopian Airlines,ET,Addis Ababa,Dubai,Boeing 787-8,3380,3380.0,0.0,No,No,78.0,45.35,54.22,4229.16,0.0,161.7,25.05,186.75,263,49115.25,96.16
2020-07,COVID-19 Collapse,Ethiopian Airlines,ET,Addis Ababa,Dubai,Boeing 787-8,3380,3380.0,0.0,No,No,78.0,44.05,50.34,3926.52,0.0,150.13,21.59,171.72,283,48596.76,95.87
2020-08,COVID-19 Collapse,Ethiopian Airlines,ET,Addis Ababa,Dubai,Boeing 787-8,3380,3380.0,0.0,No,No,78.0,42.08,47.45,3701.1,0.0,141.51,19.18,160.69,256,41136.64,95.63
2020-09,COVID-19 Collapse,Ethiopian Airlines,ET,Addis Ababa,Dubai,Boeing 787-8,3380,3380.0,0.0,No,No,78.0,46.57,53.51,4173.78,0.0,159.59,24.4,183.99,244,44893.56,96.11
2020-10,COVID-19 Collapse,Ethiopian Airlines,ET,Addis Ababa,Dubai,Boeing 787-8,3380,3380.0,0.0,No,No,78.0,39.95,45.39,3540.42,0.0,135.37,17.56,152.93,226,34562.18,95.44
2020-11,COVID-19 Collapse,Ethiopian Airlines,ET,Addis Ababa,Dubai,Boeing 787-8,3380,3380.0,0.0,No,No,78.0,42.09,51.05,3981.9,0.0,152.25,22.21,174.46,212,36985.52,95.93
2020-12,COVID-19 Collapse,Ethiopian Airlines,ET,Addis Ababa,Dubai,Boeing 787-8,3380,3380.0,0.0,No,No,78.0,43.13,51.79,4039.62,0.0,154.46,22.86,177.32,276,48940.32,95.98
2021-01,COVID-19 Collapse,Ethiopian Airlines,ET,Addis Ababa,Dubai,Boeing 787-8,3380,3380.0,0.0,No,No,78.0,75.49,89.33,6967.74,0.0,266.41,68.0,334.41,269,89956.29,97.63
2021-02,COVID-19 Collapse,Ethiopian Airlines,ET,Addis Ababa,Dubai,Boeing 787-8,3380,3380.0,0.0,No,No,78.0,83.06,100.27,7821.06,0.0,299.04,85.67,384.71,269,103486.99,97.88
2021-03,COVID-19 Collapse,Ethiopian Airlines,ET,Addis Ababa,Dubai,Boeing 787-8,3380,3380.0,0.0,No,No,78.0,69.59,83.53,6515.34,0.0,249.12,59.45,308.57,234,72205.38,97.47
2021-04,COVID-19 Collapse,Ethiopian Airlines,ET,Addis Ababa,Dubai,Boeing 787-8,3380,3380.0,0.0,No,No,78.0,76.83,87.48,6823.44,0.0,260.9,65.21,326.11,236,76961.96,97.58
2021-05,COVID-19 Collapse,Ethiopian Airlines,ET,Addis Ababa,Dubai,Boeing 787-8,3380,3380.0,0.0,No,No,78.0,78.63,95.08,7416.24,0.0,283.56,77.03,360.59,268,96638.12,97.77
2021-06,Recovery & Surge,Ethiopian Airlines,ET,Addis Ababa,Dubai,Boeing 787-8,3380,3380.0,0.0,No,No,78.0,66.07,77.56,6049.68,0.0,231.31,51.26,282.57,261,73750.77,97.28
2021-07,Recovery & Surge,Ethiopian Airlines,ET,Addis Ababa,Dubai,Boeing 787-8,3380,3380.0,0.0,No,No,78.0,78.97,94.82,7395.96,0.0,282.79,76.61,359.4,258,92725.2,97.77
2021-08,Recovery & Surge,Ethiopian Airlines,ET,Addis Ababa,Dubai,Boeing 787-8,3380,3380.0,0.0,No,No,78.0,68.92,83.37,6502.86,0.0,248.64,59.23,307.87,251,77275.37,97.47
2021-09,Recovery & Surge,Ethiopian Airlines,ET,Addis Ababa,Dubai,Boeing 787-8,3380,3380.0,0.0,No,No,78.0,66.5,76.59,5974.02,0.0,228.42,49.98,278.4,237,65980.8,97.25
2021-10,Recovery & Surge,Ethiopian Airlines,ET,Addis Ababa,Dubai,Boeing 787-8,3380,3380.0,0.0,No,No,78.0,86.82,98.19,7658.82,0.0,292.84,82.15,374.99,265,99372.35,97.84
2021-11,Recovery & Surge,Ethiopian Airlines,ET,Addis Ababa,Dubai,Boeing 787-8,3380,3380.0,0.0,No,No,78.0,87.21,99.66,7773.48,0.0,297.22,84.63,381.85,237,90498.45,97.87
2021-12,Recovery & Surge,Ethiopian Airlines,ET,Addis Ababa,Dubai,Boeing 787-8,3380,3380.0,0.0,No,No,78.0,83.59,97.19,7580.82,0.0,289.85,80.49,370.34,265,98140.1,97.82
2022-01,Recovery & Surge,Ethiopian Airlines,ET,Addis Ababa,Dubai,Boeing 787-8,3380,3380.0,0.0,No,No,78.0,72.01,86.54,6750.12,0.0,258.09,63.81,321.9,224,72105.6,97.56
2022-02,Recovery & Surge,Ethiopian Airlines,ET,Addis Ababa,Dubai,Boeing 787-8,3380,3380.0,0.0,No,No,78.0,67.25,81.11,6326.58,0.0,241.9,56.06,297.96,254,75681.84,97.4
2022-03,Ukraine War Shock,Ethiopian Airlines,ET,Addis Ababa,Dubai,Boeing 787-8,3380,3380.0,0.0,No,No,78.0,117.58,131.77,10278.06,0.0,392.98,147.95,540.93,236,127659.48,98.38
2022-04,Ukraine War Shock,Ethiopian Airlines,ET,Addis Ababa,Dubai,Boeing 787-8,3380,3380.0,0.0,No,No,78.0,109.53,128.27,10005.06,0.0,382.55,140.2,522.75,272,142188.0,98.34
2022-05,Ukraine War Shock,Ethiopian Airlines,ET,Addis Ababa,Dubai,Boeing 787-8,3380,3380.0,0.0,No,Yes,78.0,99.03,115.05,8973.9,0.0,343.12,112.79,455.91,0,0.0,98.15
2022-06,Ukraine War Shock,Ethiopian Airlines,ET,Addis Ababa,Dubai,Boeing 787-8,3380,3380.0,0.0,No,No,78.0,111.34,127.17,9919.26,0.0,379.27,137.81,517.08,256,132372.48,98.32
2022-07,Ukraine War Shock,Ethiopian Airlines,ET,Addis Ababa,Dubai,Boeing 787-8,3380,3380.0,0.0,No,No,78.0,80.69,91.34,7124.52,0.0,272.41,71.09,343.5,216,74196.0,97.68
2022-08,Ukraine War Shock,Ethiopian Airlines,ET,Addis Ababa,Dubai,Boeing 787-8,3380,3380.0,0.0,No,No,78.0,98.19,113.29,8836.62,0.0,337.87,109.36,447.23,247,110465.81,98.12
2022-09,Ukraine War Shock,Ethiopian Airlines,ET,Addis Ababa,Dubai,Boeing 787-8,3380,3380.0,0.0,No,No,78.0,85.18,103.43,8067.54,0.0,308.46,91.15,399.61,268,107095.48,97.95
2022-10,Ukraine War Shock,Ethiopian Airlines,ET,Addis Ababa,Dubai,Boeing 787-8,3380,3380.0,0.0,No,No,78.0,93.25,107.45,8381.1,0.0,320.45,98.38,418.83,274,114759.42,98.02
2022-11,Ukraine War Shock,Ethiopian Airlines,ET,Addis Ababa,Dubai,Boeing 787-8,3380,3380.0,0.0,No,No,78.0,86.23,101.05,7881.9,0.0,301.37,87.01,388.38,264,102532.32,97.9
2022-12,Ukraine War Shock,Ethiopian Airlines,ET,Addis Ababa,Dubai,Boeing 787-8,3380,3380.0,0.0,No,No,78.0,90.4,107.6,8392.8,0.0,320.9,98.65,419.55,241,101111.55,98.03
2023-01,Stabilisation,Ethiopian Airlines,ET,Addis Ababa,Dubai,Boeing 787-8,3380,3380.0,0.0,No,No,78.0,84.29,97.47,7602.66,0.0,290.69,80.95,371.64,229,85105.56,97.83
2023-02,Stabilisation,Ethiopian Airlines,ET,Addis Ababa,Dubai,Boeing 787-8,3380,3380.0,0.0,No,No,78.0,78.14,95.11,7418.58,0.0,283.65,77.08,360.73,239,86214.47,97.77
2023-03,Stabilisation,Ethiopian Airlines,ET,Addis Ababa,Dubai,Boeing 787-8,3380,3380.0,0.0,No,No,78.0,91.48,111.26,8678.28,0.0,331.82,105.48,437.3,252,110199.6,98.09
2023-04,Stabilisation,Ethiopian Airlines,ET,Addis Ababa,Dubai,Boeing 787-8,3380,3380.0,0.0,No,No,78.0,88.18,100.98,7876.44,0.0,301.16,86.89,388.05,210,81490.5,97.9
2023-05,Stabilisation,Ethiopian Airlines,ET,Addis Ababa,Dubai,Boeing 787-8,3380,3380.0,0.0,No,No,78.0,90.97,106.41,8299.98,0.0,317.35,96.48,413.83,278,115044.74,98.0
2023-06,Stabilisation,Ethiopian Airlines,ET,Addis Ababa,Dubai,Boeing 787-8,3380,3380.0,0.0,No,No,78.0,90.21,103.75,8092.5,0.0,309.42,91.72,401.14,235,94267.9,97.95
2023-07,Stabilisation,Ethiopian Airlines,ET,Addis Ababa,Dubai,Boeing 787-8,3380,3380.0,0.0,No,No,78.0,85.16,97.8,7628.4,0.0,291.67,81.5,373.17,269,100382.73,97.83
2023-08,Stabilisation,Ethiopian Airlines,ET,Addis Ababa,Dubai,Boeing 787-8,3380,3380.0,0.0,No,No,78.0,90.67,101.88,7946.64,0.0,303.84,88.44,392.28,250,98070.0,97.92
2023-09,Stabilisation,Ethiopian Airlines,ET,Addis Ababa,Dubai,Boeing 787-8,3380,3380.0,0.0,No,No,78.0,76.5,90.34,7046.52,0.0,269.43,69.54,338.97,259,87793.23,97.66
2023-10,Gaza-Israel Conflict,Ethiopian Airlines,ET,Addis Ababa,Dubai,Boeing 787-8,3380,3380.0,0.0,No,No,78.0,78.33,91.67,7150.26,0.0,273.39,71.6,344.99,266,91767.34,97.69
2023-11,Gaza-Israel Conflict,Ethiopian Airlines,ET,Addis Ababa,Dubai,Boeing 787-8,3380,3380.0,0.0,No,No,78.0,75.77,85.25,6649.5,0.0,254.25,61.93,316.18,231,73037.58,97.52
2023-12,Gaza-Israel Conflict,Ethiopian Airlines,ET,Addis Ababa,Dubai,Boeing 787-8,3380,3380.0,0.0,No,No,78.0,80.53,92.44,7210.32,0.0,275.69,72.81,348.5,255,88867.5,97.71
2024-01,Gaza-Israel Conflict,Ethiopian Airlines,ET,Addis Ababa,Dubai,Boeing 787-8,3380,3380.0,0.0,No,No,78.0,84.61,102.45,7991.1,0.0,305.54,89.44,394.98,266,105064.68,97.93
2024-02,Gaza-Israel Conflict,Ethiopian Airlines,ET,Addis Ababa,Dubai,Boeing 787-8,3380,3380.0,0.0,No,No,78.0,82.61,94.5,7371.0,0.0,281.83,76.09,357.92,267,95564.64,97.76
2024-03,Gaza-Israel Conflict,Ethiopian Airlines,ET,Addis Ababa,Dubai,Boeing 787-8,3380,3380.0,0.0,No,No,78.0,92.09,104.48,8149.44,0.0,311.6,93.02,404.62,241,97513.42,97.97
2024-04,Gaza-Israel Conflict,Ethiopian Airlines,ET,Addis Ababa,Dubai,Boeing 787-8,3380,3380.0,0.0,No,No,78.0,84.06,98.26,7664.28,0.0,293.05,82.27,375.32,264,99084.48,97.84
2024-05,Gaza-Israel Conflict,Ethiopian Airlines,ET,Addis Ababa,Dubai,Boeing 787-8,3380,3380.0,0.0,No,No,78.0,82.78,100.87,7867.86,0.0,300.83,86.7,387.53,232,89906.96,97.9
2024-06,Gaza-Israel Conflict,Ethiopian Airlines,ET,Addis Ababa,Dubai,Boeing 787-8,3380,3380.0,0.0,No,No,78.0,87.23,99.81,7785.18,0.0,297.67,84.89,382.56,219,83780.64,97.88
2024-07,Gaza-Israel Conflict,Ethiopian Airlines,ET,Addis Ababa,Dubai,Boeing 787-8,3380,3380.0,0.0,No,No,78.0,80.4,95.45,7445.1,0.0,284.67,77.63,362.3,218,78981.4,97.78
2024-08,Gaza-Israel Conflict,Ethiopian Airlines,ET,Addis Ababa,Dubai,Boeing 787-8,3380,3380.0,0.0,No,No,78.0,91.64,109.62,8550.36,0.0,326.93,102.39,429.32,247,106042.04,98.06
2024-09,Gaza-Israel Conflict,Ethiopian Airlines,ET,Addis Ababa,Dubai,Boeing 787-8,3380,3380.0,0.0,No,No,78.0,79.27,90.67,7072.26,0.0,270.41,70.05,340.46,238,81029.48,97.67
2024-10,Gaza-Israel Conflict,Ethiopian Airlines,ET,Addis Ababa,Dubai,Boeing 787-8,3380,3380.0,0.0,No,No,78.0,94.78,113.06,8818.68,0.0,337.18,108.92,446.1,227,101264.7,98.12
2024-11,Gaza-Israel Conflict,Ethiopian Airlines,ET,Addis Ababa,Dubai,Boeing 787-8,3380,3380.0,0.0,No,No,78.0,91.13,105.42,8222.76,0.0,314.4,94.7,409.1,239,97774.9,97.99
2024-12,Pre-Iran Escalation,Ethiopian Airlines,ET,Addis Ababa,Dubai,Boeing 787-8,3380,3380.0,0.0,No,No,78.0,81.38,96.29,7510.62,0.0,287.17,79.0,366.17,240,87880.8,97.8
2025-01,Pre-Iran Escalation,Ethiopian Airlines,ET,Addis Ababa,Dubai,Boeing 787-8,3380,3380.0,0.0,No,No,78.0,85.13,100.74,7857.72,0.0,300.44,86.48,386.92,251,97116.92,97.89
2025-02,Pre-Iran Escalation,Ethiopian Airlines,ET,Addis Ababa,Dubai,Boeing 787-8,3380,3380.0,0.0,No,No,78.0,103.76,121.77,9498.06,0.0,363.16,126.35,489.51,214,104755.14,98.25
2025-03,Pre-Iran Escalation,Ethiopian Airlines,ET,Addis Ababa,Dubai,Boeing 787-8,3380,3380.0,0.0,No,No,78.0,101.26,114.33,8917.74,0.0,340.97,111.38,452.35,278,125753.3,98.14
2025-04,Pre-Iran Escalation,Ethiopian Airlines,ET,Addis Ababa,Dubai,Boeing 787-8,3380,3380.0,0.0,No,No,78.0,101.77,122.48,9553.44,0.0,365.28,127.83,493.11,237,116867.07,98.26
2025-05,Pre-Iran Escalation,Ethiopian Airlines,ET,Addis Ababa,Dubai,Boeing 787-8,3380,3380.0,0.0,No,No,78.0,102.74,118.36,9232.08,0.0,352.99,119.37,472.36,256,120924.16,98.2
2025-06,Pre-Iran Escalation,Ethiopian Airlines,ET,Addis Ababa,Dubai,Boeing 787-8,3380,3380.0,0.0,No,No,78.0,86.7,98.72,7700.16,0.0,294.42,83.04,377.46,232,87570.72,97.85
2025-07,Pre-Iran Escalation,Ethiopian Airlines,ET,Addis Ababa,Dubai,Boeing 787-8,3380,3380.0,0.0,No,No,78.0,93.24,104.81,8175.18,0.0,312.58,93.6,406.18,267,108450.06,97.97
2025-08,Pre-Iran Escalation,Ethiopian Airlines,ET,Addis Ababa,Dubai,Boeing 787-8,3380,3380.0,0.0,No,No,78.0,87.66,103.36,8062.08,0.0,308.26,91.03,399.29,244,97426.76,97.95
2025-09,Pre-Iran Escalation,Ethiopian Airlines,ET,Addis Ababa,Dubai,Boeing 787-8,3380,3380.0,0.0,No,No,78.0,104.85,124.54,9714.12,0.0,371.42,132.16,503.58,234,117837.72,98.29
2025-10,Pre-Iran Escalation,Ethiopian Airlines,ET,Addis Ababa,Dubai,Boeing 787-8,3380,3380.0,0.0,No,No,78.0,99.34,111.43,8691.54,0.0,332.32,105.8,438.12,282,123549.84,98.09
2025-11,Pre-Iran Escalation,Ethiopian Airlines,ET,Addis Ababa,Dubai,Boeing 787-8,3380,3380.0,0.0,No,No,78.0,92.61,108.47,8460.66,0.0,323.5,100.26,423.76,274,116110.24,98.04
2025-12,US-Iran War Conflict,Ethiopian Airlines,ET,Addis Ababa,Dubai,Boeing 787-8,3380,3754.0,374.0,Yes,Yes,86.6,122.22,139.65,12093.69,1338.18,416.49,166.18,582.67,0,0.0,98.62
2026-01,US-Iran War Conflict,Ethiopian Airlines,ET,Addis Ababa,Dubai,Boeing 787-8,3380,4084.0,704.0,Yes,Yes,94.2,130.88,155.03,14603.83,3041.74,462.35,204.79,667.14,0,0.0,98.86
2026-02,US-Iran War Conflict,Ethiopian Airlines,ET,Addis Ababa,Dubai,Boeing 787-8,3380,4203.0,823.0,Yes,No,97.0,155.73,177.13,17181.61,4183.57,528.26,237.72,765.98,227,173877.46,99.03
2026-03,US-Iran War Conflict,Ethiopian Airlines,ET,Addis Ababa,Dubai,Boeing 787-8,3380,4172.0,792.0,Yes,No,96.3,169.08,201.05,19361.12,4536.69,599.6,269.82,869.42,259,225179.78,99.13
2026-04,De-escalation & Negotiations,Ethiopian Airlines,ET,Addis Ababa,Dubai,Boeing 787-8,3380,3535.0,155.0,Yes,No,81.6,111.38,129.05,10530.48,482.91,384.87,141.91,526.78,268,141177.04,98.42
2026-05,De-escalation & Negotiations,Ethiopian Airlines,ET,Addis Ababa,Dubai,Boeing 787-8,3380,3574.0,194.0,Yes,No,82.5,104.87,127.28,10500.6,602.7,379.59,138.04,517.63,265,137171.95,98.42
2026-06,De-escalation & Negotiations,Ethiopian Airlines,ET,Addis Ababa,Dubai,Boeing 787-8,3380,3617.0,237.0,Yes,No,83.5,92.83,105.25,8788.38,616.23,313.89,94.39,408.28,245,100028.6,98.11
2019-01,Pre-Pandemic Baseline,EgyptAir,MS,Cairo,Dubai,Airbus A330-300,2394,2394.0,0.0,No,No,55.0,63.0,71.31,3922.05,0.0,150.63,30.69,181.32,241,43698.12,97.04
2019-02,Pre-Pandemic Baseline,EgyptAir,MS,Cairo,Dubai,Airbus A330-300,2394,2394.0,0.0,No,No,55.0,67.61,80.55,4430.25,0.0,170.15,39.16,209.31,277,57978.87,97.37
2019-03,Pre-Pandemic Baseline,EgyptAir,MS,Cairo,Dubai,Airbus A330-300,2394,2394.0,0.0,No,No,55.0,65.86,78.77,4332.35,0.0,166.39,37.45,203.84,269,54832.96,97.31
2019-04,Pre-Pandemic Baseline,EgyptAir,MS,Cairo,Dubai,Airbus A330-300,2394,2394.0,0.0,No,No,55.0,64.79,76.2,4191.0,0.0,160.96,35.04,196.0,211,41356.0,97.22
2019-05,Pre-Pandemic Baseline,EgyptAir,MS,Cairo,Dubai,Airbus A330-300,2394,2394.0,0.0,No,No,55.0,61.25,73.32,4032.6,0.0,154.88,32.45,187.33,259,48518.47,97.12
2019-06,Pre-Pandemic Baseline,EgyptAir,MS,Cairo,Dubai,Airbus A330-300,2394,2394.0,0.0,No,No,55.0,61.25,71.62,3939.1,0.0,151.29,30.96,182.25,277,50483.25,97.05
2019-07,Pre-Pandemic Baseline,EgyptAir,MS,Cairo,Dubai,Airbus A330-300,2394,2394.0,0.0,No,No,55.0,60.46,70.88,3898.4,0.0,149.72,30.32,180.04,261,46990.44,97.02
2019-08,Pre-Pandemic Baseline,EgyptAir,MS,Cairo,Dubai,Airbus A330-300,2394,2394.0,0.0,No,No,55.0,66.93,77.82,4280.1,0.0,164.38,36.55,200.93,251,50433.43,97.28
2019-09,Pre-Pandemic Baseline,EgyptAir,MS,Cairo,Dubai,Airbus A330-300,2394,2394.0,0.0,No,No,55.0,64.81,72.75,4001.25,0.0,153.67,31.94,185.61,223,41391.03,97.1
2019-10,Pre-Pandemic Baseline,EgyptAir,MS,Cairo,Dubai,Airbus A330-300,2394,2394.0,0.0,No,No,55.0,65.66,74.25,4083.75,0.0,156.84,33.27,190.11,281,53420.91,97.15
2019-11,Pre-Pandemic Baseline,EgyptAir,MS,Cairo,Dubai,Airbus A330-300,2394,2394.0,0.0,No,No,55.0,60.16,67.57,3716.35,0.0,142.73,27.56,170.29,256,43594.24,96.88
2019-12,Pre-Pandemic Baseline,EgyptAir,MS,Cairo,Dubai,Airbus A330-300,2394,2394.0,0.0,No,No,55.0,67.76,80.2,4411.0,0.0,169.41,38.82,208.23,217,45185.91,97.36
2020-01,Pre-Pandemic Baseline,EgyptAir,MS,Cairo,Dubai,Airbus A330-300,2394,2394.0,0.0,No,No,55.0,66.66,76.75,4221.25,0.0,162.12,35.55,197.67,279,55149.93,97.24
2020-02,Pre-Pandemic Baseline,EgyptAir,MS,Cairo,Dubai,Airbus A330-300,2394,2394.0,0.0,No,No,55.0,61.7,72.24,3973.2,0.0,152.6,31.5,184.1,248,45656.8,97.08
2020-03,COVID-19 Collapse,EgyptAir,MS,Cairo,Dubai,Airbus A330-300,2394,2394.0,0.0,No,No,55.0,20.55,24.88,1368.4,0.0,52.56,3.74,56.3,221,12442.3,91.96
2020-04,COVID-19 Collapse,EgyptAir,MS,Cairo,Dubai,Airbus A330-300,2394,2394.0,0.0,No,No,55.0,20.57,23.55,1295.25,0.0,49.75,3.35,53.1,226,12000.6,91.54
2020-05,COVID-19 Collapse,EgyptAir,MS,Cairo,Dubai,Airbus A330-300,2394,2394.0,0.0,No,No,55.0,22.26,25.84,1421.2,0.0,54.58,4.03,58.61,282,16528.02,92.23
2020-06,COVID-19 Collapse,EgyptAir,MS,Cairo,Dubai,Airbus A330-300,2394,2394.0,0.0,No,No,55.0,45.35,54.22,2982.1,0.0,114.53,17.74,132.27,242,32009.34,96.14
2020-07,COVID-19 Collapse,EgyptAir,MS,Cairo,Dubai,Airbus A330-300,2394,2394.0,0.0,No,No,55.0,44.05,50.34,2768.7,0.0,106.34,15.29,121.63,241,29312.83,95.86
2020-08,COVID-19 Collapse,EgyptAir,MS,Cairo,Dubai,Airbus A330-300,2394,2394.0,0.0,No,No,55.0,42.08,47.45,2609.75,0.0,100.23,13.59,113.82,246,27999.72,95.61
2020-09,COVID-19 Collapse,EgyptAir,MS,Cairo,Dubai,Airbus A330-300,2394,2394.0,0.0,No,No,55.0,46.57,53.51,2943.05,0.0,113.03,17.28,130.31,262,34141.22,96.09
2020-10,COVID-19 Collapse,EgyptAir,MS,Cairo,Dubai,Airbus A330-300,2394,2394.0,0.0,No,No,55.0,39.95,45.39,2496.45,0.0,95.88,12.43,108.31,237,25669.47,95.42
2020-11,COVID-19 Collapse,EgyptAir,MS,Cairo,Dubai,Airbus A330-300,2394,2394.0,0.0,No,No,55.0,42.09,51.05,2807.75,0.0,107.84,15.73,123.57,241,29780.37,95.91
2020-12,COVID-19 Collapse,EgyptAir,MS,Cairo,Dubai,Airbus A330-300,2394,2394.0,0.0,No,No,55.0,43.13,51.79,2848.45,0.0,109.4,16.19,125.59,265,33281.35,95.97
2021-01,COVID-19 Collapse,EgyptAir,MS,Cairo,Dubai,Airbus A330-300,2394,2394.0,0.0,No,No,55.0,75.49,89.33,4913.15,0.0,188.7,48.16,236.86,244,57793.84,97.62
2021-02,COVID-19 Collapse,EgyptAir,MS,Cairo,Dubai,Airbus A330-300,2394,2394.0,0.0,No,No,55.0,83.06,100.27,5514.85,0.0,211.81,60.68,272.49,263,71664.87,97.88
2021-03,COVID-19 Collapse,EgyptAir,MS,Cairo,Dubai,Airbus A330-300,2394,2394.0,0.0,No,No,55.0,69.59,83.53,4594.15,0.0,176.44,42.11,218.55,282,61631.1,97.46
2021-04,COVID-19 Collapse,EgyptAir,MS,Cairo,Dubai,Airbus A330-300,2394,2394.0,0.0,No,No,55.0,76.83,87.48,4811.4,0.0,184.79,46.19,230.98,282,65136.36,97.57
2021-05,COVID-19 Collapse,EgyptAir,MS,Cairo,Dubai,Airbus A330-300,2394,2394.0,0.0,No,No,55.0,78.63,95.08,5229.4,0.0,200.84,54.56,255.4,243,62062.2,97.76
2021-06,Recovery & Surge,EgyptAir,MS,Cairo,Dubai,Airbus A330-300,2394,2394.0,0.0,No,No,55.0,66.07,77.56,4265.8,0.0,163.83,36.3,200.13,227,45429.51,97.27
2021-07,Recovery & Surge,EgyptAir,MS,Cairo,Dubai,Airbus A330-300,2394,2394.0,0.0,No,No,55.0,78.97,94.82,5215.1,0.0,200.29,54.26,254.55,228,58037.4,97.76
2021-08,Recovery & Surge,EgyptAir,MS,Cairo,Dubai,Airbus A330-300,2394,2394.0,0.0,No,No,55.0,68.92,83.37,4585.35,0.0,176.11,41.95,218.06,271,59094.26,97.46
2021-09,Recovery & Surge,EgyptAir,MS,Cairo,Dubai,Airbus A330-300,2394,2394.0,0.0,No,No,55.0,66.5,76.59,4212.45,0.0,161.79,35.4,197.19,215,42395.85,97.24
2021-10,Recovery & Surge,EgyptAir,MS,Cairo,Dubai,Airbus A330-300,2394,2394.0,0.0,No,No,55.0,86.82,98.19,5400.45,0.0,207.41,58.19,265.6,213,56572.8,97.83
2021-11,Recovery & Surge,EgyptAir,MS,Cairo,Dubai,Airbus A330-300,2394,2394.0,0.0,No,No,55.0,87.21,99.66,5481.3,0.0,210.52,59.94,270.46,261,70590.06,97.86
2021-12,Recovery & Surge,EgyptAir,MS,Cairo,Dubai,Airbus A330-300,2394,2394.0,0.0,No,No,55.0,83.59,97.19,5345.45,0.0,205.3,57.01,262.31,278,72922.18,97.81
2022-01,Recovery & Surge,EgyptAir,MS,Cairo,Dubai,Airbus A330-300,2394,2394.0,0.0,No,No,55.0,72.01,86.54,4759.7,0.0,182.8,45.2,228.0,227,51756.0,97.55
2022-02,Recovery & Surge,EgyptAir,MS,Cairo,Dubai,Airbus A330-300,2394,2394.0,0.0,No,No,55.0,67.25,81.11,4461.05,0.0,171.33,39.7,211.03,214,45160.42,97.39
2022-03,Ukraine War Shock,EgyptAir,MS,Cairo,Dubai,Airbus A330-300,2394,2394.0,0.0,No,No,55.0,117.58,131.77,7247.35,0.0,278.34,104.79,383.13,277,106127.01,98.38
2022-04,Ukraine War Shock,EgyptAir,MS,Cairo,Dubai,Airbus A330-300,2394,2394.0,0.0,No,No,55.0,109.53,128.27,7054.85,0.0,270.95,99.3,370.25,236,87379.0,98.33
2022-05,Ukraine War Shock,EgyptAir,MS,Cairo,Dubai,Airbus A330-300,2394,2394.0,0.0,No,No,55.0,99.03,115.05,6327.75,0.0,243.03,79.89,322.92,251,81052.92,98.14
2022-06,Ukraine War Shock,EgyptAir,MS,Cairo,Dubai,Airbus A330-300,2394,2394.0,0.0,No,No,55.0,111.34,127.17,6994.35,0.0,268.63,97.6,366.23,272,99614.56,98.32
2022-07,Ukraine War Shock,EgyptAir,MS,Cairo,Dubai,Airbus A330-300,2394,2394.0,0.0,No,No,55.0,80.69,91.34,5023.7,0.0,192.94,50.35,243.29,228,55470.12,97.67
2022-08,Ukraine War Shock,EgyptAir,MS,Cairo,Dubai,Airbus A330-300,2394,2394.0,0.0,No,No,55.0,98.19,113.29,6230.95,0.0,239.31,77.46,316.77,255,80776.35,98.12
2022-09,Ukraine War Shock,EgyptAir,MS,Cairo,Dubai,Airbus A330-300,2394,2394.0,0.0,No,No,55.0,85.18,103.43,5688.65,0.0,218.48,64.56,283.04,284,80383.36,97.94
2022-10,Ukraine War Shock,EgyptAir,MS,Cairo,Dubai,Airbus A330-300,2394,2394.0,0.0,No,No,55.0,93.25,107.45,5909.75,0.0,226.97,69.68,296.65,265,78612.25,98.01
2022-11,Ukraine War Shock,EgyptAir,MS,Cairo,Dubai,Airbus A330-300,2394,2394.0,0.0,No,No,55.0,86.23,101.05,5557.75,0.0,213.45,61.63,275.08,239,65744.12,97.89
2022-12,Ukraine War Shock,EgyptAir,MS,Cairo,Dubai,Airbus A330-300,2394,2394.0,0.0,No,No,55.0,90.4,107.6,5918.0,0.0,227.29,69.88,297.17,267,79344.39,98.02
2023-01,Stabilisation,EgyptAir,MS,Cairo,Dubai,Airbus A330-300,2394,2394.0,0.0,No,No,55.0,84.29,97.47,5360.85,0.0,205.89,57.34,263.23,211,55541.53,97.82
2023-02,Stabilisation,EgyptAir,MS,Cairo,Dubai,Airbus A330-300,2394,2394.0,0.0,No,No,55.0,78.14,95.11,5231.05,0.0,200.91,54.6,255.51,226,57745.26,97.76
2023-03,Stabilisation,EgyptAir,MS,Cairo,Dubai,Airbus A330-300,2394,2394.0,0.0,No,No,55.0,91.48,111.26,6119.3,0.0,235.02,74.71,309.73,265,82078.45,98.08
2023-04,Stabilisation,EgyptAir,MS,Cairo,Dubai,Airbus A330-300,2394,2394.0,0.0,No,No,55.0,88.18,100.98,5553.9,0.0,213.31,61.54,274.85,229,62940.65,97.89
2023-05,Stabilisation,EgyptAir,MS,Cairo,Dubai,Airbus A330-300,2394,2394.0,0.0,No,No,55.0,90.97,106.41,5852.55,0.0,224.78,68.34,293.12,219,64193.28,98.0
2023-06,Stabilisation,EgyptAir,MS,Cairo,Dubai,Airbus A330-300,2394,2394.0,0.0,No,No,55.0,90.21,103.75,5706.25,0.0,219.16,64.97,284.13,231,65634.03,97.95
2023-07,Stabilisation,EgyptAir,MS,Cairo,Dubai,Airbus A330-300,2394,2394.0,0.0,No,No,55.0,85.16,97.8,5379.0,0.0,206.59,57.73,264.32,222,58679.04,97.82
2023-08,Stabilisation,EgyptAir,MS,Cairo,Dubai,Airbus A330-300,2394,2394.0,0.0,No,No,55.0,90.67,101.88,5603.4,0.0,215.21,62.64,277.85,241,66961.85,97.91
2023-09,Stabilisation,EgyptAir,MS,Cairo,Dubai,Airbus A330-300,2394,2394.0,0.0,No,No,55.0,76.5,90.34,4968.7,0.0,190.83,49.26,240.09,219,52579.71,97.65
2023-10,Gaza-Israel Conflict,EgyptAir,MS,Cairo,Dubai,Airbus A330-300,2394,2394.0,0.0,No,No,55.0,78.33,91.67,5041.85,0.0,193.64,50.72,244.36,272,66465.92,97.68
2023-11,Gaza-Israel Conflict,EgyptAir,MS,Cairo,Dubai,Airbus A330-300,2394,2394.0,0.0,No,No,55.0,75.77,85.25,4688.75,0.0,180.08,43.86,223.94,268,60015.92,97.51
2023-12,Gaza-Israel Conflict,EgyptAir,MS,Cairo,Dubai,Airbus A330-300,2394,2394.0,0.0,No,No,55.0,80.53,92.44,5084.2,0.0,195.27,51.57,246.84,233,57513.72,97.7
2024-01,Gaza-Israel Conflict,EgyptAir,MS,Cairo,Dubai,Airbus A330-300,2394,2394.0,0.0,No,No,55.0,84.61,102.45,5634.75,0.0,216.41,63.35,279.76,248,69380.48,97.92
2024-02,Gaza-Israel Conflict,EgyptAir,MS,Cairo,Dubai,Airbus A330-300,2394,2394.0,0.0,No,No,55.0,82.61,94.5,5197.5,0.0,199.62,53.9,253.52,274,69464.48,97.75
2024-03,Gaza-Israel Conflict,EgyptAir,MS,Cairo,Dubai,Airbus A330-300,2394,2394.0,0.0,No,No,55.0,92.09,104.48,5746.4,0.0,220.7,65.88,286.58,279,79955.82,97.96
2024-04,Gaza-Israel Conflict,EgyptAir,MS,Cairo,Dubai,Airbus A330-300,2394,2394.0,0.0,No,No,55.0,84.06,98.26,5404.3,0.0,207.56,58.27,265.83,216,57419.28,97.83
2024-05,Gaza-Israel Conflict,EgyptAir,MS,Cairo,Dubai,Airbus A330-300,2394,2394.0,0.0,No,No,55.0,82.78,100.87,5547.85,0.0,213.07,61.41,274.48,264,72462.72,97.89
2024-06,Gaza-Israel Conflict,EgyptAir,MS,Cairo,Dubai,Airbus A330-300,2394,2394.0,0.0,No,No,55.0,87.23,99.81,5489.55,0.0,210.83,60.12,270.95,220,59609.0,97.87
2024-07,Gaza-Israel Conflict,EgyptAir,MS,Cairo,Dubai,Airbus A330-300,2394,2394.0,0.0,No,No,55.0,80.4,95.45,5249.75,0.0,201.62,54.98,256.6,211,54142.6,97.77
2024-08,Gaza-Israel Conflict,EgyptAir,MS,Cairo,Dubai,Airbus A330-300,2394,2394.0,0.0,No,No,55.0,91.64,109.62,6029.1,0.0,231.56,72.52,304.08,215,65377.2,98.05
2024-09,Gaza-Israel Conflict,EgyptAir,MS,Cairo,Dubai,Airbus A330-300,2394,2394.0,0.0,No,No,55.0,79.27,90.67,4986.85,0.0,191.53,49.62,241.15,253,61010.95,97.66
2024-10,Gaza-Israel Conflict,EgyptAir,MS,Cairo,Dubai,Airbus A330-300,2394,2394.0,0.0,No,No,55.0,94.78,113.06,6218.3,0.0,238.82,77.15,315.97,238,75200.86,98.11
2024-11,Gaza-Israel Conflict,EgyptAir,MS,Cairo,Dubai,Airbus A330-300,2394,2394.0,0.0,No,No,55.0,91.13,105.42,5798.1,0.0,222.68,67.07,289.75,218,63165.5,97.98
2024-12,Pre-Iran Escalation,EgyptAir,MS,Cairo,Dubai,Airbus A330-300,2394,2394.0,0.0,No,No,55.0,81.38,96.29,5295.95,0.0,203.4,55.96,259.36,245,63543.2,97.79
2025-01,Pre-Iran Escalation,EgyptAir,MS,Cairo,Dubai,Airbus A330-300,2394,2394.0,0.0,No,No,55.0,85.13,100.74,5540.7,0.0,212.8,61.25,274.05,248,67964.4,97.89
2025-02,Pre-Iran Escalation,EgyptAir,MS,Cairo,Dubai,Airbus A330-300,2394,2394.0,0.0,No,No,55.0,103.76,121.77,6697.35,0.0,257.22,89.49,346.71,269,93264.99,98.24
2025-03,Pre-Iran Escalation,EgyptAir,MS,Cairo,Dubai,Airbus A330-300,2394,2394.0,0.0,No,No,55.0,101.26,114.33,6288.15,0.0,241.51,78.89,320.4,259,82983.6,98.13
2025-04,Pre-Iran Escalation,EgyptAir,MS,Cairo,Dubai,Airbus A330-300,2394,2394.0,0.0,No,No,55.0,101.77,122.48,6736.4,0.0,258.72,90.54,349.26,244,85219.44,98.25
2025-05,Pre-Iran Escalation,EgyptAir,MS,Cairo,Dubai,Airbus A330-300,2394,2394.0,0.0,No,No,55.0,102.74,118.36,6509.8,0.0,250.02,84.55,334.57,234,78289.38,98.19
2025-06,Pre-Iran Escalation,EgyptAir,MS,Cairo,Dubai,Airbus A330-300,2394,2394.0,0.0,No,No,55.0,86.7,98.72,5429.6,0.0,208.53,58.82,267.35,210,56143.5,97.84
2025-07,Pre-Iran Escalation,EgyptAir,MS,Cairo,Dubai,Airbus A330-300,2394,2394.0,0.0,No,No,55.0,93.24,104.81,5764.55,0.0,221.4,66.3,287.7,272,78254.4,97.97
2025-08,Pre-Iran Escalation,EgyptAir,MS,Cairo,Dubai,Airbus A330-300,2394,2394.0,0.0,No,No,55.0,87.66,103.36,5684.8,0.0,218.33,64.48,282.81,230,65046.3,97.94
2025-09,Pre-Iran Escalation,EgyptAir,MS,Cairo,Dubai,Airbus A330-300,2394,2394.0,0.0,No,No,55.0,104.85,124.54,6849.7,0.0,263.07,93.61,356.68,225,80253.0,98.28
2025-10,Pre-Iran Escalation,EgyptAir,MS,Cairo,Dubai,Airbus A330-300,2394,2394.0,0.0,No,No,55.0,99.34,111.43,6128.65,0.0,235.38,74.94,310.32,265,82234.8,98.08
2025-11,Pre-Iran Escalation,EgyptAir,MS,Cairo,Dubai,Airbus A330-300,2394,2394.0,0.0,No,No,55.0,92.61,108.47,5965.85,0.0,229.13,71.01,300.14,215,64530.1,98.03
2025-12,US-Iran War Conflict,EgyptAir,MS,Cairo,Dubai,Airbus A330-300,2394,2394.0,0.0,No,No,55.0,122.22,139.65,7680.75,0.0,294.99,117.7,412.69,229,94506.01,98.47
2026-01,US-Iran War Conflict,EgyptAir,MS,Cairo,Dubai,Airbus A330-300,2394,2394.0,0.0,No,Yes,55.0,130.88,155.03,8526.65,0.0,327.48,145.05,472.53,0,0.0,98.62
2026-02,US-Iran War Conflict,EgyptAir,MS,Cairo,Dubai,Airbus A330-300,2394,2394.0,0.0,No,Yes,55.0,155.73,177.13,9742.15,0.0,374.16,168.37,542.53,0,0.0,98.79
2026-03,US-Iran War Conflict,EgyptAir,MS,Cairo,Dubai,Airbus A330-300,2394,2394.0,0.0,No,No,55.0,169.08,201.05,11057.75,0.0,424.69,191.11,615.8,221,136091.8,98.93
2026-04,De-escalation & Negotiations,EgyptAir,MS,Cairo,Dubai,Airbus A330-300,2394,2394.0,0.0,No,No,55.0,111.38,129.05,7097.75,0.0,272.6,100.51,373.11,213,79472.43,98.34
2026-05,De-escalation & Negotiations,EgyptAir,MS,Cairo,Dubai,Airbus A330-300,2394,2394.0,0.0,No,No,55.0,104.87,127.28,7000.4,0.0,268.86,97.77,366.63,245,89824.35,98.32
2026-06,De-escalation & Negotiations,EgyptAir,MS,Cairo,Dubai,Airbus A330-300,2394,2394.0,0.0,No,No,55.0,92.83,105.25,5788.75,0.0,222.33,66.86,289.19,236,68248.84,97.97
2019-01,Pre-Pandemic Baseline,Emirates,EK,Dubai,Nairobi,Boeing 777-200LR,3389,3389.0,0.0,No,No,80.0,63.0,71.31,5704.8,0.0,213.24,43.45,256.69,231,59295.39,97.12
2019-02,Pre-Pandemic Baseline,Emirates,EK,Dubai,Nairobi,Boeing 777-200LR,3389,3389.0,0.0,No,No,80.0,67.61,80.55,6444.0,0.0,240.87,55.43,296.3,230,68149.0,97.44
2019-03,Pre-Pandemic Baseline,Emirates,EK,Dubai,Nairobi,Boeing 777-200LR,3389,3389.0,0.0,No,No,80.0,65.86,78.77,6301.6,0.0,235.55,53.01,288.56,247,71274.32,97.38
2019-04,Pre-Pandemic Baseline,Emirates,EK,Dubai,Nairobi,Boeing 777-200LR,3389,3389.0,0.0,No,No,80.0,64.79,76.2,6096.0,0.0,227.86,49.61,277.47,211,58546.17,97.3
2019-05,Pre-Pandemic Baseline,Emirates,EK,Dubai,Nairobi,Boeing 777-200LR,3389,3389.0,0.0,No,No,80.0,61.25,73.32,5865.6,0.0,219.25,45.93,265.18,217,57544.06,97.19
2019-06,Pre-Pandemic Baseline,Emirates,EK,Dubai,Nairobi,Boeing 777-200LR,3389,3389.0,0.0,No,No,80.0,61.25,71.62,5729.6,0.0,214.16,43.82,257.98,234,60367.32,97.13
2019-07,Pre-Pandemic Baseline,Emirates,EK,Dubai,Nairobi,Boeing 777-200LR,3389,3389.0,0.0,No,No,80.0,60.46,70.88,5670.4,0.0,211.95,42.92,254.87,245,62443.15,97.1
2019-08,Pre-Pandemic Baseline,Emirates,EK,Dubai,Nairobi,Boeing 777-200LR,3389,3389.0,0.0,No,No,80.0,66.93,77.82,6225.6,0.0,232.7,51.74,284.44,262,74523.28,97.35
2019-09,Pre-Pandemic Baseline,Emirates,EK,Dubai,Nairobi,Boeing 777-200LR,3389,3389.0,0.0,No,No,80.0,64.81,72.75,5820.0,0.0,217.54,45.22,262.76,231,60697.56,97.17
2019-10,Pre-Pandemic Baseline,Emirates,EK,Dubai,Nairobi,Boeing 777-200LR,3389,3389.0,0.0,No,No,80.0,65.66,74.25,5940.0,0.0,222.03,47.1,269.13,260,69973.8,97.23
2019-11,Pre-Pandemic Baseline,Emirates,EK,Dubai,Nairobi,Boeing 777-200LR,3389,3389.0,0.0,No,No,80.0,60.16,67.57,5405.6,0.0,202.05,39.01,241.06,239,57613.34,96.96
2019-12,Pre-Pandemic Baseline,Emirates,EK,Dubai,Nairobi,Boeing 777-200LR,3389,3389.0,0.0,No,No,80.0,67.76,80.2,6416.0,0.0,239.82,54.95,294.77,268,78998.36,97.43
2020-01,Pre-Pandemic Baseline,Emirates,EK,Dubai,Nairobi,Boeing 777-200LR,3389,3389.0,0.0,No,No,80.0,66.66,76.75,6140.0,0.0,229.51,50.33,279.84,246,68840.64,97.31
2020-02,Pre-Pandemic Baseline,Emirates,EK,Dubai,Nairobi,Boeing 777-200LR,3389,3389.0,0.0,No,No,80.0,61.7,72.24,5779.2,0.0,216.02,44.59,260.61,250,65152.5,97.15
2020-03,COVID-19 Collapse,Emirates,EK,Dubai,Nairobi,Boeing 777-200LR,3389,3389.0,0.0,No,No,80.0,20.55,24.88,1990.4,0.0,74.4,5.29,79.69,242,19284.98,92.15
2020-04,COVID-19 Collapse,Emirates,EK,Dubai,Nairobi,Boeing 777-200LR,3389,3389.0,0.0,No,No,80.0,20.57,23.55,1884.0,0.0,70.42,4.74,75.16,219,16460.04,91.75
2020-05,COVID-19 Collapse,Emirates,EK,Dubai,Nairobi,Boeing 777-200LR,3389,3389.0,0.0,No,No,80.0,22.26,25.84,2067.2,0.0,77.27,5.7,82.97,222,18419.34,92.42
2020-06,COVID-19 Collapse,Emirates,EK,Dubai,Nairobi,Boeing 777-200LR,3389,3389.0,0.0,No,No,80.0,45.35,54.22,4337.6,0.0,162.13,25.12,187.25,240,44940.0,96.24
2020-07,COVID-19 Collapse,Emirates,EK,Dubai,Nairobi,Boeing 777-200LR,3389,3389.0,0.0,No,No,80.0,44.05,50.34,4027.2,0.0,150.53,21.65,172.18,217,37363.06,95.96
2020-08,COVID-19 Collapse,Emirates,EK,Dubai,Nairobi,Boeing 777-200LR,3389,3389.0,0.0,No,No,80.0,42.08,47.45,3796.0,0.0,141.89,19.24,161.13,220,35448.6,95.73
2020-09,COVID-19 Collapse,Emirates,EK,Dubai,Nairobi,Boeing 777-200LR,3389,3389.0,0.0,No,No,80.0,46.57,53.51,4280.8,0.0,160.01,24.46,184.47,256,47224.32,96.19
2020-10,COVID-19 Collapse,Emirates,EK,Dubai,Nairobi,Boeing 777-200LR,3389,3389.0,0.0,No,No,80.0,39.95,45.39,3631.2,0.0,135.73,17.6,153.33,257,39405.81,95.54
2020-11,COVID-19 Collapse,Emirates,EK,Dubai,Nairobi,Boeing 777-200LR,3389,3389.0,0.0,No,No,80.0,42.09,51.05,4084.0,0.0,152.65,22.27,174.92,219,38307.48,96.02
2020-12,COVID-19 Collapse,Emirates,EK,Dubai,Nairobi,Boeing 777-200LR,3389,3389.0,0.0,No,No,80.0,43.13,51.79,4143.2,0.0,154.87,22.92,177.79,274,48714.46,96.07
2021-01,COVID-19 Collapse,Emirates,EK,Dubai,Nairobi,Boeing 777-200LR,3389,3389.0,0.0,No,No,80.0,75.49,89.33,7146.4,0.0,267.12,68.18,335.3,274,91872.2,97.68
2021-02,COVID-19 Collapse,Emirates,EK,Dubai,Nairobi,Boeing 777-200LR,3389,3389.0,0.0,No,No,80.0,83.06,100.27,8021.6,0.0,299.84,85.9,385.74,238,91806.12,97.93
2021-03,COVID-19 Collapse,Emirates,EK,Dubai,Nairobi,Boeing 777-200LR,3389,3389.0,0.0,No,No,80.0,69.59,83.53,6682.4,0.0,249.78,59.61,309.39,247,76419.33,97.53
2021-04,COVID-19 Collapse,Emirates,EK,Dubai,Nairobi,Boeing 777-200LR,3389,3389.0,0.0,No,No,80.0,76.83,87.48,6998.4,0.0,261.59,65.38,326.97,270,88281.9,97.64
2021-05,COVID-19 Collapse,Emirates,EK,Dubai,Nairobi,Boeing 777-200LR,3389,3389.0,0.0,No,No,80.0,78.63,95.08,7606.4,0.0,284.32,77.24,361.56,267,96536.52,97.82
2021-06,Recovery & Surge,Emirates,EK,Dubai,Nairobi,Boeing 777-200LR,3389,3389.0,0.0,No,No,80.0,66.07,77.56,6204.8,0.0,231.93,51.4,283.33,237,67149.21,97.34
2021-07,Recovery & Surge,Emirates,EK,Dubai,Nairobi,Boeing 777-200LR,3389,3389.0,0.0,No,No,80.0,78.97,94.82,7585.6,0.0,283.54,76.82,360.36,233,83963.88,97.81
2021-08,Recovery & Surge,Emirates,EK,Dubai,Nairobi,Boeing 777-200LR,3389,3389.0,0.0,No,No,80.0,68.92,83.37,6669.6,0.0,249.3,59.38,308.68,259,79948.12,97.52
2021-09,Recovery & Surge,Emirates,EK,Dubai,Nairobi,Boeing 777-200LR,3389,3389.0,0.0,No,No,80.0,66.5,76.59,6127.2,0.0,229.03,50.12,279.15,237,66158.55,97.31
2021-10,Recovery & Surge,Emirates,EK,Dubai,Nairobi,Boeing 777-200LR,3389,3389.0,0.0,No,No,80.0,86.82,98.19,7855.2,0.0,293.62,82.37,375.99,261,98133.39,97.89
2021-11,Recovery & Surge,Emirates,EK,Dubai,Nairobi,Boeing 777-200LR,3389,3389.0,0.0,No,No,80.0,87.21,99.66,7972.8,0.0,298.01,84.86,382.87,219,83848.53,97.92
2021-12,Recovery & Surge,Emirates,EK,Dubai,Nairobi,Boeing 777-200LR,3389,3389.0,0.0,No,No,80.0,83.59,97.19,7775.2,0.0,290.63,80.7,371.33,260,96545.8,97.87
2022-01,Recovery & Surge,Emirates,EK,Dubai,Nairobi,Boeing 777-200LR,3389,3389.0,0.0,No,No,80.0,72.01,86.54,6923.2,0.0,258.78,63.99,322.77,268,86502.36,97.61
2022-02,Recovery & Surge,Emirates,EK,Dubai,Nairobi,Boeing 777-200LR,3389,3389.0,0.0,No,No,80.0,67.25,81.11,6488.8,0.0,242.54,56.21,298.75,277,82753.75,97.46
2022-03,Ukraine War Shock,Emirates,EK,Dubai,Nairobi,Boeing 777-200LR,3389,3389.0,0.0,No,No,80.0,117.58,131.77,10541.6,0.0,394.03,148.35,542.38,244,132340.72,98.42
2022-04,Ukraine War Shock,Emirates,EK,Dubai,Nairobi,Boeing 777-200LR,3389,3389.0,0.0,No,No,80.0,109.53,128.27,10261.6,0.0,383.57,140.57,524.14,252,132083.28,98.38
2022-05,Ukraine War Shock,Emirates,EK,Dubai,Nairobi,Boeing 777-200LR,3389,3389.0,0.0,No,No,80.0,99.03,115.05,9204.0,0.0,344.03,113.09,457.12,231,105594.72,98.19
2022-06,Ukraine War Shock,Emirates,EK,Dubai,Nairobi,Boeing 777-200LR,3389,3389.0,0.0,No,No,80.0,111.34,127.17,10173.6,0.0,380.28,138.17,518.45,221,114577.45,98.36
2022-07,Ukraine War Shock,Emirates,EK,Dubai,Nairobi,Boeing 777-200LR,3389,3389.0,0.0,No,No,80.0,80.69,91.34,7307.2,0.0,273.13,71.28,344.41,222,76459.02,97.73
2022-08,Ukraine War Shock,Emirates,EK,Dubai,Nairobi,Boeing 777-200LR,3389,3389.0,0.0,No,No,80.0,98.19,113.29,9063.2,0.0,338.77,109.66,448.43,273,122421.39,98.16
2022-09,Ukraine War Shock,Emirates,EK,Dubai,Nairobi,Boeing 777-200LR,3389,3389.0,0.0,No,No,80.0,85.18,103.43,8274.4,0.0,309.29,91.4,400.69,250,100172.5,97.99
2022-10,Ukraine War Shock,Emirates,EK,Dubai,Nairobi,Boeing 777-200LR,3389,3389.0,0.0,No,No,80.0,93.25,107.45,8596.0,0.0,321.31,98.64,419.95,238,99948.1,98.07
2022-11,Ukraine War Shock,Emirates,EK,Dubai,Nairobi,Boeing 777-200LR,3389,3389.0,0.0,No,No,80.0,86.23,101.05,8084.0,0.0,302.17,87.24,389.41,274,106698.34,97.95
2022-12,Ukraine War Shock,Emirates,EK,Dubai,Nairobi,Boeing 777-200LR,3389,3389.0,0.0,No,No,80.0,90.4,107.6,8608.0,0.0,321.76,98.92,420.68,218,91708.24,98.07
2023-01,Stabilisation,Emirates,EK,Dubai,Nairobi,Boeing 777-200LR,3389,3389.0,0.0,No,No,80.0,84.29,97.47,7797.6,0.0,291.46,81.17,372.63,254,94648.02,97.87
2023-02,Stabilisation,Emirates,EK,Dubai,Nairobi,Boeing 777-200LR,3389,3389.0,0.0,No,No,80.0,78.14,95.11,7608.8,0.0,284.41,77.29,361.7,269,97297.3,97.82
2023-03,Stabilisation,Emirates,EK,Dubai,Nairobi,Boeing 777-200LR,3389,3389.0,0.0,No,No,80.0,91.48,111.26,8900.8,0.0,332.7,105.76,438.46,219,96022.74,98.13
2023-04,Stabilisation,Emirates,EK,Dubai,Nairobi,Boeing 777-200LR,3389,3389.0,0.0,No,No,80.0,88.18,100.98,8078.4,0.0,301.96,87.12,389.08,219,85208.52,97.95
2023-05,Stabilisation,Emirates,EK,Dubai,Nairobi,Boeing 777-200LR,3389,3389.0,0.0,No,No,80.0,90.97,106.41,8512.8,0.0,318.2,96.74,414.94,212,87967.28,98.05
2023-06,Stabilisation,Emirates,EK,Dubai,Nairobi,Boeing 777-200LR,3389,3389.0,0.0,No,No,80.0,90.21,103.75,8300.0,0.0,310.24,91.96,402.2,280,112616.0,98.0
2023-07,Stabilisation,Emirates,EK,Dubai,Nairobi,Boeing 777-200LR,3389,3389.0,0.0,No,No,80.0,85.16,97.8,7824.0,0.0,292.45,81.72,374.17,261,97658.37,97.88
2023-08,Stabilisation,Emirates,EK,Dubai,Nairobi,Boeing 777-200LR,3389,3389.0,0.0,No,No,80.0,90.67,101.88,8150.4,0.0,304.65,88.68,393.33,215,84565.95,97.96
2023-09,Stabilisation,Emirates,EK,Dubai,Nairobi,Boeing 777-200LR,3389,3389.0,0.0,No,No,80.0,76.5,90.34,7227.2,0.0,270.14,69.73,339.87,260,88366.2,97.71
2023-10,Gaza-Israel Conflict,Emirates,EK,Dubai,Nairobi,Boeing 777-200LR,3389,3389.0,0.0,No,No,80.0,78.33,91.67,7333.6,0.0,274.12,71.8,345.92,232,80253.44,97.74
2023-11,Gaza-Israel Conflict,Emirates,EK,Dubai,Nairobi,Boeing 777-200LR,3389,3389.0,0.0,No,No,80.0,75.77,85.25,6820.0,0.0,254.92,62.09,317.01,218,69108.18,97.58
2023-12,Gaza-Israel Conflict,Emirates,EK,Dubai,Nairobi,Boeing 777-200LR,3389,3389.0,0.0,No,No,80.0,80.53,92.44,7395.2,0.0,276.42,73.01,349.43,284,99238.12,97.76
2024-01,Gaza-Israel Conflict,Emirates,EK,Dubai,Nairobi,Boeing 777-200LR,3389,3389.0,0.0,No,No,80.0,84.61,102.45,8196.0,0.0,306.36,89.68,396.04,223,88316.92,97.97
2024-02,Gaza-Israel Conflict,Emirates,EK,Dubai,Nairobi,Boeing 777-200LR,3389,3389.0,0.0,No,No,80.0,82.61,94.5,7560.0,0.0,282.58,76.3,358.88,269,96538.72,97.81
2024-03,Gaza-Israel Conflict,Emirates,EK,Dubai,Nairobi,Boeing 777-200LR,3389,3389.0,0.0,No,No,80.0,92.09,104.48,8358.4,0.0,312.43,93.26,405.69,276,111970.44,98.01
2024-04,Gaza-Israel Conflict,Emirates,EK,Dubai,Nairobi,Boeing 777-200LR,3389,3389.0,0.0,No,No,80.0,84.06,98.26,7860.8,0.0,293.83,82.49,376.32,249,93703.68,97.89
2024-05,Gaza-Israel Conflict,Emirates,EK,Dubai,Nairobi,Boeing 777-200LR,3389,3389.0,0.0,No,No,80.0,82.78,100.87,8069.6,0.0,301.63,86.93,388.56,283,109962.48,97.94
2024-06,Gaza-Israel Conflict,Emirates,EK,Dubai,Nairobi,Boeing 777-200LR,3389,3389.0,0.0,No,No,80.0,87.23,99.81,7984.8,0.0,298.46,85.11,383.57,218,83618.26,97.92
2024-07,Gaza-Israel Conflict,Emirates,EK,Dubai,Nairobi,Boeing 777-200LR,3389,3389.0,0.0,No,No,80.0,80.4,95.45,7636.0,0.0,285.42,77.84,363.26,282,102439.32,97.83
2024-08,Gaza-Israel Conflict,Emirates,EK,Dubai,Nairobi,Boeing 777-200LR,3389,3389.0,0.0,No,No,80.0,91.64,109.62,8769.6,0.0,327.8,102.67,430.47,215,92551.05,98.1
2024-09,Gaza-Israel Conflict,Emirates,EK,Dubai,Nairobi,Boeing 777-200LR,3389,3389.0,0.0,No,No,80.0,79.27,90.67,7253.6,0.0,271.13,70.24,341.37,245,83635.65,97.72
2024-10,Gaza-Israel Conflict,Emirates,EK,Dubai,Nairobi,Boeing 777-200LR,3389,3389.0,0.0,No,No,80.0,94.78,113.06,9044.8,0.0,338.08,109.21,447.29,274,122557.46,98.16
2024-11,Gaza-Israel Conflict,Emirates,EK,Dubai,Nairobi,Boeing 777-200LR,3389,3389.0,0.0,No,No,80.0,91.13,105.42,8433.6,0.0,315.24,94.95,410.19,251,102957.69,98.03
2024-12,Pre-Iran Escalation,Emirates,EK,Dubai,Nairobi,Boeing 777-200LR,3389,3389.0,0.0,No,No,80.0,81.38,96.29,7703.2,0.0,287.94,79.22,367.16,253,92891.48,97.85
2025-01,Pre-Iran Escalation,Emirates,EK,Dubai,Nairobi,Boeing 777-200LR,3389,3389.0,0.0,No,No,80.0,85.13,100.74,8059.2,0.0,301.24,86.71,387.95,222,86124.9,97.94
2025-02,Pre-Iran Escalation,Emirates,EK,Dubai,Nairobi,Boeing 777-200LR,3389,3389.0,0.0,No,No,80.0,103.76,121.77,9741.6,0.0,364.13,126.69,490.82,283,138902.06,98.29
2025-03,Pre-Iran Escalation,Emirates,EK,Dubai,Nairobi,Boeing 777-200LR,3389,3389.0,0.0,No,No,80.0,101.26,114.33,9146.4,0.0,341.88,111.68,453.56,227,102958.12,98.18
2025-04,Pre-Iran Escalation,Emirates,EK,Dubai,Nairobi,Boeing 777-200LR,3389,3389.0,0.0,No,No,80.0,101.77,122.48,9798.4,0.0,366.25,128.17,494.42,274,135471.08,98.3
2025-05,Pre-Iran Escalation,Emirates,EK,Dubai,Nairobi,Boeing 777-200LR,3389,3389.0,0.0,No,No,80.0,102.74,118.36,9468.8,0.0,353.93,119.69,473.62,281,133087.22,98.24
2025-06,Pre-Iran Escalation,Emirates,EK,Dubai,Nairobi,Boeing 777-200LR,3389,3389.0,0.0,No,No,80.0,86.7,98.72,7897.6,0.0,295.2,83.26,378.46,231,87424.26,97.9
2025-07,Pre-Iran Escalation,Emirates,EK,Dubai,Nairobi,Boeing 777-200LR,3389,3389.0,0.0,No,No,80.0,93.24,104.81,8384.8,0.0,313.41,93.85,407.26,264,107516.64,98.02
2025-08,Pre-Iran Escalation,Emirates,EK,Dubai,Nairobi,Boeing 777-200LR,3389,3389.0,0.0,No,No,80.0,87.66,103.36,8268.8,0.0,309.08,91.28,400.36,216,86477.76,97.99
2025-09,Pre-Iran Escalation,Emirates,EK,Dubai,Nairobi,Boeing 777-200LR,3389,3389.0,0.0,No,No,80.0,104.85,124.54,9963.2,0.0,372.41,132.51,504.92,265,133803.8,98.33
2025-10,Pre-Iran Escalation,Emirates,EK,Dubai,Nairobi,Boeing 777-200LR,3389,3389.0,0.0,No,No,80.0,99.34,111.43,8914.4,0.0,333.21,106.08,439.29,246,108065.34,98.13
2025-11,Pre-Iran Escalation,Emirates,EK,Dubai,Nairobi,Boeing 777-200LR,3389,3389.0,0.0,No,No,80.0,92.61,108.47,8677.6,0.0,324.36,100.52,424.88,218,92623.84,98.08
2025-12,US-Iran War Conflict,Emirates,EK,Dubai,Nairobi,Boeing 777-200LR,3389,4176.0,787.0,Yes,Yes,98.6,122.22,139.65,13769.49,3197.58,417.59,166.62,584.21,0,0.0,98.78
2026-01,US-Iran War Conflict,Emirates,EK,Dubai,Nairobi,Boeing 777-200LR,3389,3757.0,368.0,Yes,No,88.7,130.88,155.03,13751.16,1493.19,463.59,205.34,668.93,249,166563.57,98.78
2026-02,US-Iran War Conflict,Emirates,EK,Dubai,Nairobi,Boeing 777-200LR,3389,3848.0,459.0,Yes,No,90.8,155.73,177.13,16083.4,2178.31,529.67,238.35,768.02,263,201989.26,98.96
2026-03,US-Iran War Conflict,Emirates,EK,Dubai,Nairobi,Boeing 777-200LR,3389,4022.0,633.0,Yes,No,94.9,169.08,201.05,19079.65,3563.71,601.2,270.54,871.74,224,195269.76,99.12
2026-04,De-escalation & Negotiations,Emirates,EK,Dubai,Nairobi,Boeing 777-200LR,3389,3480.0,91.0,Yes,No,82.2,111.38,129.05,10607.91,284.84,385.9,142.29,528.19,262,138385.78,98.43
2026-05,De-escalation & Negotiations,Emirates,EK,Dubai,Nairobi,Boeing 777-200LR,3389,3583.0,194.0,Yes,No,84.6,104.87,127.28,10767.89,616.4,380.6,138.41,519.01,233,120929.33,98.45
2026-06,De-escalation & Negotiations,Emirates,EK,Dubai,Nairobi,Boeing 777-200LR,3389,3536.0,147.0,Yes,No,83.5,92.83,105.25,8788.38,381.2,314.73,94.64,409.37,245,100295.65,98.11
2019-01,Pre-Pandemic Baseline,Emirates,EK,Dubai,Karachi,Boeing 777-300ER,1248,1248.0,0.0,No,No,35.0,63.0,71.31,2495.85,0.0,78.52,16.0,94.52,219,20699.88,97.56
2019-02,Pre-Pandemic Baseline,Emirates,EK,Dubai,Karachi,Boeing 777-300ER,1248,1248.0,0.0,No,No,35.0,67.61,80.55,2819.25,0.0,88.7,20.41,109.11,256,27932.16,97.83
2019-03,Pre-Pandemic Baseline,Emirates,EK,Dubai,Karachi,Boeing 777-300ER,1248,1248.0,0.0,No,No,35.0,65.86,78.77,2756.95,0.0,86.74,19.52,106.26,229,24333.54,97.79
2019-04,Pre-Pandemic Baseline,Emirates,EK,Dubai,Karachi,Boeing 777-300ER,1248,1248.0,0.0,No,No,35.0,64.79,76.2,2667.0,0.0,83.91,18.27,102.18,244,24931.92,97.71
2019-05,Pre-Pandemic Baseline,Emirates,EK,Dubai,Karachi,Boeing 777-300ER,1248,1248.0,0.0,No,No,35.0,61.25,73.32,2566.2,0.0,80.74,16.91,97.65,215,20994.75,97.63
2019-06,Pre-Pandemic Baseline,Emirates,EK,Dubai,Karachi,Boeing 777-300ER,1248,1248.0,0.0,No,No,35.0,61.25,71.62,2506.7,0.0,78.87,16.14,95.01,256,24322.56,97.57
2019-07,Pre-Pandemic Baseline,Emirates,EK,Dubai,Karachi,Boeing 777-300ER,1248,1248.0,0.0,No,No,35.0,60.46,70.88,2480.8,0.0,78.05,15.81,93.86,272,25529.92,97.55
2019-08,Pre-Pandemic Baseline,Emirates,EK,Dubai,Karachi,Boeing 777-300ER,1248,1248.0,0.0,No,No,35.0,66.93,77.82,2723.7,0.0,85.69,19.05,104.74,252,26394.48,97.76
2019-09,Pre-Pandemic Baseline,Emirates,EK,Dubai,Karachi,Boeing 777-300ER,1248,1248.0,0.0,No,No,35.0,64.81,72.75,2546.25,0.0,80.11,16.65,96.76,254,24577.04,97.61
2019-10,Pre-Pandemic Baseline,Emirates,EK,Dubai,Karachi,Boeing 777-300ER,1248,1248.0,0.0,No,No,35.0,65.66,74.25,2598.75,0.0,81.76,17.34,99.1,260,25766.0,97.66
2019-11,Pre-Pandemic Baseline,Emirates,EK,Dubai,Karachi,Boeing 777-300ER,1248,1248.0,0.0,No,No,35.0,60.16,67.57,2364.95,0.0,74.41,14.37,88.78,224,19886.72,97.43
2019-12,Pre-Pandemic Baseline,Emirates,EK,Dubai,Karachi,Boeing 777-300ER,1248,1248.0,0.0,No,No,35.0,67.76,80.2,2807.0,0.0,88.31,20.24,108.55,215,23338.25,97.83
2020-01,Pre-Pandemic Baseline,Emirates,EK,Dubai,Karachi,Boeing 777-300ER,1248,1248.0,0.0,No,No,35.0,66.66,76.75,2686.25,0.0,84.52,18.53,103.05,274,28235.7,97.73
2020-02,Pre-Pandemic Baseline,Emirates,EK,Dubai,Karachi,Boeing 777-300ER,1248,1248.0,0.0,No,No,35.0,61.7,72.24,2528.4,0.0,79.55,16.42,95.97,273,26199.81,97.59
2020-03,COVID-19 Collapse,Emirates,EK,Dubai,Karachi,Boeing 777-300ER,1248,1248.0,0.0,No,No,35.0,20.55,24.88,870.8,0.0,27.4,1.95,29.35,250,7337.5,93.31
2020-04,COVID-19 Collapse,Emirates,EK,Dubai,Karachi,Boeing 777-300ER,1248,1248.0,0.0,No,No,35.0,20.57,23.55,824.25,0.0,25.93,1.74,27.67,224,6198.08,92.96
2020-05,COVID-19 Collapse,Emirates,EK,Dubai,Karachi,Boeing 777-300ER,1248,1248.0,0.0,No,No,35.0,22.26,25.84,904.4,0.0,28.45,2.1,30.55,271,8279.05,93.55
2020-06,COVID-19 Collapse,Emirates,EK,Dubai,Karachi,Boeing 777-300ER,1248,1248.0,0.0,No,No,35.0,45.35,54.22,1897.7,0.0,59.71,9.25,68.96,226,15584.96,96.82
2020-07,COVID-19 Collapse,Emirates,EK,Dubai,Karachi,Boeing 777-300ER,1248,1248.0,0.0,No,No,35.0,44.05,50.34,1761.9,0.0,55.43,7.97,63.4,274,17371.6,96.58
2020-08,COVID-19 Collapse,Emirates,EK,Dubai,Karachi,Boeing 777-300ER,1248,1248.0,0.0,No,No,35.0,42.08,47.45,1660.75,0.0,52.25,7.08,59.33,241,14298.53,96.38
2020-09,COVID-19 Collapse,Emirates,EK,Dubai,Karachi,Boeing 777-300ER,1248,1248.0,0.0,No,No,35.0,46.57,53.51,1872.85,0.0,58.92,9.01,67.93,214,14537.02,96.78
2020-10,COVID-19 Collapse,Emirates,EK,Dubai,Karachi,Boeing 777-300ER,1248,1248.0,0.0,No,No,35.0,39.95,45.39,1588.65,0.0,49.98,6.48,56.46,271,15300.66,96.22
2020-11,COVID-19 Collapse,Emirates,EK,Dubai,Karachi,Boeing 777-300ER,1248,1248.0,0.0,No,No,35.0,42.09,51.05,1786.75,0.0,56.22,8.2,64.42,252,16233.84,96.63
2020-12,COVID-19 Collapse,Emirates,EK,Dubai,Karachi,Boeing 777-300ER,1248,1248.0,0.0,No,No,35.0,43.13,51.79,1812.65,0.0,57.03,8.44,65.47,233,15254.51,96.67
2021-01,COVID-19 Collapse,Emirates,EK,Dubai,Karachi,Boeing 777-300ER,1248,1248.0,0.0,No,No,35.0,75.49,89.33,3126.55,0.0,98.37,25.11,123.48,243,30005.64,98.04
2021-02,COVID-19 Collapse,Emirates,EK,Dubai,Karachi,Boeing 777-300ER,1248,1248.0,0.0,No,No,35.0,83.06,100.27,3509.45,0.0,110.41,31.63,142.04,276,39203.04,98.25
2021-03,COVID-19 Collapse,Emirates,EK,Dubai,Karachi,Boeing 777-300ER,1248,1248.0,0.0,No,No,35.0,69.59,83.53,2923.55,0.0,91.98,21.95,113.93,225,25634.25,97.91
2021-04,COVID-19 Collapse,Emirates,EK,Dubai,Karachi,Boeing 777-300ER,1248,1248.0,0.0,No,No,35.0,76.83,87.48,3061.8,0.0,96.33,24.08,120.41,217,26128.97,98.0
2021-05,COVID-19 Collapse,Emirates,EK,Dubai,Karachi,Boeing 777-300ER,1248,1248.0,0.0,No,No,35.0,78.63,95.08,3327.8,0.0,104.7,28.44,133.14,268,35681.52,98.16
2021-06,Recovery & Surge,Emirates,EK,Dubai,Karachi,Boeing 777-300ER,1248,1248.0,0.0,No,No,35.0,66.07,77.56,2714.6,0.0,85.41,18.93,104.34,256,26711.04,97.75
2021-07,Recovery & Surge,Emirates,EK,Dubai,Karachi,Boeing 777-300ER,1248,1248.0,0.0,No,No,35.0,78.97,94.82,3318.7,0.0,104.41,28.29,132.7,275,36492.5,98.15
2021-08,Recovery & Surge,Emirates,EK,Dubai,Karachi,Boeing 777-300ER,1248,1248.0,0.0,No,No,35.0,68.92,83.37,2917.95,0.0,91.81,21.87,113.68,233,26487.44,97.91
2021-09,Recovery & Surge,Emirates,EK,Dubai,Karachi,Boeing 777-300ER,1248,1248.0,0.0,No,No,35.0,66.5,76.59,2680.65,0.0,84.34,18.46,102.8,252,25905.6,97.73
2021-10,Recovery & Surge,Emirates,EK,Dubai,Karachi,Boeing 777-300ER,1248,1248.0,0.0,No,No,35.0,86.82,98.19,3436.65,0.0,108.12,30.33,138.45,213,29489.85,98.22
2021-11,Recovery & Surge,Emirates,EK,Dubai,Karachi,Boeing 777-300ER,1248,1248.0,0.0,No,No,35.0,87.21,99.66,3488.1,0.0,109.74,31.25,140.99,273,38490.27,98.24
2021-12,Recovery & Surge,Emirates,EK,Dubai,Karachi,Boeing 777-300ER,1248,1248.0,0.0,No,No,35.0,83.59,97.19,3401.65,0.0,107.02,29.72,136.74,224,30629.76,98.2
2022-01,Recovery & Surge,Emirates,EK,Dubai,Karachi,Boeing 777-300ER,1248,1248.0,0.0,No,No,35.0,72.01,86.54,3028.9,0.0,95.3,23.56,118.86,218,25911.48,97.98
2022-02,Recovery & Surge,Emirates,EK,Dubai,Karachi,Boeing 777-300ER,1248,1248.0,0.0,No,No,35.0,67.25,81.11,2838.85,0.0,89.32,20.7,110.02,246,27064.92,97.85
2022-03,Ukraine War Shock,Emirates,EK,Dubai,Karachi,Boeing 777-300ER,1248,1248.0,0.0,No,No,35.0,117.58,131.77,4611.95,0.0,145.1,54.63,199.73,265,52928.45,98.67
2022-04,Ukraine War Shock,Emirates,EK,Dubai,Karachi,Boeing 777-300ER,1248,1248.0,0.0,No,No,35.0,109.53,128.27,4489.45,0.0,141.25,51.77,193.02,225,43429.5,98.63
2022-05,Ukraine War Shock,Emirates,EK,Dubai,Karachi,Boeing 777-300ER,1248,1248.0,0.0,No,No,35.0,99.03,115.05,4026.75,0.0,126.69,41.64,168.33,227,38210.91,98.47
2022-06,Ukraine War Shock,Emirates,EK,Dubai,Karachi,Boeing 777-300ER,1248,1248.0,0.0,No,No,35.0,111.34,127.17,4450.95,0.0,140.04,50.88,190.92,233,44484.36,98.62
2022-07,Ukraine War Shock,Emirates,EK,Dubai,Karachi,Boeing 777-300ER,1248,1248.0,0.0,No,No,35.0,80.69,91.34,3196.9,0.0,100.58,26.25,126.83,270,34244.1,98.09
2022-08,Ukraine War Shock,Emirates,EK,Dubai,Karachi,Boeing 777-300ER,1248,1248.0,0.0,No,Yes,35.0,98.19,113.29,3965.15,0.0,124.75,40.38,165.13,0,0.0,98.45
2022-09,Ukraine War Shock,Emirates,EK,Dubai,Karachi,Boeing 777-300ER,1248,1248.0,0.0,No,No,35.0,85.18,103.43,3620.05,0.0,113.89,33.66,147.55,230,33936.5,98.31
2022-10,Ukraine War Shock,Emirates,EK,Dubai,Karachi,Boeing 777-300ER,1248,1248.0,0.0,No,No,35.0,93.25,107.45,3760.75,0.0,118.32,36.32,154.64,229,35412.56,98.37
2022-11,Ukraine War Shock,Emirates,EK,Dubai,Karachi,Boeing 777-300ER,1248,1248.0,0.0,No,No,35.0,86.23,101.05,3536.75,0.0,111.27,32.13,143.4,277,39721.8,98.27
2022-12,Ukraine War Shock,Emirates,EK,Dubai,Karachi,Boeing 777-300ER,1248,1248.0,0.0,No,No,35.0,90.4,107.6,3766.0,0.0,118.49,36.43,154.92,256,39659.52,98.37
2023-01,Stabilisation,Emirates,EK,Dubai,Karachi,Boeing 777-300ER,1248,1248.0,0.0,No,No,35.0,84.29,97.47,3411.45,0.0,107.33,29.89,137.22,226,31011.72,98.2
2023-02,Stabilisation,Emirates,EK,Dubai,Karachi,Boeing 777-300ER,1248,1248.0,0.0,No,No,35.0,78.14,95.11,3328.85,0.0,104.73,28.46,133.19,220,29301.8,98.16
2023-03,Stabilisation,Emirates,EK,Dubai,Karachi,Boeing 777-300ER,1248,1248.0,0.0,No,No,35.0,91.48,111.26,3894.1,0.0,122.52,38.95,161.47,214,34554.58,98.42
2023-04,Stabilisation,Emirates,EK,Dubai,Karachi,Boeing 777-300ER,1248,1248.0,0.0,No,No,35.0,88.18,100.98,3534.3,0.0,111.2,32.08,143.28,228,32667.84,98.27
2023-05,Stabilisation,Emirates,EK,Dubai,Karachi,Boeing 777-300ER,1248,1248.0,0.0,No,No,35.0,90.97,106.41,3724.35,0.0,117.18,35.63,152.81,264,40341.84,98.35
2023-06,Stabilisation,Emirates,EK,Dubai,Karachi,Boeing 777-300ER,1248,1248.0,0.0,No,No,35.0,90.21,103.75,3631.25,0.0,114.25,33.87,148.12,237,35104.44,98.31
2023-07,Stabilisation,Emirates,EK,Dubai,Karachi,Boeing 777-300ER,1248,1248.0,0.0,No,No,35.0,85.16,97.8,3423.0,0.0,107.7,30.09,137.79,282,38856.78,98.21
2023-08,Stabilisation,Emirates,EK,Dubai,Karachi,Boeing 777-300ER,1248,1248.0,0.0,No,No,35.0,90.67,101.88,3565.8,0.0,112.19,32.66,144.85,234,33894.9,98.28
2023-09,Stabilisation,Emirates,EK,Dubai,Karachi,Boeing 777-300ER,1248,1248.0,0.0,No,No,35.0,76.5,90.34,3161.9,0.0,99.48,25.68,125.16,221,27660.36,98.06
2023-10,Gaza-Israel Conflict,Emirates,EK,Dubai,Karachi,Boeing 777-300ER,1248,1248.0,0.0,No,No,35.0,78.33,91.67,3208.45,0.0,100.94,26.44,127.38,223,28405.74,98.09
2023-11,Gaza-Israel Conflict,Emirates,EK,Dubai,Karachi,Boeing 777-300ER,1248,1248.0,0.0,No,No,35.0,75.77,85.25,2983.75,0.0,93.88,22.87,116.75,246,28720.5,97.95
2023-12,Gaza-Israel Conflict,Emirates,EK,Dubai,Karachi,Boeing 777-300ER,1248,1248.0,0.0,No,No,35.0,80.53,92.44,3235.4,0.0,101.79,26.88,128.67,280,36027.6,98.11
2024-01,Gaza-Israel Conflict,Emirates,EK,Dubai,Karachi,Boeing 777-300ER,1248,1248.0,0.0,No,No,35.0,84.61,102.45,3585.75,0.0,112.82,33.02,145.84,277,40397.68,98.29
2024-02,Gaza-Israel Conflict,Emirates,EK,Dubai,Karachi,Boeing 777-300ER,1248,1248.0,0.0,No,No,35.0,82.61,94.5,3307.5,0.0,104.06,28.1,132.16,223,29471.68,98.15
2024-03,Gaza-Israel Conflict,Emirates,EK,Dubai,Karachi,Boeing 777-300ER,1248,1248.0,0.0,No,No,35.0,92.09,104.48,3656.8,0.0,115.05,34.34,149.39,266,39737.74,98.32
2024-04,Gaza-Israel Conflict,Emirates,EK,Dubai,Karachi,Boeing 777-300ER,1248,1248.0,0.0,No,No,35.0,84.06,98.26,3439.1,0.0,108.2,30.38,138.58,266,36862.28,98.22
2024-05,Gaza-Israel Conflict,Emirates,EK,Dubai,Karachi,Boeing 777-300ER,1248,1248.0,0.0,No,No,35.0,82.78,100.87,3530.45,0.0,111.08,32.01,143.09,222,31765.98,98.26
2024-06,Gaza-Israel Conflict,Emirates,EK,Dubai,Karachi,Boeing 777-300ER,1248,1248.0,0.0,No,No,35.0,87.23,99.81,3493.35,0.0,109.91,31.34,141.25,232,32770.0,98.25
2024-07,Gaza-Israel Conflict,Emirates,EK,Dubai,Karachi,Boeing 777-300ER,1248,1248.0,0.0,No,No,35.0,80.4,95.45,3340.75,0.0,105.11,28.66,133.77,215,28760.55,98.17
2024-08,Gaza-Israel Conflict,Emirates,EK,Dubai,Karachi,Boeing 777-300ER,1248,1248.0,0.0,No,No,35.0,91.64,109.62,3836.7,0.0,120.71,37.81,158.52,215,34081.8,98.4
2024-09,Gaza-Israel Conflict,Emirates,EK,Dubai,Karachi,Boeing 777-300ER,1248,1248.0,0.0,No,No,35.0,79.27,90.67,3173.45,0.0,99.84,25.86,125.7,243,30545.1,98.07
2024-10,Gaza-Israel Conflict,Emirates,EK,Dubai,Karachi,Boeing 777-300ER,1248,1248.0,0.0,No,No,35.0,94.78,113.06,3957.1,0.0,124.5,40.22,164.72,246,40521.12,98.45
2024-11,Gaza-Israel Conflict,Emirates,EK,Dubai,Karachi,Boeing 777-300ER,1248,1248.0,0.0,No,No,35.0,91.13,105.42,3689.7,0.0,116.09,34.97,151.06,212,32024.72,98.34
2024-12,Pre-Iran Escalation,Emirates,EK,Dubai,Karachi,Boeing 777-300ER,1248,1248.0,0.0,No,No,35.0,81.38,96.29,3370.15,0.0,106.03,29.17,135.2,282,38126.4,98.18
2025-01,Pre-Iran Escalation,Emirates,EK,Dubai,Karachi,Boeing 777-300ER,1248,1248.0,0.0,No,No,35.0,85.13,100.74,3525.9,0.0,110.93,31.93,142.86,246,35143.56,98.26
2025-02,Pre-Iran Escalation,Emirates,EK,Dubai,Karachi,Boeing 777-300ER,1248,1248.0,0.0,No,No,35.0,103.76,121.77,4261.95,0.0,134.09,46.65,180.74,269,48619.06,98.56
2025-03,Pre-Iran Escalation,Emirates,EK,Dubai,Karachi,Boeing 777-300ER,1248,1248.0,0.0,No,No,35.0,101.26,114.33,4001.55,0.0,125.9,41.13,167.03,257,42926.71,98.46
2025-04,Pre-Iran Escalation,Emirates,EK,Dubai,Karachi,Boeing 777-300ER,1248,1248.0,0.0,No,No,35.0,101.77,122.48,4286.8,0.0,134.87,47.2,182.07,256,46609.92,98.57
2025-05,Pre-Iran Escalation,Emirates,EK,Dubai,Karachi,Boeing 777-300ER,1248,1248.0,0.0,No,No,35.0,102.74,118.36,4142.6,0.0,130.34,44.08,174.42,232,40465.44,98.52
2025-06,Pre-Iran Escalation,Emirates,EK,Dubai,Karachi,Boeing 777-300ER,1248,1248.0,0.0,No,No,35.0,86.7,98.72,3455.2,0.0,108.71,30.66,139.37,276,38466.12,98.23
2025-07,Pre-Iran Escalation,Emirates,EK,Dubai,Karachi,Boeing 777-300ER,1248,1248.0,0.0,No,No,35.0,93.24,104.81,3668.35,0.0,115.41,34.56,149.97,232,34793.04,98.33
2025-08,Pre-Iran Escalation,Emirates,EK,Dubai,Karachi,Boeing 777-300ER,1248,1248.0,0.0,No,No,35.0,87.66,103.36,3617.6,0.0,113.82,33.61,147.43,281,41427.83,98.3
2025-09,Pre-Iran Escalation,Emirates,EK,Dubai,Karachi,Boeing 777-300ER,1248,1248.0,0.0,No,No,35.0,104.85,124.54,4358.9,0.0,137.14,48.8,185.94,212,39419.28,98.59
2025-10,Pre-Iran Escalation,Emirates,EK,Dubai,Karachi,Boeing 777-300ER,1248,1248.0,0.0,No,No,35.0,99.34,111.43,3900.05,0.0,122.7,39.06,161.76,218,35263.68,98.43
2025-11,Pre-Iran Escalation,Emirates,EK,Dubai,Karachi,Boeing 777-300ER,1248,1248.0,0.0,No,No,35.0,92.61,108.47,3796.45,0.0,119.44,37.02,156.46,264,41305.44,98.38
2025-12,US-Iran War Conflict,Emirates,EK,Dubai,Karachi,Boeing 777-300ER,1248,1248.0,0.0,No,No,35.0,122.22,139.65,4887.75,0.0,153.78,61.36,215.14,255,54860.7,98.74
2026-01,US-Iran War Conflict,Emirates,EK,Dubai,Karachi,Boeing 777-300ER,1248,1248.0,0.0,No,No,35.0,130.88,155.03,5426.05,0.0,170.72,75.62,246.34,263,64787.42,98.86
2026-02,US-Iran War Conflict,Emirates,EK,Dubai,Karachi,Boeing 777-300ER,1248,1248.0,0.0,No,No,35.0,155.73,177.13,6199.55,0.0,195.05,87.77,282.82,258,72967.56,99.0
2026-03,US-Iran War Conflict,Emirates,EK,Dubai,Karachi,Boeing 777-300ER,1248,1248.0,0.0,No,No,35.0,169.08,201.05,7036.75,0.0,221.39,99.63,321.02,249,79933.98,99.12
2026-04,De-escalation & Negotiations,Emirates,EK,Dubai,Karachi,Boeing 777-300ER,1248,1248.0,0.0,No,No,35.0,111.38,129.05,4516.75,0.0,142.11,52.4,194.51,212,41236.12,98.64
2026-05,De-escalation & Negotiations,Emirates,EK,Dubai,Karachi,Boeing 777-300ER,1248,1248.0,0.0,No,No,35.0,104.87,127.28,4454.8,0.0,140.16,50.97,191.13,270,51605.1,98.62
2026-06,De-escalation & Negotiations,Emirates,EK,Dubai,Karachi,Boeing 777-300ER,1248,1248.0,0.0,No,No,35.0,92.83,105.25,3683.75,0.0,115.9,34.85,150.75,248,37386.0,98.33
2019-01,Pre-Pandemic Baseline,Emirates,EK,Dubai,Delhi,Boeing 777-300ER,2195,2195.0,0.0,No,No,52.0,63.0,71.31,3708.12,0.0,138.11,28.14,166.25,217,36076.25,97.13
2019-02,Pre-Pandemic Baseline,Emirates,EK,Dubai,Delhi,Boeing 777-300ER,2195,2195.0,0.0,No,No,52.0,67.61,80.55,4188.6,0.0,156.01,35.9,191.91,224,42987.84,97.45
2019-03,Pre-Pandemic Baseline,Emirates,EK,Dubai,Delhi,Boeing 777-300ER,2195,2195.0,0.0,No,No,52.0,65.86,78.77,4096.04,0.0,152.56,34.33,186.89,259,48404.51,97.39
2019-04,Pre-Pandemic Baseline,Emirates,EK,Dubai,Delhi,Boeing 777-300ER,2195,2195.0,0.0,No,No,52.0,64.79,76.2,3962.4,0.0,147.58,32.13,179.71,215,38637.65,97.3
2019-05,Pre-Pandemic Baseline,Emirates,EK,Dubai,Delhi,Boeing 777-300ER,2195,2195.0,0.0,No,No,52.0,61.25,73.32,3812.64,0.0,142.0,29.75,171.75,275,47231.25,97.2
2019-06,Pre-Pandemic Baseline,Emirates,EK,Dubai,Delhi,Boeing 777-300ER,2195,2195.0,0.0,No,No,52.0,61.25,71.62,3724.24,0.0,138.71,28.38,167.09,269,44947.21,97.14
2019-07,Pre-Pandemic Baseline,Emirates,EK,Dubai,Delhi,Boeing 777-300ER,2195,2195.0,0.0,No,No,52.0,60.46,70.88,3685.76,0.0,137.28,27.8,165.08,232,38298.56,97.11
2019-08,Pre-Pandemic Baseline,Emirates,EK,Dubai,Delhi,Boeing 777-300ER,2195,2195.0,0.0,No,No,52.0,66.93,77.82,4046.64,0.0,150.72,33.51,184.23,276,50847.48,97.36
2019-09,Pre-Pandemic Baseline,Emirates,EK,Dubai,Delhi,Boeing 777-300ER,2195,2195.0,0.0,No,No,52.0,64.81,72.75,3783.0,0.0,140.9,29.29,170.19,276,46972.44,97.18
2019-10,Pre-Pandemic Baseline,Emirates,EK,Dubai,Delhi,Boeing 777-300ER,2195,2195.0,0.0,No,No,52.0,65.66,74.25,3861.0,0.0,143.8,30.51,174.31,272,47412.32,97.24
2019-11,Pre-Pandemic Baseline,Emirates,EK,Dubai,Delhi,Boeing 777-300ER,2195,2195.0,0.0,No,No,52.0,60.16,67.57,3513.64,0.0,130.87,25.27,156.14,233,36380.62,96.97
2019-12,Pre-Pandemic Baseline,Emirates,EK,Dubai,Delhi,Boeing 777-300ER,2195,2195.0,0.0,No,No,52.0,67.76,80.2,4170.4,0.0,155.33,35.59,190.92,259,49448.28,97.44
2020-01,Pre-Pandemic Baseline,Emirates,EK,Dubai,Delhi,Boeing 777-300ER,2195,2195.0,0.0,No,No,52.0,66.66,76.75,3991.0,0.0,148.65,32.6,181.25,243,44043.75,97.32
2020-02,Pre-Pandemic Baseline,Emirates,EK,Dubai,Delhi,Boeing 777-300ER,2195,2195.0,0.0,No,No,52.0,61.7,72.24,3756.48,0.0,139.91,28.88,168.79,250,42197.5,97.16
2020-03,COVID-19 Collapse,Emirates,EK,Dubai,Delhi,Boeing 777-300ER,2195,2195.0,0.0,No,No,52.0,20.55,24.88,1293.76,0.0,48.19,3.43,51.62,240,12388.8,92.18
2020-04,COVID-19 Collapse,Emirates,EK,Dubai,Delhi,Boeing 777-300ER,2195,2195.0,0.0,No,No,52.0,20.57,23.55,1224.6,0.0,45.61,3.07,48.68,210,10222.8,91.78
2020-05,COVID-19 Collapse,Emirates,EK,Dubai,Delhi,Boeing 777-300ER,2195,2195.0,0.0,No,No,52.0,22.26,25.84,1343.68,0.0,50.05,3.7,53.75,210,11287.5,92.45
2020-06,COVID-19 Collapse,Emirates,EK,Dubai,Delhi,Boeing 777-300ER,2195,2195.0,0.0,No,No,52.0,45.35,54.22,2819.44,0.0,105.01,16.27,121.28,267,32381.76,96.25
2020-07,COVID-19 Collapse,Emirates,EK,Dubai,Delhi,Boeing 777-300ER,2195,2195.0,0.0,No,No,52.0,44.05,50.34,2617.68,0.0,97.5,14.02,111.52,280,31225.6,95.98
2020-08,COVID-19 Collapse,Emirates,EK,Dubai,Delhi,Boeing 777-300ER,2195,2195.0,0.0,No,No,52.0,42.08,47.45,2467.4,0.0,91.9,12.46,104.36,227,23689.72,95.74
2020-09,COVID-19 Collapse,Emirates,EK,Dubai,Delhi,Boeing 777-300ER,2195,2195.0,0.0,No,No,52.0,46.57,53.51,2782.52,0.0,103.64,15.85,119.49,250,29872.5,96.21
2020-10,COVID-19 Collapse,Emirates,EK,Dubai,Delhi,Boeing 777-300ER,2195,2195.0,0.0,No,No,52.0,39.95,45.39,2360.28,0.0,87.91,11.4,99.31,232,23039.92,95.56
2020-11,COVID-19 Collapse,Emirates,EK,Dubai,Delhi,Boeing 777-300ER,2195,2195.0,0.0,No,No,52.0,42.09,51.05,2654.6,0.0,98.87,14.42,113.29,245,27756.05,96.03
2020-12,COVID-19 Collapse,Emirates,EK,Dubai,Delhi,Boeing 777-300ER,2195,2195.0,0.0,No,No,52.0,43.13,51.79,2693.08,0.0,100.31,14.84,115.15,218,25102.7,96.08
2021-01,COVID-19 Collapse,Emirates,EK,Dubai,Delhi,Boeing 777-300ER,2195,2195.0,0.0,No,No,52.0,75.49,89.33,4645.16,0.0,173.01,44.16,217.17,264,57332.88,97.69
2021-02,COVID-19 Collapse,Emirates,EK,Dubai,Delhi,Boeing 777-300ER,2195,2195.0,0.0,No,No,52.0,83.06,100.27,5214.04,0.0,194.2,55.64,249.84,248,61960.32,97.94
2021-03,COVID-19 Collapse,Emirates,EK,Dubai,Delhi,Boeing 777-300ER,2195,2195.0,0.0,No,No,52.0,69.59,83.53,4343.56,0.0,161.78,38.61,200.39,233,46690.87,97.54
2021-04,COVID-19 Collapse,Emirates,EK,Dubai,Delhi,Boeing 777-300ER,2195,2195.0,0.0,No,No,52.0,76.83,87.48,4548.96,0.0,169.43,42.35,211.78,259,54851.02,97.64
2021-05,COVID-19 Collapse,Emirates,EK,Dubai,Delhi,Boeing 777-300ER,2195,2195.0,0.0,No,No,52.0,78.63,95.08,4944.16,0.0,184.15,50.03,234.18,248,58076.64,97.83
2021-06,Recovery & Surge,Emirates,EK,Dubai,Delhi,Boeing 777-300ER,2195,2195.0,0.0,No,No,52.0,66.07,77.56,4033.12,0.0,150.22,33.29,183.51,240,44042.4,97.35
2021-07,Recovery & Surge,Emirates,EK,Dubai,Delhi,Boeing 777-300ER,2195,2195.0,0.0,No,No,52.0,78.97,94.82,4930.64,0.0,183.64,49.75,233.39,249,58114.11,97.82
2021-08,Recovery & Surge,Emirates,EK,Dubai,Delhi,Boeing 777-300ER,2195,2195.0,0.0,No,No,52.0,68.92,83.37,4335.24,0.0,161.47,38.46,199.93,281,56180.33,97.53
2021-09,Recovery & Surge,Emirates,EK,Dubai,Delhi,Boeing 777-300ER,2195,2195.0,0.0,No,No,52.0,66.5,76.59,3982.68,0.0,148.34,32.46,180.8,215,38872.0,97.32
2021-10,Recovery & Surge,Emirates,EK,Dubai,Delhi,Boeing 777-300ER,2195,2195.0,0.0,No,No,52.0,86.82,98.19,5105.88,0.0,190.17,53.35,243.52,279,67942.08,97.9
2021-11,Recovery & Surge,Emirates,EK,Dubai,Delhi,Boeing 777-300ER,2195,2195.0,0.0,No,No,52.0,87.21,99.66,5182.32,0.0,193.02,54.96,247.98,219,54307.62,97.93
2021-12,Recovery & Surge,Emirates,EK,Dubai,Delhi,Boeing 777-300ER,2195,2195.0,0.0,No,No,52.0,83.59,97.19,5053.88,0.0,188.23,52.27,240.5,225,54112.5,97.87
2022-01,Recovery & Surge,Emirates,EK,Dubai,Delhi,Boeing 777-300ER,2195,2195.0,0.0,No,No,52.0,72.01,86.54,4500.08,0.0,167.61,41.44,209.05,283,59161.15,97.62
2022-02,Recovery & Surge,Emirates,EK,Dubai,Delhi,Boeing 777-300ER,2195,2195.0,0.0,No,No,52.0,67.25,81.11,4217.72,0.0,157.09,36.4,193.49,270,52242.3,97.46
2022-03,Ukraine War Shock,Emirates,EK,Dubai,Delhi,Boeing 777-300ER,2195,2195.0,0.0,No,Yes,52.0,117.58,131.77,6852.04,0.0,255.21,96.08,351.29,0,0.0,98.42
2022-04,Ukraine War Shock,Emirates,EK,Dubai,Delhi,Boeing 777-300ER,2195,2195.0,0.0,No,No,52.0,109.53,128.27,6670.04,0.0,248.43,91.05,339.48,240,81475.2,98.38
2022-05,Ukraine War Shock,Emirates,EK,Dubai,Delhi,Boeing 777-300ER,2195,2195.0,0.0,No,No,52.0,99.03,115.05,5982.6,0.0,222.82,73.24,296.06,232,68685.92,98.2
2022-06,Ukraine War Shock,Emirates,EK,Dubai,Delhi,Boeing 777-300ER,2195,2195.0,0.0,No,No,52.0,111.34,127.17,6612.84,0.0,246.3,89.49,335.79,226,75888.54,98.37
2022-07,Ukraine War Shock,Emirates,EK,Dubai,Delhi,Boeing 777-300ER,2195,2195.0,0.0,No,No,52.0,80.69,91.34,4749.68,0.0,176.9,46.17,223.07,214,47736.98,97.74
2022-08,Ukraine War Shock,Emirates,EK,Dubai,Delhi,Boeing 777-300ER,2195,2195.0,0.0,No,No,52.0,98.19,113.29,5891.08,0.0,219.42,71.02,290.44,212,61573.28,98.17
2022-09,Ukraine War Shock,Emirates,EK,Dubai,Delhi,Boeing 777-300ER,2195,2195.0,0.0,No,No,52.0,85.18,103.43,5378.36,0.0,200.32,59.2,259.52,247,64101.44,98.0
2022-10,Ukraine War Shock,Emirates,EK,Dubai,Delhi,Boeing 777-300ER,2195,2195.0,0.0,No,No,52.0,93.25,107.45,5587.4,0.0,208.11,63.89,272.0,249,67728.0,98.07
2022-11,Ukraine War Shock,Emirates,EK,Dubai,Delhi,Boeing 777-300ER,2195,2195.0,0.0,No,Yes,52.0,86.23,101.05,5254.6,0.0,195.71,56.5,252.21,0,0.0,97.95
2022-12,Ukraine War Shock,Emirates,EK,Dubai,Delhi,Boeing 777-300ER,2195,2195.0,0.0,No,No,52.0,90.4,107.6,5595.2,0.0,208.4,64.07,272.47,217,59125.99,98.08
2023-01,Stabilisation,Emirates,EK,Dubai,Delhi,Boeing 777-300ER,2195,2195.0,0.0,No,No,52.0,84.29,97.47,5068.44,0.0,188.78,52.57,241.35,248,59854.8,97.88
2023-02,Stabilisation,Emirates,EK,Dubai,Delhi,Boeing 777-300ER,2195,2195.0,0.0,No,No,52.0,78.14,95.11,4945.72,0.0,184.21,50.06,234.27,279,65361.33,97.83
2023-03,Stabilisation,Emirates,EK,Dubai,Delhi,Boeing 777-300ER,2195,2195.0,0.0,No,No,52.0,91.48,111.26,5785.52,0.0,215.48,68.5,283.98,273,77526.54,98.14
2023-04,Stabilisation,Emirates,EK,Dubai,Delhi,Boeing 777-300ER,2195,2195.0,0.0,No,No,52.0,88.18,100.98,5250.96,0.0,195.57,56.42,251.99,250,62997.5,97.95
2023-05,Stabilisation,Emirates,EK,Dubai,Delhi,Boeing 777-300ER,2195,2195.0,0.0,No,No,52.0,90.97,106.41,5533.32,0.0,206.09,62.66,268.75,220,59125.0,98.06
2023-06,Stabilisation,Emirates,EK,Dubai,Delhi,Boeing 777-300ER,2195,2195.0,0.0,No,No,52.0,90.21,103.75,5395.0,0.0,200.94,59.56,260.5,221,57570.5,98.01
2023-07,Stabilisation,Emirates,EK,Dubai,Delhi,Boeing 777-300ER,2195,2195.0,0.0,No,No,52.0,85.16,97.8,5085.6,0.0,189.42,52.93,242.35,245,59375.75,97.89
2023-08,Stabilisation,Emirates,EK,Dubai,Delhi,Boeing 777-300ER,2195,2195.0,0.0,No,No,52.0,90.67,101.88,5297.76,0.0,197.32,57.44,254.76,256,65218.56,97.97
2023-09,Stabilisation,Emirates,EK,Dubai,Delhi,Boeing 777-300ER,2195,2195.0,0.0,No,No,52.0,76.5,90.34,4697.68,0.0,174.97,45.16,220.13,283,62296.79,97.72
2023-10,Gaza-Israel Conflict,Emirates,EK,Dubai,Delhi,Boeing 777-300ER,2195,2195.0,0.0,No,No,52.0,78.33,91.67,4766.84,0.0,177.54,46.5,224.04,272,60938.88,97.75
2023-11,Gaza-Israel Conflict,Emirates,EK,Dubai,Delhi,Boeing 777-300ER,2195,2195.0,0.0,No,No,52.0,75.77,85.25,4433.0,0.0,165.11,40.22,205.33,241,49484.53,97.58
2023-12,Gaza-Israel Conflict,Emirates,EK,Dubai,Delhi,Boeing 777-300ER,2195,2195.0,0.0,No,No,52.0,80.53,92.44,4806.88,0.0,179.03,47.28,226.31,236,53409.16,97.77
2024-01,Gaza-Israel Conflict,Emirates,EK,Dubai,Delhi,Boeing 777-300ER,2195,2195.0,0.0,No,No,52.0,84.61,102.45,5327.4,0.0,198.42,58.08,256.5,211,54121.5,97.98
2024-02,Gaza-Israel Conflict,Emirates,EK,Dubai,Delhi,Boeing 777-300ER,2195,2195.0,0.0,No,No,52.0,82.61,94.5,4914.0,0.0,183.02,49.42,232.44,210,48812.4,97.82
2024-03,Gaza-Israel Conflict,Emirates,EK,Dubai,Delhi,Boeing 777-300ER,2195,2195.0,0.0,No,No,52.0,92.09,104.48,5432.96,0.0,202.35,60.4,262.75,245,64373.75,98.02
2024-04,Gaza-Israel Conflict,Emirates,EK,Dubai,Delhi,Boeing 777-300ER,2195,2195.0,0.0,No,No,52.0,84.06,98.26,5109.52,0.0,190.31,53.43,243.74,215,52404.1,97.9
2024-05,Gaza-Israel Conflict,Emirates,EK,Dubai,Delhi,Boeing 777-300ER,2195,2195.0,0.0,No,No,52.0,82.78,100.87,5245.24,0.0,195.36,56.3,251.66,221,55616.86,97.95
2024-06,Gaza-Israel Conflict,Emirates,EK,Dubai,Delhi,Boeing 777-300ER,2195,2195.0,0.0,No,No,52.0,87.23,99.81,5190.12,0.0,193.31,55.13,248.44,283,70308.52,97.93
2024-07,Gaza-Israel Conflict,Emirates,EK,Dubai,Delhi,Boeing 777-300ER,2195,2195.0,0.0,No,No,52.0,80.4,95.45,4963.4,0.0,184.86,50.41,235.27,263,61876.01,97.84
2024-08,Gaza-Israel Conflict,Emirates,EK,Dubai,Delhi,Boeing 777-300ER,2195,2195.0,0.0,No,No,52.0,91.64,109.62,5700.24,0.0,212.31,66.5,278.81,243,67750.83,98.11
2024-09,Gaza-Israel Conflict,Emirates,EK,Dubai,Delhi,Boeing 777-300ER,2195,2195.0,0.0,No,No,52.0,79.27,90.67,4714.84,0.0,175.61,45.49,221.1,274,60581.4,97.73
2024-10,Gaza-Israel Conflict,Emirates,EK,Dubai,Delhi,Boeing 777-300ER,2195,2195.0,0.0,No,No,52.0,94.78,113.06,5879.12,0.0,218.97,70.73,289.7,223,64603.1,98.17
2024-11,Gaza-Israel Conflict,Emirates,EK,Dubai,Delhi,Boeing 777-300ER,2195,2195.0,0.0,No,No,52.0,91.13,105.42,5481.84,0.0,204.17,61.5,265.67,239,63495.13,98.04
2024-12,Pre-Iran Escalation,Emirates,EK,Dubai,Delhi,Boeing 777-300ER,2195,2195.0,0.0,No,No,52.0,81.38,96.29,5007.08,0.0,186.49,51.31,237.8,232,55169.6,97.86
2025-01,Pre-Iran Escalation,Emirates,EK,Dubai,Delhi,Boeing 777-300ER,2195,2195.0,0.0,No,No,52.0,85.13,100.74,5238.48,0.0,195.11,56.16,251.27,284,71360.68,97.95
2025-02,Pre-Iran Escalation,Emirates,EK,Dubai,Delhi,Boeing 777-300ER,2195,2195.0,0.0,No,No,52.0,103.76,121.77,6332.04,0.0,235.84,82.05,317.89,277,88055.53,98.3
2025-03,Pre-Iran Escalation,Emirates,EK,Dubai,Delhi,Boeing 777-300ER,2195,2195.0,0.0,No,No,52.0,101.26,114.33,5945.16,0.0,221.43,72.33,293.76,249,73146.24,98.19
2025-04,Pre-Iran Escalation,Emirates,EK,Dubai,Delhi,Boeing 777-300ER,2195,2195.0,0.0,No,No,52.0,101.77,122.48,6368.96,0.0,237.21,83.01,320.22,241,77173.02,98.31
2025-05,Pre-Iran Escalation,Emirates,EK,Dubai,Delhi,Boeing 777-300ER,2195,2195.0,0.0,No,No,52.0,102.74,118.36,6154.72,0.0,229.24,77.52,306.76,284,87119.84,98.25
2025-06,Pre-Iran Escalation,Emirates,EK,Dubai,Delhi,Boeing 777-300ER,2195,2195.0,0.0,No,No,52.0,86.7,98.72,5133.44,0.0,191.2,53.93,245.13,225,55154.25,97.91
2025-07,Pre-Iran Escalation,Emirates,EK,Dubai,Delhi,Boeing 777-300ER,2195,2195.0,0.0,No,No,52.0,93.24,104.81,5450.12,0.0,202.99,60.79,263.78,240,63307.2,98.03
2025-08,Pre-Iran Escalation,Emirates,EK,Dubai,Delhi,Boeing 777-300ER,2195,2195.0,0.0,No,No,52.0,87.66,103.36,5374.72,0.0,200.18,59.12,259.3,263,68195.9,98.0
2025-09,Pre-Iran Escalation,Emirates,EK,Dubai,Delhi,Boeing 777-300ER,2195,2195.0,0.0,No,No,52.0,104.85,124.54,6476.08,0.0,241.2,85.83,327.03,262,85681.86,98.33
2025-10,Pre-Iran Escalation,Emirates,EK,Dubai,Delhi,Boeing 777-300ER,2195,2195.0,0.0,No,No,52.0,99.34,111.43,5794.36,0.0,215.81,68.71,284.52,253,71983.56,98.14
2025-11,Pre-Iran Escalation,Emirates,EK,Dubai,Delhi,Boeing 777-300ER,2195,2195.0,0.0,No,No,52.0,92.61,108.47,5640.44,0.0,210.08,65.11,275.19,281,77328.39,98.09
2025-12,US-Iran War Conflict,Emirates,EK,Dubai,Delhi,Boeing 777-300ER,2195,2195.0,0.0,No,No,52.0,122.22,139.65,7261.8,0.0,270.47,107.92,378.39,228,86272.92,98.51
2026-01,US-Iran War Conflict,Emirates,EK,Dubai,Delhi,Boeing 777-300ER,2195,2195.0,0.0,No,Yes,52.0,130.88,155.03,8061.56,0.0,300.26,133.0,433.26,0,0.0,98.66
2026-02,US-Iran War Conflict,Emirates,EK,Dubai,Delhi,Boeing 777-300ER,2195,2195.0,0.0,No,No,52.0,155.73,177.13,9210.76,0.0,343.06,154.38,497.44,270,134308.8,98.82
2026-03,US-Iran War Conflict,Emirates,EK,Dubai,Delhi,Boeing 777-300ER,2195,2195.0,0.0,No,Yes,52.0,169.08,201.05,10454.6,0.0,389.39,175.23,564.62,0,0.0,98.96
2026-04,De-escalation & Negotiations,Emirates,EK,Dubai,Delhi,Boeing 777-300ER,2195,2195.0,0.0,No,No,52.0,111.38,129.05,6710.6,0.0,249.94,92.16,342.1,275,94077.5,98.39
2026-05,De-escalation & Negotiations,Emirates,EK,Dubai,Delhi,Boeing 777-300ER,2195,2195.0,0.0,No,No,52.0,104.87,127.28,6618.56,0.0,246.51,89.65,336.16,257,86393.12,98.37
2026-06,De-escalation & Negotiations,Emirates,EK,Dubai,Delhi,Boeing 777-300ER,2195,2195.0,0.0,No,No,52.0,92.83,105.25,5473.0,0.0,203.84,61.3,265.14,238,63103.32,98.03
2019-01,Pre-Pandemic Baseline,flydubai,FZ,Dubai,Islamabad,Boeing 737 MAX,1865,1865.0,0.0,No,No,42.0,63.0,71.31,2995.02,0.0,117.35,23.91,141.26,258,36445.08,96.98
2019-02,Pre-Pandemic Baseline,flydubai,FZ,Dubai,Islamabad,Boeing 737 MAX,1865,1865.0,0.0,No,No,42.0,67.61,80.55,3383.1,0.0,132.55,30.51,163.06,279,45493.74,97.32
2019-03,Pre-Pandemic Baseline,flydubai,FZ,Dubai,Islamabad,Boeing 737 MAX,1865,1865.0,0.0,No,No,42.0,65.86,78.77,3308.34,0.0,129.62,29.17,158.79,284,45096.36,97.26
2019-04,Pre-Pandemic Baseline,flydubai,FZ,Dubai,Islamabad,Boeing 737 MAX,1865,1865.0,0.0,No,No,42.0,64.79,76.2,3200.4,0.0,125.39,27.3,152.69,231,35271.39,97.17
2019-05,Pre-Pandemic Baseline,flydubai,FZ,Dubai,Islamabad,Boeing 737 MAX,1865,1865.0,0.0,No,No,42.0,61.25,73.32,3079.44,0.0,120.65,25.27,145.92,278,40565.76,97.06
2019-06,Pre-Pandemic Baseline,flydubai,FZ,Dubai,Islamabad,Boeing 737 MAX,1865,1865.0,0.0,No,No,42.0,61.25,71.62,3008.04,0.0,117.86,24.12,141.98,212,30099.76,96.99
2019-07,Pre-Pandemic Baseline,flydubai,FZ,Dubai,Islamabad,Boeing 737 MAX,1865,1865.0,0.0,No,No,42.0,60.46,70.88,2976.96,0.0,116.64,23.62,140.26,210,29454.6,96.96
2019-08,Pre-Pandemic Baseline,flydubai,FZ,Dubai,Islamabad,Boeing 737 MAX,1865,1865.0,0.0,No,No,42.0,66.93,77.82,3268.44,0.0,128.06,28.47,156.53,255,39915.15,97.23
2019-09,Pre-Pandemic Baseline,flydubai,FZ,Dubai,Islamabad,Boeing 737 MAX,1865,1865.0,0.0,No,No,42.0,64.81,72.75,3055.5,0.0,119.72,24.88,144.6,246,35571.6,97.04
2019-10,Pre-Pandemic Baseline,flydubai,FZ,Dubai,Islamabad,Boeing 737 MAX,1865,1865.0,0.0,No,No,42.0,65.66,74.25,3118.5,0.0,122.18,25.92,148.1,245,36284.5,97.1
2019-11,Pre-Pandemic Baseline,flydubai,FZ,Dubai,Islamabad,Boeing 737 MAX,1865,1865.0,0.0,No,No,42.0,60.16,67.57,2837.94,0.0,111.19,21.47,132.66,227,30113.82,96.82
2019-12,Pre-Pandemic Baseline,flydubai,FZ,Dubai,Islamabad,Boeing 737 MAX,1865,1865.0,0.0,No,No,42.0,67.76,80.2,3368.4,0.0,131.98,30.24,162.22,254,41203.88,97.31
2020-01,Pre-Pandemic Baseline,flydubai,FZ,Dubai,Islamabad,Boeing 737 MAX,1865,1865.0,0.0,No,No,42.0,66.66,76.75,3223.5,0.0,126.3,27.7,154.0,211,32494.0,97.19
2020-02,Pre-Pandemic Baseline,flydubai,FZ,Dubai,Islamabad,Boeing 737 MAX,1865,1865.0,0.0,No,No,42.0,61.7,72.24,3034.08,0.0,118.88,24.54,143.42,242,34707.64,97.02
2020-03,COVID-19 Collapse,flydubai,FZ,Dubai,Islamabad,Boeing 737 MAX,1865,1865.0,0.0,No,No,42.0,20.55,24.88,1044.96,0.0,40.94,2.91,43.85,237,10392.45,91.81
2020-04,COVID-19 Collapse,flydubai,FZ,Dubai,Islamabad,Boeing 737 MAX,1865,1865.0,0.0,No,No,42.0,20.57,23.55,989.1,0.0,38.75,2.61,41.36,224,9264.64,91.38
2020-05,COVID-19 Collapse,flydubai,FZ,Dubai,Islamabad,Boeing 737 MAX,1865,1865.0,0.0,No,No,42.0,22.26,25.84,1085.28,0.0,42.52,3.14,45.66,248,11323.68,92.09
2020-06,COVID-19 Collapse,flydubai,FZ,Dubai,Islamabad,Boeing 737 MAX,1865,1865.0,0.0,No,No,42.0,45.35,54.22,2277.24,0.0,89.22,13.82,103.04,261,26893.44,96.07
2020-07,COVID-19 Collapse,flydubai,FZ,Dubai,Islamabad,Boeing 737 MAX,1865,1865.0,0.0,No,No,42.0,44.05,50.34,2114.28,0.0,82.84,11.91,94.75,270,25582.5,95.78
2020-08,COVID-19 Collapse,flydubai,FZ,Dubai,Islamabad,Boeing 737 MAX,1865,1865.0,0.0,No,No,42.0,42.08,47.45,1992.9,0.0,78.08,10.59,88.67,244,21635.48,95.53
2020-09,COVID-19 Collapse,flydubai,FZ,Dubai,Islamabad,Boeing 737 MAX,1865,1865.0,0.0,No,No,42.0,46.57,53.51,2247.42,0.0,88.06,13.46,101.52,227,23045.04,96.02
2020-10,COVID-19 Collapse,flydubai,FZ,Dubai,Islamabad,Boeing 737 MAX,1865,1865.0,0.0,No,No,42.0,39.95,45.39,1906.38,0.0,74.69,9.69,84.38,225,18985.5,95.34
2020-11,COVID-19 Collapse,flydubai,FZ,Dubai,Islamabad,Boeing 737 MAX,1865,1865.0,0.0,No,No,42.0,42.09,51.05,2144.1,0.0,84.01,12.25,96.26,253,24353.78,95.83
2020-12,COVID-19 Collapse,flydubai,FZ,Dubai,Islamabad,Boeing 737 MAX,1865,1865.0,0.0,No,No,42.0,43.13,51.79,2175.18,0.0,85.23,12.61,97.84,239,23383.76,95.89
2021-01,COVID-19 Collapse,flydubai,FZ,Dubai,Islamabad,Boeing 737 MAX,1865,1865.0,0.0,No,No,42.0,75.49,89.33,3751.86,0.0,147.0,37.52,184.52,233,42993.16,97.57
2021-02,COVID-19 Collapse,flydubai,FZ,Dubai,Islamabad,Boeing 737 MAX,1865,1865.0,0.0,No,No,42.0,83.06,100.27,4211.34,0.0,165.0,47.27,212.27,249,52855.23,97.83
2021-03,COVID-19 Collapse,flydubai,FZ,Dubai,Islamabad,Boeing 737 MAX,1865,1865.0,0.0,No,No,42.0,69.59,83.53,3508.26,0.0,137.46,32.81,170.27,251,42737.77,97.41
2021-04,COVID-19 Collapse,flydubai,FZ,Dubai,Islamabad,Boeing 737 MAX,1865,1865.0,0.0,No,No,42.0,76.83,87.48,3674.16,0.0,143.96,35.98,179.94,227,40846.38,97.52
2021-05,COVID-19 Collapse,flydubai,FZ,Dubai,Islamabad,Boeing 737 MAX,1865,1865.0,0.0,No,No,42.0,78.63,95.08,3993.36,0.0,156.46,42.5,198.96,238,47352.48,97.72
2021-06,Recovery & Surge,flydubai,FZ,Dubai,Islamabad,Boeing 737 MAX,1865,1865.0,0.0,No,No,42.0,66.07,77.56,3257.52,0.0,127.63,28.28,155.91,263,41004.33,97.22
2021-07,Recovery & Surge,flydubai,FZ,Dubai,Islamabad,Boeing 737 MAX,1865,1865.0,0.0,No,No,42.0,78.97,94.82,3982.44,0.0,156.03,42.27,198.3,239,47393.7,97.71
2021-08,Recovery & Surge,flydubai,FZ,Dubai,Islamabad,Boeing 737 MAX,1865,1865.0,0.0,No,No,42.0,68.92,83.37,3501.54,0.0,137.19,32.68,169.87,243,41278.41,97.41
2021-09,Recovery & Surge,flydubai,FZ,Dubai,Islamabad,Boeing 737 MAX,1865,1865.0,0.0,No,No,42.0,66.5,76.59,3216.78,0.0,126.04,27.58,153.62,258,39633.96,97.18
2021-10,Recovery & Surge,flydubai,FZ,Dubai,Islamabad,Boeing 737 MAX,1865,1865.0,0.0,No,No,42.0,86.82,98.19,4123.98,0.0,161.58,45.33,206.91,224,46347.84,97.79
2021-11,Recovery & Surge,flydubai,FZ,Dubai,Islamabad,Boeing 737 MAX,1865,1865.0,0.0,No,No,42.0,87.21,99.66,4185.72,0.0,164.0,46.7,210.7,275,57942.5,97.82
2021-12,Recovery & Surge,flydubai,FZ,Dubai,Islamabad,Boeing 737 MAX,1865,1865.0,0.0,No,No,42.0,83.59,97.19,4081.98,0.0,159.93,44.41,204.34,235,48019.9,97.77
2022-01,Recovery & Surge,flydubai,FZ,Dubai,Islamabad,Boeing 737 MAX,1865,1865.0,0.0,No,No,42.0,72.01,86.54,3634.68,0.0,142.41,35.21,177.62,261,46358.82,97.5
2022-02,Recovery & Surge,flydubai,FZ,Dubai,Islamabad,Boeing 737 MAX,1865,1865.0,0.0,No,No,42.0,67.25,81.11,3406.62,0.0,133.47,30.93,164.4,232,38140.8,97.34
2022-03,Ukraine War Shock,flydubai,FZ,Dubai,Islamabad,Boeing 737 MAX,1865,1865.0,0.0,No,No,42.0,117.58,131.77,5534.34,0.0,216.84,81.64,298.48,258,77007.84,98.34
2022-04,Ukraine War Shock,flydubai,FZ,Dubai,Islamabad,Boeing 737 MAX,1865,1865.0,0.0,No,No,42.0,109.53,128.27,5387.34,0.0,211.08,77.36,288.44,230,66341.2,98.3
2022-05,Ukraine War Shock,flydubai,FZ,Dubai,Islamabad,Boeing 737 MAX,1865,1865.0,0.0,No,No,42.0,99.03,115.05,4832.1,0.0,189.32,62.23,251.55,266,66912.3,98.11
2022-06,Ukraine War Shock,flydubai,FZ,Dubai,Islamabad,Boeing 737 MAX,1865,1865.0,0.0,No,No,42.0,111.34,127.17,5341.14,0.0,209.27,76.04,285.31,217,61912.27,98.28
2022-07,Ukraine War Shock,flydubai,FZ,Dubai,Islamabad,Boeing 737 MAX,1865,1865.0,0.0,No,No,42.0,80.69,91.34,3836.28,0.0,150.31,39.23,189.54,233,44162.82,97.63
2022-08,Ukraine War Shock,flydubai,FZ,Dubai,Islamabad,Boeing 737 MAX,1865,1865.0,0.0,No,No,42.0,98.19,113.29,4758.18,0.0,186.43,60.34,246.77,252,62186.04,98.08
2022-09,Ukraine War Shock,flydubai,FZ,Dubai,Islamabad,Boeing 737 MAX,1865,1865.0,0.0,No,No,42.0,85.18,103.43,4344.06,0.0,170.2,50.3,220.5,257,56668.5,97.9
2022-10,Ukraine War Shock,flydubai,FZ,Dubai,Islamabad,Boeing 737 MAX,1865,1865.0,0.0,No,No,42.0,93.25,107.45,4512.9,0.0,176.82,54.28,231.1,220,50842.0,97.98
2022-11,Ukraine War Shock,flydubai,FZ,Dubai,Islamabad,Boeing 737 MAX,1865,1865.0,0.0,No,Yes,42.0,86.23,101.05,4244.1,0.0,166.29,48.01,214.3,0,0.0,97.85
2022-12,Ukraine War Shock,flydubai,FZ,Dubai,Islamabad,Boeing 737 MAX,1865,1865.0,0.0,No,No,42.0,90.4,107.6,4519.2,0.0,177.07,54.44,231.51,217,50237.67,97.98
2023-01,Stabilisation,flydubai,FZ,Dubai,Islamabad,Boeing 737 MAX,1865,1865.0,0.0,No,No,42.0,84.29,97.47,4093.74,0.0,160.4,44.67,205.07,272,55779.04,97.77
2023-02,Stabilisation,flydubai,FZ,Dubai,Islamabad,Boeing 737 MAX,1865,1865.0,0.0,No,No,42.0,78.14,95.11,3994.62,0.0,156.51,42.53,199.04,283,56328.32,97.72
2023-03,Stabilisation,flydubai,FZ,Dubai,Islamabad,Boeing 737 MAX,1865,1865.0,0.0,No,No,42.0,91.48,111.26,4672.92,0.0,183.09,58.2,241.29,231,55737.99,98.04
2023-04,Stabilisation,flydubai,FZ,Dubai,Islamabad,Boeing 737 MAX,1865,1865.0,0.0,No,No,42.0,88.18,100.98,4241.16,0.0,166.17,47.94,214.11,246,52671.06,97.85
2023-05,Stabilisation,flydubai,FZ,Dubai,Islamabad,Boeing 737 MAX,1865,1865.0,0.0,No,No,42.0,90.97,106.41,4469.22,0.0,175.11,53.24,228.35,247,56402.45,97.96
2023-06,Stabilisation,flydubai,FZ,Dubai,Islamabad,Boeing 737 MAX,1865,1865.0,0.0,No,No,42.0,90.21,103.75,4357.5,0.0,170.73,50.61,221.34,222,49137.48,97.9
2023-07,Stabilisation,flydubai,FZ,Dubai,Islamabad,Boeing 737 MAX,1865,1865.0,0.0,No,No,42.0,85.16,97.8,4107.6,0.0,160.94,44.97,205.91,260,53536.6,97.78
2023-08,Stabilisation,flydubai,FZ,Dubai,Islamabad,Boeing 737 MAX,1865,1865.0,0.0,No,No,42.0,90.67,101.88,4278.96,0.0,167.65,48.8,216.45,248,53679.6,97.87
2023-09,Stabilisation,flydubai,FZ,Dubai,Islamabad,Boeing 737 MAX,1865,1865.0,0.0,No,No,42.0,76.5,90.34,3794.28,0.0,148.66,38.37,187.03,248,46383.44,97.6
2023-10,Gaza-Israel Conflict,flydubai,FZ,Dubai,Islamabad,Boeing 737 MAX,1865,1865.0,0.0,No,No,42.0,78.33,91.67,3850.14,0.0,150.85,39.51,190.36,214,40737.04,97.64
2023-11,Gaza-Israel Conflict,flydubai,FZ,Dubai,Islamabad,Boeing 737 MAX,1865,1865.0,0.0,No,No,42.0,75.77,85.25,3580.5,0.0,140.29,34.17,174.46,215,37508.9,97.46
2023-12,Gaza-Israel Conflict,flydubai,FZ,Dubai,Islamabad,Boeing 737 MAX,1865,1865.0,0.0,No,No,42.0,80.53,92.44,3882.48,0.0,152.12,40.18,192.3,282,54228.6,97.65
2024-01,Gaza-Israel Conflict,flydubai,FZ,Dubai,Islamabad,Boeing 737 MAX,1865,1865.0,0.0,No,No,42.0,84.61,102.45,4302.9,0.0,168.59,49.35,217.94,280,61023.2,97.88
2024-02,Gaza-Israel Conflict,flydubai,FZ,Dubai,Islamabad,Boeing 737 MAX,1865,1865.0,0.0,No,No,42.0,82.61,94.5,3969.0,0.0,155.51,41.99,197.5,211,41672.5,97.7
2024-03,Gaza-Israel Conflict,flydubai,FZ,Dubai,Islamabad,Boeing 737 MAX,1865,1865.0,0.0,No,No,42.0,92.09,104.48,4388.16,0.0,171.93,51.32,223.25,250,55812.5,97.92
2024-04,Gaza-Israel Conflict,flydubai,FZ,Dubai,Islamabad,Boeing 737 MAX,1865,1865.0,0.0,No,No,42.0,84.06,98.26,4126.92,0.0,161.7,45.4,207.1,214,44319.4,97.79
2024-05,Gaza-Israel Conflict,flydubai,FZ,Dubai,Islamabad,Boeing 737 MAX,1865,1865.0,0.0,No,No,42.0,82.78,100.87,4236.54,0.0,165.99,47.84,213.83,269,57520.27,97.85
2024-06,Gaza-Israel Conflict,flydubai,FZ,Dubai,Islamabad,Boeing 737 MAX,1865,1865.0,0.0,No,No,42.0,87.23,99.81,4192.02,0.0,164.25,46.84,211.09,213,44962.17,97.82
2024-07,Gaza-Israel Conflict,flydubai,FZ,Dubai,Islamabad,Boeing 737 MAX,1865,1865.0,0.0,No,No,42.0,80.4,95.45,4008.9,0.0,157.07,42.84,199.91,251,50177.41,97.73
2024-08,Gaza-Israel Conflict,flydubai,FZ,Dubai,Islamabad,Boeing 737 MAX,1865,1865.0,0.0,No,No,42.0,91.64,109.62,4604.04,0.0,180.39,56.5,236.89,256,60643.84,98.01
2024-09,Gaza-Israel Conflict,flydubai,FZ,Dubai,Islamabad,Boeing 737 MAX,1865,1865.0,0.0,No,No,42.0,79.27,90.67,3808.14,0.0,149.21,38.65,187.86,217,40765.62,97.61
2024-10,Gaza-Israel Conflict,flydubai,FZ,Dubai,Islamabad,Boeing 737 MAX,1865,1865.0,0.0,No,No,42.0,94.78,113.06,4748.52,0.0,186.05,60.1,246.15,254,62522.1,98.07
2024-11,Gaza-Israel Conflict,flydubai,FZ,Dubai,Islamabad,Boeing 737 MAX,1865,1865.0,0.0,No,No,42.0,91.13,105.42,4427.64,0.0,173.48,52.25,225.73,280,63204.4,97.94
2024-12,Pre-Iran Escalation,flydubai,FZ,Dubai,Islamabad,Boeing 737 MAX,1865,1865.0,0.0,No,No,42.0,81.38,96.29,4044.18,0.0,158.45,43.59,202.04,217,43842.68,97.75
2025-01,Pre-Iran Escalation,flydubai,FZ,Dubai,Islamabad,Boeing 737 MAX,1865,1865.0,0.0,No,No,42.0,85.13,100.74,4231.08,0.0,165.78,47.72,213.5,261,55723.5,97.84
2025-02,Pre-Iran Escalation,flydubai,FZ,Dubai,Islamabad,Boeing 737 MAX,1865,1865.0,0.0,No,No,42.0,103.76,121.77,5114.34,0.0,200.38,69.72,270.1,230,62123.0,98.21
2025-03,Pre-Iran Escalation,flydubai,FZ,Dubai,Islamabad,Boeing 737 MAX,1865,1865.0,0.0,No,No,42.0,101.26,114.33,4801.86,0.0,188.14,61.46,249.6,230,57408.0,98.1
2025-04,Pre-Iran Escalation,flydubai,FZ,Dubai,Islamabad,Boeing 737 MAX,1865,1865.0,0.0,No,No,42.0,101.77,122.48,5144.16,0.0,201.55,70.53,272.08,250,68020.0,98.22
2025-05,Pre-Iran Escalation,flydubai,FZ,Dubai,Islamabad,Boeing 737 MAX,1865,1865.0,0.0,No,No,42.0,102.74,118.36,4971.12,0.0,194.77,65.87,260.64,279,72718.56,98.16
2025-06,Pre-Iran Escalation,flydubai,FZ,Dubai,Islamabad,Boeing 737 MAX,1865,1865.0,0.0,No,No,42.0,86.7,98.72,4146.24,0.0,162.45,45.82,208.27,227,47277.29,97.8
2025-07,Pre-Iran Escalation,flydubai,FZ,Dubai,Islamabad,Boeing 737 MAX,1865,1865.0,0.0,No,No,42.0,93.24,104.81,4402.02,0.0,172.47,51.65,224.12,284,63650.08,97.93
2025-08,Pre-Iran Escalation,flydubai,FZ,Dubai,Islamabad,Boeing 737 MAX,1865,1865.0,0.0,No,No,42.0,87.66,103.36,4341.12,0.0,170.09,50.23,220.32,216,47589.12,97.9
2025-09,Pre-Iran Escalation,flydubai,FZ,Dubai,Islamabad,Boeing 737 MAX,1865,1865.0,0.0,No,No,42.0,104.85,124.54,5230.68,0.0,204.94,72.92,277.86,280,77800.8,98.25
2025-10,Pre-Iran Escalation,flydubai,FZ,Dubai,Islamabad,Boeing 737 MAX,1865,1865.0,0.0,No,No,42.0,99.34,111.43,4680.06,0.0,183.37,58.38,241.75,211,51009.25,98.05
2025-11,Pre-Iran Escalation,flydubai,FZ,Dubai,Islamabad,Boeing 737 MAX,1865,1865.0,0.0,No,No,42.0,92.61,108.47,4555.74,0.0,178.5,55.32,233.82,222,51908.04,97.99
2025-12,US-Iran War Conflict,flydubai,FZ,Dubai,Islamabad,Boeing 737 MAX,1865,1865.0,0.0,No,No,42.0,122.22,139.65,5865.3,0.0,229.81,91.69,321.5,283,90984.5,98.44
2026-01,US-Iran War Conflict,flydubai,FZ,Dubai,Islamabad,Boeing 737 MAX,1865,1865.0,0.0,No,Yes,42.0,130.88,155.03,6511.26,0.0,255.12,113.0,368.12,0,0.0,98.59
2026-02,US-Iran War Conflict,flydubai,FZ,Dubai,Islamabad,Boeing 737 MAX,1865,1865.0,0.0,No,No,42.0,155.73,177.13,7439.46,0.0,291.48,131.17,422.65,210,88756.5,98.76
2026-03,US-Iran War Conflict,flydubai,FZ,Dubai,Islamabad,Boeing 737 MAX,1865,1865.0,0.0,No,No,42.0,169.08,201.05,8444.1,0.0,330.85,148.88,479.73,276,132405.48,98.91
2026-04,De-escalation & Negotiations,flydubai,FZ,Dubai,Islamabad,Boeing 737 MAX,1865,1865.0,0.0,No,No,42.0,111.38,129.05,5420.1,0.0,212.36,78.3,290.66,278,80803.48,98.31
2026-05,De-escalation & Negotiations,flydubai,FZ,Dubai,Islamabad,Boeing 737 MAX,1865,1865.0,0.0,No,No,42.0,104.87,127.28,5345.76,0.0,209.45,76.17,285.62,265,75689.3,98.29
2026-06,De-escalation & Negotiations,flydubai,FZ,Dubai,Islamabad,Boeing 737 MAX,1865,1865.0,0.0,No,No,42.0,92.83,105.25,4420.5,0.0,173.2,52.08,225.28,280,63078.4,97.93
2019-01,Pre-Pandemic Baseline,Air Arabia,G9,Sharjah,Beirut,Airbus A320,2153,2153.0,0.0,No,No,48.0,63.0,71.31,3422.88,0.0,135.47,27.6,163.07,229,37343.03,96.95
2019-02,Pre-Pandemic Baseline,Air Arabia,G9,Sharjah,Beirut,Airbus A320,2153,2153.0,0.0,No,No,48.0,67.61,80.55,3866.4,0.0,153.02,35.22,188.24,258,48565.92,97.29
2019-03,Pre-Pandemic Baseline,Air Arabia,G9,Sharjah,Beirut,Airbus A320,2153,2153.0,0.0,No,No,48.0,65.86,78.77,3780.96,0.0,149.64,33.68,183.32,265,48579.8,97.23
2019-04,Pre-Pandemic Baseline,Air Arabia,G9,Sharjah,Beirut,Airbus A320,2153,2153.0,0.0,No,No,48.0,64.79,76.2,3657.6,0.0,144.76,31.52,176.28,283,49887.24,97.14
2019-05,Pre-Pandemic Baseline,Air Arabia,G9,Sharjah,Beirut,Airbus A320,2153,2153.0,0.0,No,No,48.0,61.25,73.32,3519.36,0.0,139.29,29.18,168.47,277,46666.19,97.03
2019-06,Pre-Pandemic Baseline,Air Arabia,G9,Sharjah,Beirut,Airbus A320,2153,2153.0,0.0,No,No,48.0,61.25,71.62,3437.76,0.0,136.06,27.84,163.9,214,35074.6,96.96
2019-07,Pre-Pandemic Baseline,Air Arabia,G9,Sharjah,Beirut,Airbus A320,2153,2153.0,0.0,No,No,48.0,60.46,70.88,3402.24,0.0,134.65,27.27,161.92,235,38051.2,96.93
2019-08,Pre-Pandemic Baseline,Air Arabia,G9,Sharjah,Beirut,Airbus A320,2153,2153.0,0.0,No,No,48.0,66.93,77.82,3735.36,0.0,147.84,32.87,180.71,256,46261.76,97.2
2019-09,Pre-Pandemic Baseline,Air Arabia,G9,Sharjah,Beirut,Airbus A320,2153,2153.0,0.0,No,No,48.0,64.81,72.75,3492.0,0.0,138.2,28.73,166.93,274,45738.82,97.01
2019-10,Pre-Pandemic Baseline,Air Arabia,G9,Sharjah,Beirut,Airbus A320,2153,2153.0,0.0,No,No,48.0,65.66,74.25,3564.0,0.0,141.05,29.92,170.97,230,39323.1,97.07
2019-11,Pre-Pandemic Baseline,Air Arabia,G9,Sharjah,Beirut,Airbus A320,2153,2153.0,0.0,No,No,48.0,60.16,67.57,3243.36,0.0,128.36,24.78,153.14,210,32159.4,96.79
2019-12,Pre-Pandemic Baseline,Air Arabia,G9,Sharjah,Beirut,Airbus A320,2153,2153.0,0.0,No,No,48.0,67.76,80.2,3849.6,0.0,152.36,34.91,187.27,224,41948.48,97.28
2020-01,Pre-Pandemic Baseline,Air Arabia,G9,Sharjah,Beirut,Airbus A320,2153,2153.0,0.0,No,No,48.0,66.66,76.75,3684.0,0.0,145.8,31.97,177.77,241,42842.57,97.16
2020-02,Pre-Pandemic Baseline,Air Arabia,G9,Sharjah,Beirut,Airbus A320,2153,2153.0,0.0,No,No,48.0,61.7,72.24,3467.52,0.0,137.23,28.32,165.55,214,35427.7,96.99
2020-03,COVID-19 Collapse,Air Arabia,G9,Sharjah,Beirut,Airbus A320,2153,2153.0,0.0,No,No,48.0,20.55,24.88,1194.24,0.0,47.26,3.36,50.62,213,10782.06,91.73
2020-04,COVID-19 Collapse,Air Arabia,G9,Sharjah,Beirut,Airbus A320,2153,2153.0,0.0,No,No,48.0,20.57,23.55,1130.4,0.0,44.74,3.01,47.75,240,11460.0,91.3
2020-05,COVID-19 Collapse,Air Arabia,G9,Sharjah,Beirut,Airbus A320,2153,2153.0,0.0,No,No,48.0,22.26,25.84,1240.32,0.0,49.09,3.62,52.71,258,13599.18,92.01
2020-06,COVID-19 Collapse,Air Arabia,G9,Sharjah,Beirut,Airbus A320,2153,2153.0,0.0,No,No,48.0,45.35,54.22,2602.56,0.0,103.0,15.96,118.96,263,31286.48,96.03
2020-07,COVID-19 Collapse,Air Arabia,G9,Sharjah,Beirut,Airbus A320,2153,2153.0,0.0,No,No,48.0,44.05,50.34,2416.32,0.0,95.63,13.75,109.38,249,27235.62,95.73
2020-08,COVID-19 Collapse,Air Arabia,G9,Sharjah,Beirut,Airbus A320,2153,2153.0,0.0,No,No,48.0,42.08,47.45,2277.6,0.0,90.14,12.22,102.36,242,24771.12,95.49
2020-09,COVID-19 Collapse,Air Arabia,G9,Sharjah,Beirut,Airbus A320,2153,2153.0,0.0,No,No,48.0,46.57,53.51,2568.48,0.0,101.65,15.54,117.19,211,24727.09,95.98
2020-10,COVID-19 Collapse,Air Arabia,G9,Sharjah,Beirut,Airbus A320,2153,2153.0,0.0,No,No,48.0,39.95,45.39,2178.72,0.0,86.23,11.18,97.41,229,22306.89,95.29
2020-11,COVID-19 Collapse,Air Arabia,G9,Sharjah,Beirut,Airbus A320,2153,2153.0,0.0,No,No,48.0,42.09,51.05,2450.4,0.0,96.98,14.15,111.13,260,28893.8,95.79
2020-12,COVID-19 Collapse,Air Arabia,G9,Sharjah,Beirut,Airbus A320,2153,2153.0,0.0,No,No,48.0,43.13,51.79,2485.92,0.0,98.39,14.56,112.95,243,27446.85,95.85
2021-01,COVID-19 Collapse,Air Arabia,G9,Sharjah,Beirut,Airbus A320,2153,2153.0,0.0,No,No,48.0,75.49,89.33,4287.84,0.0,169.7,43.31,213.01,229,48779.29,97.55
2021-02,COVID-19 Collapse,Air Arabia,G9,Sharjah,Beirut,Airbus A320,2153,2153.0,0.0,No,No,48.0,83.06,100.27,4812.96,0.0,190.48,54.57,245.05,227,55626.35,97.81
2021-03,COVID-19 Collapse,Air Arabia,G9,Sharjah,Beirut,Airbus A320,2153,2153.0,0.0,No,No,48.0,69.59,83.53,4009.44,0.0,158.68,37.87,196.55,211,41472.05,97.39
2021-04,COVID-19 Collapse,Air Arabia,G9,Sharjah,Beirut,Airbus A320,2153,2153.0,0.0,No,No,48.0,76.83,87.48,4199.04,0.0,166.19,41.54,207.73,271,56294.83,97.5
2021-05,COVID-19 Collapse,Air Arabia,G9,Sharjah,Beirut,Airbus A320,2153,2153.0,0.0,No,No,48.0,78.63,95.08,4563.84,0.0,180.62,49.07,229.69,275,63164.75,97.7
2021-06,Recovery & Surge,Air Arabia,G9,Sharjah,Beirut,Airbus A320,2153,2153.0,0.0,No,No,48.0,66.07,77.56,3722.88,0.0,147.34,32.65,179.99,237,42657.63,97.19
2021-07,Recovery & Surge,Air Arabia,G9,Sharjah,Beirut,Airbus A320,2153,2153.0,0.0,No,No,48.0,78.97,94.82,4551.36,0.0,180.13,48.8,228.93,262,59979.66,97.69
2021-08,Recovery & Surge,Air Arabia,G9,Sharjah,Beirut,Airbus A320,2153,2153.0,0.0,No,No,48.0,68.92,83.37,4001.76,0.0,158.38,37.73,196.11,214,41967.54,97.38
2021-09,Recovery & Surge,Air Arabia,G9,Sharjah,Beirut,Airbus A320,2153,2153.0,0.0,No,No,48.0,66.5,76.59,3676.32,0.0,145.5,31.84,177.34,276,48945.84,97.16
2021-10,Recovery & Surge,Air Arabia,G9,Sharjah,Beirut,Airbus A320,2153,2153.0,0.0,No,No,48.0,86.82,98.19,4713.12,0.0,186.53,52.33,238.86,278,66403.08,97.77
2021-11,Recovery & Surge,Air Arabia,G9,Sharjah,Beirut,Airbus A320,2153,2153.0,0.0,No,No,48.0,87.21,99.66,4783.68,0.0,189.32,53.91,243.23,221,53753.83,97.8
2021-12,Recovery & Surge,Air Arabia,G9,Sharjah,Beirut,Airbus A320,2153,2153.0,0.0,No,No,48.0,83.59,97.19,4665.12,0.0,184.63,51.27,235.9,268,63221.2,97.74
2022-01,Recovery & Surge,Air Arabia,G9,Sharjah,Beirut,Airbus A320,2153,2153.0,0.0,No,No,48.0,72.01,86.54,4153.92,0.0,164.4,40.65,205.05,245,50237.25,97.47
2022-02,Recovery & Surge,Air Arabia,G9,Sharjah,Beirut,Airbus A320,2153,2153.0,0.0,No,No,48.0,67.25,81.11,3893.28,0.0,154.09,35.71,189.8,261,49537.8,97.31
2022-03,Ukraine War Shock,Air Arabia,G9,Sharjah,Beirut,Airbus A320,2153,2153.0,0.0,No,No,48.0,117.58,131.77,6324.96,0.0,250.32,94.24,344.56,245,84417.2,98.33
2022-04,Ukraine War Shock,Air Arabia,G9,Sharjah,Beirut,Airbus A320,2153,2153.0,0.0,No,Yes,48.0,109.53,128.27,6156.96,0.0,243.68,89.31,332.99,0,0.0,98.28
2022-05,Ukraine War Shock,Air Arabia,G9,Sharjah,Beirut,Airbus A320,2153,2153.0,0.0,No,No,48.0,99.03,115.05,5522.4,0.0,218.56,71.84,290.4,273,79279.2,98.09
2022-06,Ukraine War Shock,Air Arabia,G9,Sharjah,Beirut,Airbus A320,2153,2153.0,0.0,No,No,48.0,111.34,127.17,6104.16,0.0,241.59,87.78,329.37,216,71143.92,98.27
2022-07,Ukraine War Shock,Air Arabia,G9,Sharjah,Beirut,Airbus A320,2153,2153.0,0.0,No,No,48.0,80.69,91.34,4384.32,0.0,173.52,45.28,218.8,237,51855.6,97.6
2022-08,Ukraine War Shock,Air Arabia,G9,Sharjah,Beirut,Airbus A320,2153,2153.0,0.0,No,No,48.0,98.19,113.29,5437.92,0.0,215.22,69.66,284.88,283,80621.04,98.06
2022-09,Ukraine War Shock,Air Arabia,G9,Sharjah,Beirut,Airbus A320,2153,2153.0,0.0,No,No,48.0,85.18,103.43,4964.64,0.0,196.49,58.07,254.56,242,61603.52,97.88
2022-10,Ukraine War Shock,Air Arabia,G9,Sharjah,Beirut,Airbus A320,2153,2153.0,0.0,No,No,48.0,93.25,107.45,5157.6,0.0,204.12,62.66,266.78,271,72297.38,97.96
2022-11,Ukraine War Shock,Air Arabia,G9,Sharjah,Beirut,Airbus A320,2153,2153.0,0.0,No,No,48.0,86.23,101.05,4850.4,0.0,191.97,55.42,247.39,222,54920.58,97.83
2022-12,Ukraine War Shock,Air Arabia,G9,Sharjah,Beirut,Airbus A320,2153,2153.0,0.0,No,No,48.0,90.4,107.6,5164.8,0.0,204.41,62.84,267.25,272,72692.0,97.96
2023-01,Stabilisation,Air Arabia,G9,Sharjah,Beirut,Airbus A320,2153,2153.0,0.0,No,No,48.0,84.29,97.47,4678.56,0.0,185.16,51.56,236.72,244,57759.68,97.75
2023-02,Stabilisation,Air Arabia,G9,Sharjah,Beirut,Airbus A320,2153,2153.0,0.0,No,No,48.0,78.14,95.11,4565.28,0.0,180.68,49.1,229.78,248,56985.44,97.7
2023-03,Stabilisation,Air Arabia,G9,Sharjah,Beirut,Airbus A320,2153,2153.0,0.0,No,No,48.0,91.48,111.26,5340.48,0.0,211.36,67.19,278.55,282,78551.1,98.02
2023-04,Stabilisation,Air Arabia,G9,Sharjah,Beirut,Airbus A320,2153,2153.0,0.0,No,No,48.0,88.18,100.98,4847.04,0.0,191.83,55.35,247.18,276,68221.68,97.83
2023-05,Stabilisation,Air Arabia,G9,Sharjah,Beirut,Airbus A320,2153,2153.0,0.0,No,No,48.0,90.97,106.41,5107.68,0.0,202.15,61.46,263.61,236,62211.96,97.94
2023-06,Stabilisation,Air Arabia,G9,Sharjah,Beirut,Airbus A320,2153,2153.0,0.0,No,No,48.0,90.21,103.75,4980.0,0.0,197.09,58.42,255.51,281,71798.31,97.88
2023-07,Stabilisation,Air Arabia,G9,Sharjah,Beirut,Airbus A320,2153,2153.0,0.0,No,No,48.0,85.16,97.8,4694.4,0.0,185.79,51.92,237.71,217,51583.07,97.76
2023-08,Stabilisation,Air Arabia,G9,Sharjah,Beirut,Airbus A320,2153,2153.0,0.0,No,No,48.0,90.67,101.88,4890.24,0.0,193.54,56.34,249.88,211,52724.68,97.85
2023-09,Stabilisation,Air Arabia,G9,Sharjah,Beirut,Airbus A320,2153,2153.0,0.0,No,No,48.0,76.5,90.34,4336.32,0.0,171.62,44.3,215.92,249,53764.08,97.58
2023-10,Gaza-Israel Conflict,Air Arabia,G9,Sharjah,Beirut,Airbus A320,2153,2153.0,0.0,No,No,48.0,78.33,91.67,4400.16,0.0,174.15,45.61,219.76,267,58675.92,97.61
2023-11,Gaza-Israel Conflict,Air Arabia,G9,Sharjah,Beirut,Airbus A320,2153,2153.0,0.0,No,No,48.0,75.77,85.25,4092.0,0.0,161.95,39.45,201.4,226,45516.4,97.44
2023-12,Gaza-Israel Conflict,Air Arabia,G9,Sharjah,Beirut,Airbus A320,2153,2153.0,0.0,No,No,48.0,80.53,92.44,4437.12,0.0,175.61,46.38,221.99,216,47949.84,97.63
2024-01,Gaza-Israel Conflict,Air Arabia,G9,Sharjah,Beirut,Airbus A320,2153,2153.0,0.0,No,No,48.0,84.61,102.45,4917.6,0.0,194.62,56.97,251.59,273,68684.07,97.86
2024-02,Gaza-Israel Conflict,Air Arabia,G9,Sharjah,Beirut,Airbus A320,2153,2153.0,0.0,No,No,48.0,82.61,94.5,4536.0,0.0,179.52,48.47,227.99,283,64521.17,97.68
2024-03,Gaza-Israel Conflict,Air Arabia,G9,Sharjah,Beirut,Airbus A320,2153,2153.0,0.0,No,No,48.0,92.09,104.48,5015.04,0.0,198.48,59.25,257.73,262,67525.26,97.9
2024-04,Gaza-Israel Conflict,Air Arabia,G9,Sharjah,Beirut,Airbus A320,2153,2153.0,0.0,No,No,48.0,84.06,98.26,4716.48,0.0,186.67,52.41,239.08,283,67659.64,97.77
2024-05,Gaza-Israel Conflict,Air Arabia,G9,Sharjah,Beirut,Airbus A320,2153,2153.0,0.0,No,No,48.0,82.78,100.87,4841.76,0.0,191.62,55.22,246.84,272,67140.48,97.82
2024-06,Gaza-Israel Conflict,Air Arabia,G9,Sharjah,Beirut,Airbus A320,2153,2153.0,0.0,No,No,48.0,87.23,99.81,4790.88,0.0,189.61,54.07,243.68,228,55559.04,97.8
2024-07,Gaza-Israel Conflict,Air Arabia,G9,Sharjah,Beirut,Airbus A320,2153,2153.0,0.0,No,No,48.0,80.4,95.45,4581.6,0.0,181.33,49.45,230.78,218,50310.04,97.7
2024-08,Gaza-Israel Conflict,Air Arabia,G9,Sharjah,Beirut,Airbus A320,2153,2153.0,0.0,No,No,48.0,91.64,109.62,5261.76,0.0,208.25,65.22,273.47,270,73836.9,98.0
2024-09,Gaza-Israel Conflict,Air Arabia,G9,Sharjah,Beirut,Airbus A320,2153,2153.0,0.0,No,No,48.0,79.27,90.67,4352.16,0.0,172.25,44.62,216.87,259,56169.33,97.59
2024-10,Gaza-Israel Conflict,Air Arabia,G9,Sharjah,Beirut,Airbus A320,2153,2153.0,0.0,No,No,48.0,94.78,113.06,5426.88,0.0,214.78,69.38,284.16,270,76723.2,98.05
2024-11,Gaza-Israel Conflict,Air Arabia,G9,Sharjah,Beirut,Airbus A320,2153,2153.0,0.0,No,No,48.0,91.13,105.42,5060.16,0.0,200.27,60.32,260.59,263,68535.17,97.92
2024-12,Pre-Iran Escalation,Air Arabia,G9,Sharjah,Beirut,Airbus A320,2153,2153.0,0.0,No,No,48.0,81.38,96.29,4621.92,0.0,182.92,50.32,233.24,247,57610.28,97.72
2025-01,Pre-Iran Escalation,Air Arabia,G9,Sharjah,Beirut,Airbus A320,2153,2153.0,0.0,No,No,48.0,85.13,100.74,4835.52,0.0,191.38,55.08,246.46,280,69008.8,97.82
2025-02,Pre-Iran Escalation,Air Arabia,G9,Sharjah,Beirut,Airbus A320,2153,2153.0,0.0,No,No,48.0,103.76,121.77,5844.96,0.0,231.33,80.48,311.81,266,82941.46,98.19
2025-03,Pre-Iran Escalation,Air Arabia,G9,Sharjah,Beirut,Airbus A320,2153,2153.0,0.0,No,No,48.0,101.26,114.33,5487.84,0.0,217.19,70.95,288.14,210,60509.4,98.08
2025-04,Pre-Iran Escalation,Air Arabia,G9,Sharjah,Beirut,Airbus A320,2153,2153.0,0.0,No,No,48.0,101.77,122.48,5879.04,0.0,232.68,81.42,314.1,262,82294.2,98.2
2025-05,Pre-Iran Escalation,Air Arabia,G9,Sharjah,Beirut,Airbus A320,2153,2153.0,0.0,No,No,48.0,102.74,118.36,5681.28,0.0,224.85,76.04,300.89,250,75222.5,98.14
2025-06,Pre-Iran Escalation,Air Arabia,G9,Sharjah,Beirut,Airbus A320,2153,2153.0,0.0,No,No,48.0,86.7,98.72,4738.56,0.0,187.54,52.9,240.44,220,52896.8,97.78
2025-07,Pre-Iran Escalation,Air Arabia,G9,Sharjah,Beirut,Airbus A320,2153,2153.0,0.0,No,No,48.0,93.24,104.81,5030.88,0.0,199.11,59.62,258.73,242,62612.66,97.91
2025-08,Pre-Iran Escalation,Air Arabia,G9,Sharjah,Beirut,Airbus A320,2153,2153.0,0.0,No,No,48.0,87.66,103.36,4961.28,0.0,196.35,57.98,254.33,249,63328.17,97.88
2025-09,Pre-Iran Escalation,Air Arabia,G9,Sharjah,Beirut,Airbus A320,2153,2153.0,0.0,No,No,48.0,104.85,124.54,5977.92,0.0,236.59,84.19,320.78,245,78591.1,98.23
2025-10,Pre-Iran Escalation,Air Arabia,G9,Sharjah,Beirut,Airbus A320,2153,2153.0,0.0,No,No,48.0,99.34,111.43,5348.64,0.0,211.68,67.39,279.07,242,67534.94,98.03
2025-11,Pre-Iran Escalation,Air Arabia,G9,Sharjah,Beirut,Airbus A320,2153,2153.0,0.0,No,No,48.0,92.61,108.47,5206.56,0.0,206.06,63.86,269.92,257,69369.44,97.97
2025-12,US-Iran War Conflict,Air Arabia,G9,Sharjah,Beirut,Airbus A320,2153,2153.0,0.0,No,No,48.0,122.22,139.65,6703.2,0.0,265.29,105.85,371.14,259,96125.26,98.42
2026-01,US-Iran War Conflict,Air Arabia,G9,Sharjah,Beirut,Airbus A320,2153,2153.0,0.0,No,No,48.0,130.88,155.03,7441.44,0.0,294.51,130.45,424.96,262,111339.52,98.57
2026-02,US-Iran War Conflict,Air Arabia,G9,Sharjah,Beirut,Airbus A320,2153,2153.0,0.0,No,Yes,48.0,155.73,177.13,8502.24,0.0,336.49,151.42,487.91,0,0.0,98.75
2026-03,US-Iran War Conflict,Air Arabia,G9,Sharjah,Beirut,Airbus A320,2153,2153.0,0.0,No,No,48.0,169.08,201.05,9650.4,0.0,381.94,171.87,553.81,272,150636.32,98.9
2026-04,De-escalation & Negotiations,Air Arabia,G9,Sharjah,Beirut,Airbus A320,2153,2153.0,0.0,No,No,48.0,111.38,129.05,6194.4,0.0,245.16,90.39,335.55,253,84894.15,98.29
2026-05,De-escalation & Negotiations,Air Arabia,G9,Sharjah,Beirut,Airbus A320,2153,2153.0,0.0,No,No,48.0,104.87,127.28,6109.44,0.0,241.79,87.93,329.72,215,70889.8,98.27
2026-06,De-escalation & Negotiations,Air Arabia,G9,Sharjah,Beirut,Airbus A320,2153,2153.0,0.0,No,Yes,48.0,92.83,105.25,5052.0,0.0,199.94,60.12,260.06,0,0.0,97.91
2019-01,Pre-Pandemic Baseline,Emirates,EK,Dubai,Colombo,Boeing 777-300ER,2725,2725.0,0.0,No,No,63.0,63.0,71.31,4492.53,0.0,171.46,34.93,206.39,210,43341.9,97.06
2019-02,Pre-Pandemic Baseline,Emirates,EK,Dubai,Colombo,Boeing 777-300ER,2725,2725.0,0.0,No,No,63.0,67.61,80.55,5074.65,0.0,193.68,44.57,238.25,254,60515.5,97.39
2019-03,Pre-Pandemic Baseline,Emirates,EK,Dubai,Colombo,Boeing 777-300ER,2725,2725.0,0.0,No,No,63.0,65.86,78.77,4962.51,0.0,189.4,42.63,232.03,283,65664.49,97.33
2019-04,Pre-Pandemic Baseline,Emirates,EK,Dubai,Colombo,Boeing 777-300ER,2725,2725.0,0.0,No,No,63.0,64.79,76.2,4800.6,0.0,183.22,39.89,223.11,272,60685.92,97.24
2019-05,Pre-Pandemic Baseline,Emirates,EK,Dubai,Colombo,Boeing 777-300ER,2725,2725.0,0.0,No,No,63.0,61.25,73.32,4619.16,0.0,176.29,36.93,213.22,246,52452.12,97.13
2019-06,Pre-Pandemic Baseline,Emirates,EK,Dubai,Colombo,Boeing 777-300ER,2725,2725.0,0.0,No,No,63.0,61.25,71.62,4512.06,0.0,172.2,35.24,207.44,263,54556.72,97.07
2019-07,Pre-Pandemic Baseline,Emirates,EK,Dubai,Colombo,Boeing 777-300ER,2725,2725.0,0.0,No,No,63.0,60.46,70.88,4465.44,0.0,170.42,34.51,204.93,265,54306.45,97.04
2019-08,Pre-Pandemic Baseline,Emirates,EK,Dubai,Colombo,Boeing 777-300ER,2725,2725.0,0.0,No,No,63.0,66.93,77.82,4902.66,0.0,187.11,41.6,228.71,254,58092.34,97.3
2019-09,Pre-Pandemic Baseline,Emirates,EK,Dubai,Colombo,Boeing 777-300ER,2725,2725.0,0.0,No,No,63.0,64.81,72.75,4583.25,0.0,174.92,36.36,211.28,276,58313.28,97.11
2019-10,Pre-Pandemic Baseline,Emirates,EK,Dubai,Colombo,Boeing 777-300ER,2725,2725.0,0.0,No,No,63.0,65.66,74.25,4677.75,0.0,178.53,37.87,216.4,234,50637.6,97.17
2019-11,Pre-Pandemic Baseline,Emirates,EK,Dubai,Colombo,Boeing 777-300ER,2725,2725.0,0.0,No,No,63.0,60.16,67.57,4256.91,0.0,162.47,31.37,193.84,260,50398.4,96.9
2019-12,Pre-Pandemic Baseline,Emirates,EK,Dubai,Colombo,Boeing 777-300ER,2725,2725.0,0.0,No,No,63.0,67.76,80.2,5052.6,0.0,192.83,44.19,237.02,214,50722.28,97.37
2020-01,Pre-Pandemic Baseline,Emirates,EK,Dubai,Colombo,Boeing 777-300ER,2725,2725.0,0.0,No,No,63.0,66.66,76.75,4835.25,0.0,184.54,40.47,225.01,220,49502.2,97.26
2020-02,Pre-Pandemic Baseline,Emirates,EK,Dubai,Colombo,Boeing 777-300ER,2725,2725.0,0.0,No,No,63.0,61.7,72.24,4551.12,0.0,173.69,35.85,209.54,280,58671.2,97.09
2020-03,COVID-19 Collapse,Emirates,EK,Dubai,Colombo,Boeing 777-300ER,2725,2725.0,0.0,No,No,63.0,20.55,24.88,1567.44,0.0,59.82,4.25,64.07,250,16017.5,92.0
2020-04,COVID-19 Collapse,Emirates,EK,Dubai,Colombo,Boeing 777-300ER,2725,2725.0,0.0,No,No,63.0,20.57,23.55,1483.65,0.0,56.62,3.81,60.43,266,16074.38,91.59
2020-05,COVID-19 Collapse,Emirates,EK,Dubai,Colombo,Boeing 777-300ER,2725,2725.0,0.0,No,No,63.0,22.26,25.84,1627.92,0.0,62.13,4.59,66.72,275,18348.0,92.28
2020-06,COVID-19 Collapse,Emirates,EK,Dubai,Colombo,Boeing 777-300ER,2725,2725.0,0.0,No,No,63.0,45.35,54.22,3415.86,0.0,130.37,20.2,150.57,280,42159.6,96.16
2020-07,COVID-19 Collapse,Emirates,EK,Dubai,Colombo,Boeing 777-300ER,2725,2725.0,0.0,No,No,63.0,44.05,50.34,3171.42,0.0,121.04,17.41,138.45,216,29905.2,95.88
2020-08,COVID-19 Collapse,Emirates,EK,Dubai,Colombo,Boeing 777-300ER,2725,2725.0,0.0,No,No,63.0,42.08,47.45,2989.35,0.0,114.09,15.47,129.56,262,33944.72,95.64
2020-09,COVID-19 Collapse,Emirates,EK,Dubai,Colombo,Boeing 777-300ER,2725,2725.0,0.0,No,No,63.0,46.57,53.51,3371.13,0.0,128.66,19.67,148.33,257,38120.81,96.12
2020-10,COVID-19 Collapse,Emirates,EK,Dubai,Colombo,Boeing 777-300ER,2725,2725.0,0.0,No,No,63.0,39.95,45.39,2859.57,0.0,109.14,14.15,123.29,255,31438.95,95.45
2020-11,COVID-19 Collapse,Emirates,EK,Dubai,Colombo,Boeing 777-300ER,2725,2725.0,0.0,No,No,63.0,42.09,51.05,3216.15,0.0,122.75,17.9,140.65,220,30943.0,95.94
2020-12,COVID-19 Collapse,Emirates,EK,Dubai,Colombo,Boeing 777-300ER,2725,2725.0,0.0,No,No,63.0,43.13,51.79,3262.77,0.0,124.52,18.43,142.95,267,38167.65,95.99
2021-01,COVID-19 Collapse,Emirates,EK,Dubai,Colombo,Boeing 777-300ER,2725,2725.0,0.0,No,No,63.0,75.49,89.33,5627.79,0.0,214.79,54.82,269.61,233,62819.13,97.64
2021-02,COVID-19 Collapse,Emirates,EK,Dubai,Colombo,Boeing 777-300ER,2725,2725.0,0.0,No,No,63.0,83.06,100.27,6317.01,0.0,241.09,69.07,310.16,226,70096.16,97.89
2021-03,COVID-19 Collapse,Emirates,EK,Dubai,Colombo,Boeing 777-300ER,2725,2725.0,0.0,No,No,63.0,69.59,83.53,5262.39,0.0,200.84,47.93,248.77,263,65426.51,97.48
2021-04,COVID-19 Collapse,Emirates,EK,Dubai,Colombo,Boeing 777-300ER,2725,2725.0,0.0,No,No,63.0,76.83,87.48,5511.24,0.0,210.34,52.57,262.91,226,59417.66,97.59
2021-05,COVID-19 Collapse,Emirates,EK,Dubai,Colombo,Boeing 777-300ER,2725,2725.0,0.0,No,No,63.0,78.63,95.08,5990.04,0.0,228.61,62.1,290.71,247,71805.37,97.78
2021-06,Recovery & Surge,Emirates,EK,Dubai,Colombo,Boeing 777-300ER,2725,2725.0,0.0,No,No,63.0,66.07,77.56,4886.28,0.0,186.49,41.33,227.82,233,53082.06,97.29
2021-07,Recovery & Surge,Emirates,EK,Dubai,Colombo,Boeing 777-300ER,2725,2725.0,0.0,No,No,63.0,78.97,94.82,5973.66,0.0,227.99,61.77,289.76,271,78524.96,97.77
2021-08,Recovery & Surge,Emirates,EK,Dubai,Colombo,Boeing 777-300ER,2725,2725.0,0.0,No,No,63.0,68.92,83.37,5252.31,0.0,200.46,47.75,248.21,281,69747.01,97.47
2021-09,Recovery & Surge,Emirates,EK,Dubai,Colombo,Boeing 777-300ER,2725,2725.0,0.0,No,No,63.0,66.5,76.59,4825.17,0.0,184.15,40.3,224.45,271,60825.95,97.25
2021-10,Recovery & Surge,Emirates,EK,Dubai,Colombo,Boeing 777-300ER,2725,2725.0,0.0,No,No,63.0,86.82,98.19,6185.97,0.0,236.09,66.23,302.32,239,72254.48,97.84
2021-11,Recovery & Surge,Emirates,EK,Dubai,Colombo,Boeing 777-300ER,2725,2725.0,0.0,No,No,63.0,87.21,99.66,6278.58,0.0,239.62,68.23,307.85,222,68342.7,97.88
2021-12,Recovery & Surge,Emirates,EK,Dubai,Colombo,Boeing 777-300ER,2725,2725.0,0.0,No,No,63.0,83.59,97.19,6122.97,0.0,233.68,64.89,298.57,262,78225.34,97.82
2022-01,Recovery & Surge,Emirates,EK,Dubai,Colombo,Boeing 777-300ER,2725,2725.0,0.0,No,No,63.0,72.01,86.54,5452.02,0.0,208.08,51.45,259.53,277,71889.81,97.56
2022-02,Recovery & Surge,Emirates,EK,Dubai,Colombo,Boeing 777-300ER,2725,2725.0,0.0,No,No,63.0,67.25,81.11,5109.93,0.0,195.02,45.19,240.21,240,57650.4,97.4
2022-03,Ukraine War Shock,Emirates,EK,Dubai,Colombo,Boeing 777-300ER,2725,2725.0,0.0,No,No,63.0,117.58,131.77,8301.51,0.0,316.83,119.28,436.11,213,92891.43,98.39
2022-04,Ukraine War Shock,Emirates,EK,Dubai,Colombo,Boeing 777-300ER,2725,2725.0,0.0,No,No,63.0,109.53,128.27,8081.01,0.0,308.41,113.03,421.44,219,92295.36,98.34
2022-05,Ukraine War Shock,Emirates,EK,Dubai,Colombo,Boeing 777-300ER,2725,2725.0,0.0,No,No,63.0,99.03,115.05,7248.15,0.0,276.63,90.93,367.56,238,87479.28,98.15
2022-06,Ukraine War Shock,Emirates,EK,Dubai,Colombo,Boeing 777-300ER,2725,2725.0,0.0,No,No,63.0,111.34,127.17,8011.71,0.0,305.77,111.1,416.87,247,102966.89,98.33
2022-07,Ukraine War Shock,Emirates,EK,Dubai,Colombo,Boeing 777-300ER,2725,2725.0,0.0,No,No,63.0,80.69,91.34,5754.42,0.0,219.62,57.31,276.93,231,63970.83,97.69
2022-08,Ukraine War Shock,Emirates,EK,Dubai,Colombo,Boeing 777-300ER,2725,2725.0,0.0,No,No,63.0,98.19,113.29,7137.27,0.0,272.4,88.17,360.57,246,88700.22,98.13
2022-09,Ukraine War Shock,Emirates,EK,Dubai,Colombo,Boeing 777-300ER,2725,2725.0,0.0,No,No,63.0,85.18,103.43,6516.09,0.0,248.69,73.49,322.18,281,90532.58,97.95
2022-10,Ukraine War Shock,Emirates,EK,Dubai,Colombo,Boeing 777-300ER,2725,2725.0,0.0,No,No,63.0,93.25,107.45,6769.35,0.0,258.35,79.31,337.66,215,72596.9,98.03
2022-11,Ukraine War Shock,Emirates,EK,Dubai,Colombo,Boeing 777-300ER,2725,2725.0,0.0,No,No,63.0,86.23,101.05,6366.15,0.0,242.97,70.15,313.12,270,84542.4,97.9
2022-12,Ukraine War Shock,Emirates,EK,Dubai,Colombo,Boeing 777-300ER,2725,2725.0,0.0,No,No,63.0,90.4,107.6,6778.8,0.0,258.71,79.53,338.24,244,82530.56,98.03
2023-01,Stabilisation,Emirates,EK,Dubai,Colombo,Boeing 777-300ER,2725,2725.0,0.0,No,No,63.0,84.29,97.47,6140.61,0.0,234.36,65.27,299.63,259,77604.17,97.83
2023-02,Stabilisation,Emirates,EK,Dubai,Colombo,Boeing 777-300ER,2725,2725.0,0.0,No,No,63.0,78.14,95.11,5991.93,0.0,228.68,62.14,290.82,282,82011.24,97.78
2023-03,Stabilisation,Emirates,EK,Dubai,Colombo,Boeing 777-300ER,2725,2725.0,0.0,No,No,63.0,91.48,111.26,7009.38,0.0,267.51,85.04,352.55,244,86022.2,98.09
2023-04,Stabilisation,Emirates,EK,Dubai,Colombo,Boeing 777-300ER,2725,2725.0,0.0,No,No,63.0,88.18,100.98,6361.74,0.0,242.8,70.05,312.85,217,67888.45,97.9
2023-05,Stabilisation,Emirates,EK,Dubai,Colombo,Boeing 777-300ER,2725,2725.0,0.0,No,No,63.0,90.97,106.41,6703.83,0.0,255.85,77.79,333.64,272,90750.08,98.01
2023-06,Stabilisation,Emirates,EK,Dubai,Colombo,Boeing 777-300ER,2725,2725.0,0.0,No,No,63.0,90.21,103.75,6536.25,0.0,249.46,73.95,323.41,229,74060.89,97.96
2023-07,Stabilisation,Emirates,EK,Dubai,Colombo,Boeing 777-300ER,2725,2725.0,0.0,No,No,63.0,85.16,97.8,6161.4,0.0,235.15,65.71,300.86,277,83338.22,97.84
2023-08,Stabilisation,Emirates,EK,Dubai,Colombo,Boeing 777-300ER,2725,2725.0,0.0,No,No,63.0,90.67,101.88,6418.44,0.0,244.96,71.3,316.26,216,68312.16,97.92
2023-09,Stabilisation,Emirates,EK,Dubai,Colombo,Boeing 777-300ER,2725,2725.0,0.0,No,No,63.0,76.5,90.34,5691.42,0.0,217.21,56.07,273.28,227,62034.56,97.66
2023-10,Gaza-Israel Conflict,Emirates,EK,Dubai,Colombo,Boeing 777-300ER,2725,2725.0,0.0,No,No,63.0,78.33,91.67,5775.21,0.0,220.41,57.73,278.14,282,78435.48,97.7
2023-11,Gaza-Israel Conflict,Emirates,EK,Dubai,Colombo,Boeing 777-300ER,2725,2725.0,0.0,No,No,63.0,75.77,85.25,5370.75,0.0,204.98,49.93,254.91,276,70355.16,97.53
2023-12,Gaza-Israel Conflict,Emirates,EK,Dubai,Colombo,Boeing 777-300ER,2725,2725.0,0.0,No,No,63.0,80.53,92.44,5823.72,0.0,222.26,58.7,280.96,226,63496.96,97.71
2024-01,Gaza-Israel Conflict,Emirates,EK,Dubai,Colombo,Boeing 777-300ER,2725,2725.0,0.0,No,No,63.0,84.61,102.45,6454.35,0.0,246.33,72.1,318.43,268,85339.24,97.93
2024-02,Gaza-Israel Conflict,Emirates,EK,Dubai,Colombo,Boeing 777-300ER,2725,2725.0,0.0,No,No,63.0,82.61,94.5,5953.5,0.0,227.22,61.35,288.57,216,62331.12,97.76
2024-03,Gaza-Israel Conflict,Emirates,EK,Dubai,Colombo,Boeing 777-300ER,2725,2725.0,0.0,No,No,63.0,92.09,104.48,6582.24,0.0,251.21,74.99,326.2,221,72090.2,97.97
2024-04,Gaza-Israel Conflict,Emirates,EK,Dubai,Colombo,Boeing 777-300ER,2725,2725.0,0.0,No,No,63.0,84.06,98.26,6190.38,0.0,236.26,66.33,302.59,223,67477.57,97.85
2024-05,Gaza-Israel Conflict,Emirates,EK,Dubai,Colombo,Boeing 777-300ER,2725,2725.0,0.0,No,No,63.0,82.78,100.87,6354.81,0.0,242.53,69.9,312.43,213,66547.59,97.9
2024-06,Gaza-Israel Conflict,Emirates,EK,Dubai,Colombo,Boeing 777-300ER,2725,2725.0,0.0,No,No,63.0,87.23,99.81,6288.03,0.0,239.98,68.44,308.42,246,75871.32,97.88
2024-07,Gaza-Israel Conflict,Emirates,EK,Dubai,Colombo,Boeing 777-300ER,2725,2725.0,0.0,No,No,63.0,80.4,95.45,6013.35,0.0,229.5,62.59,292.09,239,69809.51,97.78
2024-08,Gaza-Israel Conflict,Emirates,EK,Dubai,Colombo,Boeing 777-300ER,2725,2725.0,0.0,No,No,63.0,91.64,109.62,6906.06,0.0,263.57,82.55,346.12,254,87914.48,98.07
2024-09,Gaza-Israel Conflict,Emirates,EK,Dubai,Colombo,Boeing 777-300ER,2725,2725.0,0.0,No,No,63.0,79.27,90.67,5712.21,0.0,218.01,56.48,274.49,261,71641.89,97.67
2024-10,Gaza-Israel Conflict,Emirates,EK,Dubai,Colombo,Boeing 777-300ER,2725,2725.0,0.0,No,No,63.0,94.78,113.06,7122.78,0.0,271.84,87.81,359.65,254,91351.1,98.12
2024-11,Gaza-Israel Conflict,Emirates,EK,Dubai,Colombo,Boeing 777-300ER,2725,2725.0,0.0,No,No,63.0,91.13,105.42,6641.46,0.0,253.47,76.35,329.82,230,75858.6,97.99
2024-12,Pre-Iran Escalation,Emirates,EK,Dubai,Colombo,Boeing 777-300ER,2725,2725.0,0.0,No,No,63.0,81.38,96.29,6066.27,0.0,231.52,63.69,295.21,216,63765.36,97.8
2025-01,Pre-Iran Escalation,Emirates,EK,Dubai,Colombo,Boeing 777-300ER,2725,2725.0,0.0,No,No,63.0,85.13,100.74,6346.62,0.0,242.22,69.72,311.94,264,82352.16,97.9
2025-02,Pre-Iran Escalation,Emirates,EK,Dubai,Colombo,Boeing 777-300ER,2725,2725.0,0.0,No,No,63.0,103.76,121.77,7671.51,0.0,292.79,101.87,394.66,233,91955.78,98.25
2025-03,Pre-Iran Escalation,Emirates,EK,Dubai,Colombo,Boeing 777-300ER,2725,2725.0,0.0,No,No,63.0,101.26,114.33,7202.79,0.0,274.9,89.8,364.7,228,83151.6,98.14
2025-04,Pre-Iran Escalation,Emirates,EK,Dubai,Colombo,Boeing 777-300ER,2725,2725.0,0.0,No,No,63.0,101.77,122.48,7716.24,0.0,294.49,103.05,397.54,261,103757.94,98.26
2025-05,Pre-Iran Escalation,Emirates,EK,Dubai,Colombo,Boeing 777-300ER,2725,2725.0,0.0,No,No,63.0,102.74,118.36,7456.68,0.0,284.59,96.24,380.83,243,92541.69,98.21
2025-06,Pre-Iran Escalation,Emirates,EK,Dubai,Colombo,Boeing 777-300ER,2725,2725.0,0.0,No,No,63.0,86.7,98.72,6219.36,0.0,237.36,66.95,304.31,225,68469.75,97.86
2025-07,Pre-Iran Escalation,Emirates,EK,Dubai,Colombo,Boeing 777-300ER,2725,2725.0,0.0,No,No,63.0,93.24,104.81,6603.03,0.0,252.01,75.47,327.48,267,87437.16,97.98
2025-08,Pre-Iran Escalation,Emirates,EK,Dubai,Colombo,Boeing 777-300ER,2725,2725.0,0.0,No,No,63.0,87.66,103.36,6511.68,0.0,248.52,73.39,321.91,270,86915.7,97.95
2025-09,Pre-Iran Escalation,Emirates,EK,Dubai,Colombo,Boeing 777-300ER,2725,2725.0,0.0,No,No,63.0,104.85,124.54,7846.02,0.0,299.45,106.55,406.0,283,114898.0,98.29
2025-10,Pre-Iran Escalation,Emirates,EK,Dubai,Colombo,Boeing 777-300ER,2725,2725.0,0.0,No,No,63.0,99.34,111.43,7020.09,0.0,267.92,85.3,353.22,245,86538.9,98.1
2025-11,Pre-Iran Escalation,Emirates,EK,Dubai,Colombo,Boeing 777-300ER,2725,2725.0,0.0,No,No,63.0,92.61,108.47,6833.61,0.0,260.81,80.83,341.64,212,72427.68,98.05
2025-12,US-Iran War Conflict,Emirates,EK,Dubai,Colombo,Boeing 777-300ER,2725,2725.0,0.0,No,No,63.0,122.22,139.65,8797.95,0.0,335.78,133.98,469.76,248,116500.48,98.47
2026-01,US-Iran War Conflict,Emirates,EK,Dubai,Colombo,Boeing 777-300ER,2725,2725.0,0.0,No,No,63.0,130.88,155.03,9766.89,0.0,372.76,165.11,537.87,211,113490.57,98.62
2026-02,US-Iran War Conflict,Emirates,EK,Dubai,Colombo,Boeing 777-300ER,2725,2725.0,0.0,No,Yes,63.0,155.73,177.13,11159.19,0.0,425.89,191.65,617.54,0,0.0,98.79
2026-03,US-Iran War Conflict,Emirates,EK,Dubai,Colombo,Boeing 777-300ER,2725,2725.0,0.0,No,No,63.0,169.08,201.05,12666.15,0.0,483.41,217.53,700.94,223,156309.62,98.94
2026-04,De-escalation & Negotiations,Emirates,EK,Dubai,Colombo,Boeing 777-300ER,2725,2725.0,0.0,No,No,63.0,111.38,129.05,8130.15,0.0,310.29,114.41,424.7,279,118491.3,98.35
2026-05,De-escalation & Negotiations,Emirates,EK,Dubai,Colombo,Boeing 777-300ER,2725,2725.0,0.0,No,No,63.0,104.87,127.28,8018.64,0.0,306.03,111.29,417.32,281,117266.92,98.33
2026-06,De-escalation & Negotiations,Emirates,EK,Dubai,Colombo,Boeing 777-300ER,2725,2725.0,0.0,No,No,63.0,92.83,105.25,6630.75,0.0,253.06,76.1,329.16,268,88214.88,97.99
2019-01,Pre-Pandemic Baseline,Qatar Airways,QR,Doha,Kuala Lumpur,Airbus A350-900,6320,6320.0,0.0,No,No,132.0,63.0,71.31,9412.92,0.0,397.66,81.02,478.68,216,103394.88,96.75
2019-02,Pre-Pandemic Baseline,Qatar Airways,QR,Doha,Kuala Lumpur,Airbus A350-900,6320,6320.0,0.0,No,No,132.0,67.61,80.55,10632.6,0.0,449.18,103.38,552.56,251,138692.56,97.11
2019-03,Pre-Pandemic Baseline,Qatar Airways,QR,Doha,Kuala Lumpur,Airbus A350-900,6320,6320.0,0.0,No,No,132.0,65.86,78.77,10397.64,0.0,439.26,98.86,538.12,236,126996.32,97.05
2019-04,Pre-Pandemic Baseline,Qatar Airways,QR,Doha,Kuala Lumpur,Airbus A350-900,6320,6320.0,0.0,No,No,132.0,64.79,76.2,10058.4,0.0,424.93,92.51,517.44,271,140226.24,96.95
2019-05,Pre-Pandemic Baseline,Qatar Airways,QR,Doha,Kuala Lumpur,Airbus A350-900,6320,6320.0,0.0,No,No,132.0,61.25,73.32,9678.24,0.0,408.87,85.65,494.52,232,114728.64,96.84
2019-06,Pre-Pandemic Baseline,Qatar Airways,QR,Doha,Kuala Lumpur,Airbus A350-900,6320,6320.0,0.0,No,No,132.0,61.25,71.62,9453.84,0.0,399.39,81.73,481.12,243,116912.16,96.77
2019-07,Pre-Pandemic Baseline,Qatar Airways,QR,Doha,Kuala Lumpur,Airbus A350-900,6320,6320.0,0.0,No,No,132.0,60.46,70.88,9356.16,0.0,395.26,80.05,475.31,253,120253.43,96.73
2019-08,Pre-Pandemic Baseline,Qatar Airways,QR,Doha,Kuala Lumpur,Airbus A350-900,6320,6320.0,0.0,No,No,132.0,66.93,77.82,10272.24,0.0,433.96,96.49,530.45,212,112455.4,97.02
2019-09,Pre-Pandemic Baseline,Qatar Airways,QR,Doha,Kuala Lumpur,Airbus A350-900,6320,6320.0,0.0,No,No,132.0,64.81,72.75,9603.0,0.0,405.69,84.33,490.02,255,124955.1,96.81
2019-10,Pre-Pandemic Baseline,Qatar Airways,QR,Doha,Kuala Lumpur,Airbus A350-900,6320,6320.0,0.0,No,No,132.0,65.66,74.25,9801.0,0.0,414.05,87.84,501.89,235,117944.15,96.88
2019-11,Pre-Pandemic Baseline,Qatar Airways,QR,Doha,Kuala Lumpur,Airbus A350-900,6320,6320.0,0.0,No,No,132.0,60.16,67.57,8919.24,0.0,376.8,72.74,449.54,249,111935.46,96.58
2019-12,Pre-Pandemic Baseline,Qatar Airways,QR,Doha,Kuala Lumpur,Airbus A350-900,6320,6320.0,0.0,No,No,132.0,67.76,80.2,10586.4,0.0,447.23,102.48,549.71,219,120386.49,97.1
2020-01,Pre-Pandemic Baseline,Qatar Airways,QR,Doha,Kuala Lumpur,Airbus A350-900,6320,6320.0,0.0,No,No,132.0,66.66,76.75,10131.0,0.0,427.99,93.85,521.84,235,122632.4,96.98
2020-02,Pre-Pandemic Baseline,Qatar Airways,QR,Doha,Kuala Lumpur,Airbus A350-900,6320,6320.0,0.0,No,No,132.0,61.7,72.24,9535.68,0.0,402.84,83.15,485.99,253,122955.47,96.79
2020-03,COVID-19 Collapse,Qatar Airways,QR,Doha,Kuala Lumpur,Airbus A350-900,6320,6320.0,0.0,No,No,132.0,20.55,24.88,3284.16,0.0,138.74,9.86,148.6,252,37447.2,91.22
2020-04,COVID-19 Collapse,Qatar Airways,QR,Doha,Kuala Lumpur,Airbus A350-900,6320,6320.0,0.0,No,No,132.0,20.57,23.55,3108.6,0.0,131.33,8.84,140.17,221,30977.57,90.77
2020-05,COVID-19 Collapse,Qatar Airways,QR,Doha,Kuala Lumpur,Airbus A350-900,6320,6320.0,0.0,No,No,132.0,22.26,25.84,3410.88,0.0,144.1,10.64,154.74,241,37292.34,91.52
2020-06,COVID-19 Collapse,Qatar Airways,QR,Doha,Kuala Lumpur,Airbus A350-900,6320,6320.0,0.0,No,No,132.0,45.35,54.22,7157.04,0.0,302.36,46.84,349.2,248,86601.6,95.77
2020-07,COVID-19 Collapse,Qatar Airways,QR,Doha,Kuala Lumpur,Airbus A350-900,6320,6320.0,0.0,No,No,132.0,44.05,50.34,6644.88,0.0,280.72,40.38,321.1,216,69357.6,95.46
2020-08,COVID-19 Collapse,Qatar Airways,QR,Doha,Kuala Lumpur,Airbus A350-900,6320,6320.0,0.0,No,No,132.0,42.08,47.45,6263.4,0.0,264.6,35.87,300.47,254,76319.38,95.2
2020-09,COVID-19 Collapse,Qatar Airways,QR,Doha,Kuala Lumpur,Airbus A350-900,6320,6320.0,0.0,No,No,132.0,46.57,53.51,7063.32,0.0,298.4,45.62,344.02,227,78092.54,95.72
2020-10,COVID-19 Collapse,Qatar Airways,QR,Doha,Kuala Lumpur,Airbus A350-900,6320,6320.0,0.0,No,No,132.0,39.95,45.39,5991.48,0.0,253.12,32.83,285.95,279,79780.05,94.99
2020-11,COVID-19 Collapse,Qatar Airways,QR,Doha,Kuala Lumpur,Airbus A350-900,6320,6320.0,0.0,No,No,132.0,42.09,51.05,6738.6,0.0,284.68,41.52,326.2,230,75026.0,95.52
2020-12,COVID-19 Collapse,Qatar Airways,QR,Doha,Kuala Lumpur,Airbus A350-900,6320,6320.0,0.0,No,No,132.0,43.13,51.79,6836.28,0.0,288.81,42.74,331.55,269,89186.95,95.58
2021-01,COVID-19 Collapse,Qatar Airways,QR,Doha,Kuala Lumpur,Airbus A350-900,6320,6320.0,0.0,No,No,132.0,75.49,89.33,11791.56,0.0,498.15,127.14,625.29,253,158198.37,97.39
2021-02,COVID-19 Collapse,Qatar Airways,QR,Doha,Kuala Lumpur,Airbus A350-900,6320,6320.0,0.0,No,No,132.0,83.06,100.27,13235.64,0.0,559.15,160.19,719.34,261,187747.74,97.67
2021-03,COVID-19 Collapse,Qatar Airways,QR,Doha,Kuala Lumpur,Airbus A350-900,6320,6320.0,0.0,No,No,132.0,69.59,83.53,11025.96,0.0,465.8,111.17,576.97,277,159820.69,97.21
2021-04,COVID-19 Collapse,Qatar Airways,QR,Doha,Kuala Lumpur,Airbus A350-900,6320,6320.0,0.0,No,No,132.0,76.83,87.48,11547.36,0.0,487.83,121.93,609.76,273,166464.48,97.34
2021-05,COVID-19 Collapse,Qatar Airways,QR,Doha,Kuala Lumpur,Airbus A350-900,6320,6320.0,0.0,No,No,132.0,78.63,95.08,12550.56,0.0,530.21,144.04,674.25,219,147660.75,97.54
2021-06,Recovery & Surge,Qatar Airways,QR,Doha,Kuala Lumpur,Airbus A350-900,6320,6320.0,0.0,No,No,132.0,66.07,77.56,10237.92,0.0,432.51,95.84,528.35,280,147938.0,97.01
2021-07,Recovery & Surge,Qatar Airways,QR,Doha,Kuala Lumpur,Airbus A350-900,6320,6320.0,0.0,No,No,132.0,78.97,94.82,12516.24,0.0,528.76,143.25,672.01,220,147842.2,97.54
2021-08,Recovery & Surge,Qatar Airways,QR,Doha,Kuala Lumpur,Airbus A350-900,6320,6320.0,0.0,No,No,132.0,68.92,83.37,11004.84,0.0,464.91,110.74,575.65,233,134126.45,97.21
2021-09,Recovery & Surge,Qatar Airways,QR,Doha,Kuala Lumpur,Airbus A350-900,6320,6320.0,0.0,No,No,132.0,66.5,76.59,10109.88,0.0,427.1,93.46,520.56,249,129619.44,96.97
2021-10,Recovery & Surge,Qatar Airways,QR,Doha,Kuala Lumpur,Airbus A350-900,6320,6320.0,0.0,No,No,132.0,86.82,98.19,12961.08,0.0,547.55,153.61,701.16,280,196324.8,97.62
2021-11,Recovery & Surge,Qatar Airways,QR,Doha,Kuala Lumpur,Airbus A350-900,6320,6320.0,0.0,No,No,132.0,87.21,99.66,13155.12,0.0,555.75,158.25,714.0,257,183498.0,97.65
2021-12,Recovery & Surge,Qatar Airways,QR,Doha,Kuala Lumpur,Airbus A350-900,6320,6320.0,0.0,No,No,132.0,83.59,97.19,12829.08,0.0,541.98,150.5,692.48,275,190432.0,97.6
2022-01,Recovery & Surge,Qatar Airways,QR,Doha,Kuala Lumpur,Airbus A350-900,6320,6320.0,0.0,No,No,132.0,72.01,86.54,11423.28,0.0,482.59,119.32,601.91,280,168534.8,97.31
2022-02,Recovery & Surge,Qatar Airways,QR,Doha,Kuala Lumpur,Airbus A350-900,6320,6320.0,0.0,No,No,132.0,67.25,81.11,10706.52,0.0,452.31,104.82,557.13,266,148196.58,97.13
2022-03,Ukraine War Shock,Qatar Airways,QR,Doha,Kuala Lumpur,Airbus A350-900,6320,6320.0,0.0,No,No,132.0,117.58,131.77,17393.64,0.0,734.81,276.65,1011.46,246,248819.16,98.22
2022-04,Ukraine War Shock,Qatar Airways,QR,Doha,Kuala Lumpur,Airbus A350-900,6320,6320.0,0.0,No,No,132.0,109.53,128.27,16931.64,0.0,715.29,262.14,977.43,239,233605.77,98.17
2022-05,Ukraine War Shock,Qatar Airways,QR,Doha,Kuala Lumpur,Airbus A350-900,6320,6320.0,0.0,No,No,132.0,99.03,115.05,15186.6,0.0,641.57,210.89,852.46,230,196065.8,97.96
2022-06,Ukraine War Shock,Qatar Airways,QR,Doha,Kuala Lumpur,Airbus A350-900,6320,6320.0,0.0,No,No,132.0,111.34,127.17,16786.44,0.0,709.16,257.67,966.83,247,238807.01,98.15
2022-07,Ukraine War Shock,Qatar Airways,QR,Doha,Kuala Lumpur,Airbus A350-900,6320,6320.0,0.0,No,No,132.0,80.69,91.34,12056.88,0.0,509.35,132.93,642.28,213,136805.64,97.45
2022-08,Ukraine War Shock,Qatar Airways,QR,Doha,Kuala Lumpur,Airbus A350-900,6320,6320.0,0.0,No,No,132.0,98.19,113.29,14954.28,0.0,631.76,204.49,836.25,227,189828.75,97.93
2022-09,Ukraine War Shock,Qatar Airways,QR,Doha,Kuala Lumpur,Airbus A350-900,6320,6320.0,0.0,No,No,132.0,85.18,103.43,13652.76,0.0,576.77,170.44,747.21,236,176341.56,97.74
2022-10,Ukraine War Shock,Qatar Airways,QR,Doha,Kuala Lumpur,Airbus A350-900,6320,6320.0,0.0,No,No,132.0,93.25,107.45,14183.4,0.0,599.19,183.95,783.14,274,214580.36,97.82
2022-11,Ukraine War Shock,Qatar Airways,QR,Doha,Kuala Lumpur,Airbus A350-900,6320,6320.0,0.0,No,No,132.0,86.23,101.05,13338.6,0.0,563.5,162.69,726.19,238,172833.22,97.69
2022-12,Ukraine War Shock,Qatar Airways,QR,Doha,Kuala Lumpur,Airbus A350-900,6320,6320.0,0.0,No,No,132.0,90.4,107.6,14203.2,0.0,600.03,184.47,784.5,227,178081.5,97.82
2023-01,Stabilisation,Qatar Airways,QR,Doha,Kuala Lumpur,Airbus A350-900,6320,6320.0,0.0,No,No,132.0,84.29,97.47,12866.04,0.0,543.54,151.37,694.91,268,186235.88,97.6
2023-02,Stabilisation,Qatar Airways,QR,Doha,Kuala Lumpur,Airbus A350-900,6320,6320.0,0.0,No,No,132.0,78.14,95.11,12554.52,0.0,530.38,144.13,674.51,280,188862.8,97.54
2023-03,Stabilisation,Qatar Airways,QR,Doha,Kuala Lumpur,Airbus A350-900,6320,6320.0,0.0,No,No,132.0,91.48,111.26,14686.32,0.0,620.44,197.23,817.67,268,219135.56,97.89
2023-04,Stabilisation,Qatar Airways,QR,Doha,Kuala Lumpur,Airbus A350-900,6320,6320.0,0.0,No,No,132.0,88.18,100.98,13329.36,0.0,563.11,162.47,725.58,219,158902.02,97.68
2023-05,Stabilisation,Qatar Airways,QR,Doha,Kuala Lumpur,Airbus A350-900,6320,6320.0,0.0,No,No,132.0,90.97,106.41,14046.12,0.0,593.39,180.41,773.8,234,181069.2,97.8
2023-06,Stabilisation,Qatar Airways,QR,Doha,Kuala Lumpur,Airbus A350-900,6320,6320.0,0.0,No,No,132.0,90.21,103.75,13695.0,0.0,578.56,171.5,750.06,255,191265.3,97.74
2023-07,Stabilisation,Qatar Airways,QR,Doha,Kuala Lumpur,Airbus A350-900,6320,6320.0,0.0,No,No,132.0,85.16,97.8,12909.6,0.0,545.38,152.39,697.77,224,156300.48,97.61
2023-08,Stabilisation,Qatar Airways,QR,Doha,Kuala Lumpur,Airbus A350-900,6320,6320.0,0.0,No,No,132.0,90.67,101.88,13448.16,0.0,568.13,165.37,733.5,257,188509.5,97.7
2023-09,Stabilisation,Qatar Airways,QR,Doha,Kuala Lumpur,Airbus A350-900,6320,6320.0,0.0,No,No,132.0,76.5,90.34,11924.88,0.0,503.78,130.03,633.81,227,143874.87,97.42
2023-10,Gaza-Israel Conflict,Qatar Airways,QR,Doha,Kuala Lumpur,Airbus A350-900,6320,6320.0,0.0,No,No,132.0,78.33,91.67,12100.44,0.0,511.2,133.89,645.09,250,161272.5,97.45
2023-11,Gaza-Israel Conflict,Qatar Airways,QR,Doha,Kuala Lumpur,Airbus A350-900,6320,6320.0,0.0,No,No,132.0,75.77,85.25,11253.0,0.0,475.39,115.79,591.18,263,155480.34,97.27
2023-12,Gaza-Israel Conflict,Qatar Airways,QR,Doha,Kuala Lumpur,Airbus A350-900,6320,6320.0,0.0,No,No,132.0,80.53,92.44,12202.08,0.0,515.49,136.15,651.64,269,175291.16,97.48
2024-01,Gaza-Israel Conflict,Qatar Airways,QR,Doha,Kuala Lumpur,Airbus A350-900,6320,6320.0,0.0,No,No,132.0,84.61,102.45,13523.4,0.0,571.31,167.23,738.54,270,199405.8,97.72
2024-02,Gaza-Israel Conflict,Qatar Airways,QR,Doha,Kuala Lumpur,Airbus A350-900,6320,6320.0,0.0,No,No,132.0,82.61,94.5,12474.0,0.0,526.98,142.28,669.26,268,179361.68,97.53
2024-03,Gaza-Israel Conflict,Qatar Airways,QR,Doha,Kuala Lumpur,Airbus A350-900,6320,6320.0,0.0,No,No,132.0,92.09,104.48,13791.36,0.0,582.63,173.92,756.55,220,166441.0,97.76
2024-04,Gaza-Israel Conflict,Qatar Airways,QR,Doha,Kuala Lumpur,Airbus A350-900,6320,6320.0,0.0,No,No,132.0,84.06,98.26,12970.32,0.0,547.94,153.83,701.77,284,199302.68,97.62
2024-05,Gaza-Israel Conflict,Qatar Airways,QR,Doha,Kuala Lumpur,Airbus A350-900,6320,6320.0,0.0,No,No,132.0,82.78,100.87,13314.84,0.0,562.5,162.11,724.61,267,193470.87,97.68
2024-06,Gaza-Israel Conflict,Qatar Airways,QR,Doha,Kuala Lumpur,Airbus A350-900,6320,6320.0,0.0,No,No,132.0,87.23,99.81,13174.92,0.0,556.59,158.72,715.31,217,155222.27,97.66
2024-07,Gaza-Israel Conflict,Qatar Airways,QR,Doha,Kuala Lumpur,Airbus A350-900,6320,6320.0,0.0,No,No,132.0,80.4,95.45,12599.4,0.0,532.27,145.16,677.43,262,177486.66,97.55
2024-08,Gaza-Israel Conflict,Qatar Airways,QR,Doha,Kuala Lumpur,Airbus A350-900,6320,6320.0,0.0,No,No,132.0,91.64,109.62,14469.84,0.0,611.29,191.46,802.75,245,196673.75,97.86
2024-09,Gaza-Israel Conflict,Qatar Airways,QR,Doha,Kuala Lumpur,Airbus A350-900,6320,6320.0,0.0,No,No,132.0,79.27,90.67,11968.44,0.0,505.62,130.98,636.6,242,154057.2,97.43
2024-10,Gaza-Israel Conflict,Qatar Airways,QR,Doha,Kuala Lumpur,Airbus A350-900,6320,6320.0,0.0,No,No,132.0,94.78,113.06,14923.92,0.0,630.48,203.66,834.14,260,216876.4,97.93
2024-11,Gaza-Israel Conflict,Qatar Airways,QR,Doha,Kuala Lumpur,Airbus A350-900,6320,6320.0,0.0,No,No,132.0,91.13,105.42,13915.44,0.0,587.87,177.07,764.94,222,169816.68,97.78
2024-12,Pre-Iran Escalation,Qatar Airways,QR,Doha,Kuala Lumpur,Airbus A350-900,6320,6320.0,0.0,No,No,132.0,81.38,96.29,12710.28,0.0,536.96,147.73,684.69,284,194451.96,97.57
2025-01,Pre-Iran Escalation,Qatar Airways,QR,Doha,Kuala Lumpur,Airbus A350-900,6320,6320.0,0.0,No,No,132.0,85.13,100.74,13297.68,0.0,561.77,161.69,723.46,250,180865.0,97.68
2025-02,Pre-Iran Escalation,Qatar Airways,QR,Doha,Kuala Lumpur,Airbus A350-900,6320,6320.0,0.0,No,No,132.0,103.76,121.77,16073.64,0.0,679.05,236.25,915.3,254,232486.2,98.07
2025-03,Pre-Iran Escalation,Qatar Airways,QR,Doha,Kuala Lumpur,Airbus A350-900,6320,6320.0,0.0,No,No,132.0,101.26,114.33,15091.56,0.0,637.56,208.26,845.82,241,203842.62,97.95
2025-04,Pre-Iran Escalation,Qatar Airways,QR,Doha,Kuala Lumpur,Airbus A350-900,6320,6320.0,0.0,No,No,132.0,101.77,122.48,16167.36,0.0,683.01,239.01,922.02,255,235115.1,98.08
2025-05,Pre-Iran Escalation,Qatar Airways,QR,Doha,Kuala Lumpur,Airbus A350-900,6320,6320.0,0.0,No,No,132.0,102.74,118.36,15623.52,0.0,660.03,223.2,883.23,259,228756.57,98.02
2025-06,Pre-Iran Escalation,Qatar Airways,QR,Doha,Kuala Lumpur,Airbus A350-900,6320,6320.0,0.0,No,No,132.0,86.7,98.72,13031.04,0.0,550.51,155.28,705.79,235,165860.65,97.63
2025-07,Pre-Iran Escalation,Qatar Airways,QR,Doha,Kuala Lumpur,Airbus A350-900,6320,6320.0,0.0,No,No,132.0,93.24,104.81,13834.92,0.0,584.47,175.02,759.49,244,185315.56,97.77
2025-08,Pre-Iran Escalation,Qatar Airways,QR,Doha,Kuala Lumpur,Airbus A350-900,6320,6320.0,0.0,No,No,132.0,87.66,103.36,13643.52,0.0,576.38,170.21,746.59,229,170969.11,97.74
2025-09,Pre-Iran Escalation,Qatar Airways,QR,Doha,Kuala Lumpur,Airbus A350-900,6320,6320.0,0.0,No,No,132.0,104.85,124.54,16439.28,0.0,694.49,247.12,941.61,267,251409.87,98.11
2025-10,Pre-Iran Escalation,Qatar Airways,QR,Doha,Kuala Lumpur,Airbus A350-900,6320,6320.0,0.0,No,No,132.0,99.34,111.43,14708.76,0.0,621.39,197.83,819.22,265,217093.3,97.9
2025-11,Pre-Iran Escalation,Qatar Airways,QR,Doha,Kuala Lumpur,Airbus A350-900,6320,6320.0,0.0,No,No,132.0,92.61,108.47,14318.04,0.0,604.88,187.46,792.34,270,213931.8,97.84
2025-12,US-Iran War Conflict,Qatar Airways,QR,Doha,Kuala Lumpur,Airbus A350-900,6320,7581.0,1261.0,Yes,No,158.3,122.22,139.65,22106.6,4410.83,778.75,310.72,1089.47,211,229878.17,98.59
2026-01,US-Iran War Conflict,Qatar Airways,QR,Doha,Kuala Lumpur,Airbus A350-900,6320,7031.0,711.0,Yes,No,146.8,130.88,155.03,22758.4,2560.32,864.52,382.93,1247.45,239,298140.55,98.63
2026-02,US-Iran War Conflict,Qatar Airways,QR,Doha,Kuala Lumpur,Airbus A350-900,6320,7077.0,757.0,Yes,No,147.8,155.73,177.13,26179.81,3135.78,987.76,444.49,1432.25,249,356630.25,98.81
2026-03,US-Iran War Conflict,Qatar Airways,QR,Doha,Kuala Lumpur,Airbus A350-900,6320,7791.0,1471.0,Yes,Yes,162.7,169.08,201.05,32710.83,7613.55,1121.15,504.52,1625.67,0,0.0,99.04
2026-04,De-escalation & Negotiations,Qatar Airways,QR,Doha,Kuala Lumpur,Airbus A350-900,6320,6501.0,181.0,Yes,No,135.8,111.38,129.05,17524.99,501.9,719.64,265.34,984.98,239,235410.22,98.23
2026-05,De-escalation & Negotiations,Qatar Airways,QR,Doha,Kuala Lumpur,Airbus A350-900,6320,6406.0,86.0,Yes,No,133.8,104.87,127.28,17030.06,231.74,709.77,258.11,967.88,210,203254.8,98.18
2026-06,De-escalation & Negotiations,Qatar Airways,QR,Doha,Kuala Lumpur,Airbus A350-900,6320,6571.0,251.0,Yes,No,137.2,92.83,105.25,14440.3,573.5,586.92,176.5,763.42,264,201542.88,97.86
2019-01,Pre-Pandemic Baseline,Emirates,EK,Dubai,Bangkok,Airbus A380,4905,4905.0,0.0,No,No,107.0,63.0,71.31,7630.17,0.0,308.63,62.88,371.51,274,101793.74,96.89
2019-02,Pre-Pandemic Baseline,Emirates,EK,Dubai,Bangkok,Airbus A380,4905,4905.0,0.0,No,No,107.0,67.61,80.55,8618.85,0.0,348.62,80.23,428.85,242,103781.7,97.23
2019-03,Pre-Pandemic Baseline,Emirates,EK,Dubai,Bangkok,Airbus A380,4905,4905.0,0.0,No,No,107.0,65.86,78.77,8428.39,0.0,340.91,76.72,417.63,223,93131.49,97.17
2019-04,Pre-Pandemic Baseline,Emirates,EK,Dubai,Bangkok,Airbus A380,4905,4905.0,0.0,No,No,107.0,64.79,76.2,8153.4,0.0,329.79,71.8,401.59,229,91964.11,97.08
2019-05,Pre-Pandemic Baseline,Emirates,EK,Dubai,Bangkok,Airbus A380,4905,4905.0,0.0,No,No,107.0,61.25,73.32,7845.24,0.0,317.32,66.47,383.79,243,93260.97,96.97
2019-06,Pre-Pandemic Baseline,Emirates,EK,Dubai,Bangkok,Airbus A380,4905,4905.0,0.0,No,No,107.0,61.25,71.62,7663.34,0.0,309.97,63.43,373.4,258,96337.2,96.9
2019-07,Pre-Pandemic Baseline,Emirates,EK,Dubai,Bangkok,Airbus A380,4905,4905.0,0.0,No,No,107.0,60.46,70.88,7584.16,0.0,306.76,62.12,368.88,250,92220.0,96.87
2019-08,Pre-Pandemic Baseline,Emirates,EK,Dubai,Bangkok,Airbus A380,4905,4905.0,0.0,No,No,107.0,66.93,77.82,8326.74,0.0,336.8,74.89,411.69,273,112391.37,97.14
2019-09,Pre-Pandemic Baseline,Emirates,EK,Dubai,Bangkok,Airbus A380,4905,4905.0,0.0,No,No,107.0,64.81,72.75,7784.25,0.0,314.86,65.45,380.31,211,80245.41,96.95
2019-10,Pre-Pandemic Baseline,Emirates,EK,Dubai,Bangkok,Airbus A380,4905,4905.0,0.0,No,No,107.0,65.66,74.25,7944.75,0.0,321.35,68.17,389.52,284,110623.68,97.01
2019-11,Pre-Pandemic Baseline,Emirates,EK,Dubai,Bangkok,Airbus A380,4905,4905.0,0.0,No,No,107.0,60.16,67.57,7229.99,0.0,292.44,56.46,348.9,279,97343.1,96.72
2019-12,Pre-Pandemic Baseline,Emirates,EK,Dubai,Bangkok,Airbus A380,4905,4905.0,0.0,No,No,107.0,67.76,80.2,8581.4,0.0,347.1,79.54,426.64,221,94287.44,97.22
2020-01,Pre-Pandemic Baseline,Emirates,EK,Dubai,Bangkok,Airbus A380,4905,4905.0,0.0,No,No,107.0,66.66,76.75,8212.25,0.0,332.17,72.84,405.01,213,86267.13,97.1
2020-02,Pre-Pandemic Baseline,Emirates,EK,Dubai,Bangkok,Airbus A380,4905,4905.0,0.0,No,No,107.0,61.7,72.24,7729.68,0.0,312.65,64.53,377.18,256,96558.08,96.92
2020-03,COVID-19 Collapse,Emirates,EK,Dubai,Bangkok,Airbus A380,4905,4905.0,0.0,No,No,107.0,20.55,24.88,2662.16,0.0,107.68,7.65,115.33,264,30447.12,91.56
2020-04,COVID-19 Collapse,Emirates,EK,Dubai,Bangkok,Airbus A380,4905,4905.0,0.0,No,No,107.0,20.57,23.55,2519.85,0.0,101.92,6.86,108.78,245,26651.1,91.13
2020-05,COVID-19 Collapse,Emirates,EK,Dubai,Bangkok,Airbus A380,4905,4905.0,0.0,No,No,107.0,22.26,25.84,2764.88,0.0,111.83,8.26,120.09,230,27620.7,91.85
2020-06,COVID-19 Collapse,Emirates,EK,Dubai,Bangkok,Airbus A380,4905,4905.0,0.0,No,No,107.0,45.35,54.22,5801.54,0.0,234.66,36.35,271.01,257,69649.57,95.94
2020-07,COVID-19 Collapse,Emirates,EK,Dubai,Bangkok,Airbus A380,4905,4905.0,0.0,No,No,107.0,44.05,50.34,5386.38,0.0,217.87,31.34,249.21,257,64046.97,95.65
2020-08,COVID-19 Collapse,Emirates,EK,Dubai,Bangkok,Airbus A380,4905,4905.0,0.0,No,No,107.0,42.08,47.45,5077.15,0.0,205.36,27.84,233.2,221,51537.2,95.39
2020-09,COVID-19 Collapse,Emirates,EK,Dubai,Bangkok,Airbus A380,4905,4905.0,0.0,No,No,107.0,46.57,53.51,5725.57,0.0,231.59,35.41,267.0,269,71823.0,95.89
2020-10,COVID-19 Collapse,Emirates,EK,Dubai,Bangkok,Airbus A380,4905,4905.0,0.0,No,No,107.0,39.95,45.39,4856.73,0.0,196.45,25.48,221.93,266,59033.38,95.19
2020-11,COVID-19 Collapse,Emirates,EK,Dubai,Bangkok,Airbus A380,4905,4905.0,0.0,No,No,107.0,42.09,51.05,5462.35,0.0,220.94,32.23,253.17,216,54684.72,95.7
2020-12,COVID-19 Collapse,Emirates,EK,Dubai,Bangkok,Airbus A380,4905,4905.0,0.0,No,No,107.0,43.13,51.79,5541.53,0.0,224.14,33.17,257.31,244,62783.64,95.76
2021-01,COVID-19 Collapse,Emirates,EK,Dubai,Bangkok,Airbus A380,4905,4905.0,0.0,No,No,107.0,75.49,89.33,9558.31,0.0,386.61,98.67,485.28,239,115981.92,97.5
2021-02,COVID-19 Collapse,Emirates,EK,Dubai,Bangkok,Airbus A380,4905,4905.0,0.0,No,No,107.0,83.06,100.27,10728.89,0.0,433.96,124.32,558.28,244,136220.32,97.77
2021-03,COVID-19 Collapse,Emirates,EK,Dubai,Bangkok,Airbus A380,4905,4905.0,0.0,No,No,107.0,69.59,83.53,8937.71,0.0,361.51,86.28,447.79,244,109260.76,97.33
2021-04,COVID-19 Collapse,Emirates,EK,Dubai,Bangkok,Airbus A380,4905,4905.0,0.0,No,No,107.0,76.83,87.48,9360.36,0.0,378.61,94.63,473.24,249,117836.76,97.45
2021-05,COVID-19 Collapse,Emirates,EK,Dubai,Bangkok,Airbus A380,4905,4905.0,0.0,No,No,107.0,78.63,95.08,10173.56,0.0,411.5,111.79,523.29,230,120356.7,97.65
2021-06,Recovery & Surge,Emirates,EK,Dubai,Bangkok,Airbus A380,4905,4905.0,0.0,No,No,107.0,66.07,77.56,8298.92,0.0,335.68,74.39,410.07,245,100467.15,97.13
2021-07,Recovery & Surge,Emirates,EK,Dubai,Bangkok,Airbus A380,4905,4905.0,0.0,No,No,107.0,78.97,94.82,10145.74,0.0,410.38,111.18,521.56,217,113178.52,97.64
2021-08,Recovery & Surge,Emirates,EK,Dubai,Bangkok,Airbus A380,4905,4905.0,0.0,No,No,107.0,68.92,83.37,8920.59,0.0,360.82,85.95,446.77,223,99629.71,97.32
2021-09,Recovery & Surge,Emirates,EK,Dubai,Bangkok,Airbus A380,4905,4905.0,0.0,No,No,107.0,66.5,76.59,8195.13,0.0,331.48,72.54,404.02,216,87268.32,97.09
2021-10,Recovery & Surge,Emirates,EK,Dubai,Bangkok,Airbus A380,4905,4905.0,0.0,No,No,107.0,86.82,98.19,10506.33,0.0,424.96,119.22,544.18,223,121352.14,97.72
2021-11,Recovery & Surge,Emirates,EK,Dubai,Bangkok,Airbus A380,4905,4905.0,0.0,No,No,107.0,87.21,99.66,10663.62,0.0,431.32,122.82,554.14,210,116369.4,97.75
2021-12,Recovery & Surge,Emirates,EK,Dubai,Bangkok,Airbus A380,4905,4905.0,0.0,No,No,107.0,83.59,97.19,10399.33,0.0,420.63,116.8,537.43,212,113935.16,97.7
2022-01,Recovery & Surge,Emirates,EK,Dubai,Bangkok,Airbus A380,4905,4905.0,0.0,No,No,107.0,72.01,86.54,9259.78,0.0,374.54,92.61,467.15,269,125663.35,97.42
2022-02,Recovery & Surge,Emirates,EK,Dubai,Bangkok,Airbus A380,4905,4905.0,0.0,No,No,107.0,67.25,81.11,8678.77,0.0,351.04,81.35,432.39,224,96855.36,97.25
2022-03,Ukraine War Shock,Emirates,EK,Dubai,Bangkok,Airbus A380,4905,4905.0,0.0,No,No,107.0,117.58,131.77,14099.39,0.0,570.29,214.71,785.0,248,194680.0,98.29
2022-04,Ukraine War Shock,Emirates,EK,Dubai,Bangkok,Airbus A380,4905,4905.0,0.0,No,No,107.0,109.53,128.27,13724.89,0.0,555.15,203.45,758.6,237,179788.2,98.24
2022-05,Ukraine War Shock,Emirates,EK,Dubai,Bangkok,Airbus A380,4905,4905.0,0.0,No,No,107.0,99.03,115.05,12310.35,0.0,497.93,163.68,661.61,234,154816.74,98.05
2022-06,Ukraine War Shock,Emirates,EK,Dubai,Bangkok,Airbus A380,4905,4905.0,0.0,No,No,107.0,111.34,127.17,13607.19,0.0,550.38,199.98,750.36,274,205598.64,98.23
2022-07,Ukraine War Shock,Emirates,EK,Dubai,Bangkok,Airbus A380,4905,4905.0,0.0,No,No,107.0,80.69,91.34,9773.38,0.0,395.31,103.16,498.47,246,122623.62,97.55
2022-08,Ukraine War Shock,Emirates,EK,Dubai,Bangkok,Airbus A380,4905,4905.0,0.0,No,No,107.0,98.19,113.29,12122.03,0.0,490.31,158.71,649.02,248,160956.96,98.02
2022-09,Ukraine War Shock,Emirates,EK,Dubai,Bangkok,Airbus A380,4905,4905.0,0.0,No,No,107.0,85.18,103.43,11067.01,0.0,447.64,132.28,579.92,244,141500.48,97.83
2022-10,Ukraine War Shock,Emirates,EK,Dubai,Bangkok,Airbus A380,4905,4905.0,0.0,No,No,107.0,93.25,107.45,11497.15,0.0,465.04,142.77,607.81,230,139796.3,97.91
2022-11,Ukraine War Shock,Emirates,EK,Dubai,Bangkok,Airbus A380,4905,4905.0,0.0,No,No,107.0,86.23,101.05,10812.35,0.0,437.34,126.27,563.61,261,147102.21,97.78
2022-12,Ukraine War Shock,Emirates,EK,Dubai,Bangkok,Airbus A380,4905,4905.0,0.0,No,No,107.0,90.4,107.6,11513.2,0.0,465.69,143.17,608.86,213,129687.18,97.91
2023-01,Stabilisation,Emirates,EK,Dubai,Bangkok,Airbus A380,4905,4905.0,0.0,No,No,107.0,84.29,97.47,10429.29,0.0,421.84,117.48,539.32,231,124582.92,97.7
2023-02,Stabilisation,Emirates,EK,Dubai,Bangkok,Airbus A380,4905,4905.0,0.0,No,No,107.0,78.14,95.11,10176.77,0.0,411.63,111.86,523.49,259,135583.91,97.65
2023-03,Stabilisation,Emirates,EK,Dubai,Bangkok,Airbus A380,4905,4905.0,0.0,No,No,107.0,91.48,111.26,11904.82,0.0,481.53,153.07,634.6,212,134535.2,97.98
2023-04,Stabilisation,Emirates,EK,Dubai,Bangkok,Airbus A380,4905,4905.0,0.0,No,No,107.0,88.18,100.98,10804.86,0.0,437.04,126.09,563.13,211,118820.43,97.78
2023-05,Stabilisation,Emirates,EK,Dubai,Bangkok,Airbus A380,4905,4905.0,0.0,No,No,107.0,90.97,106.41,11385.87,0.0,460.54,140.02,600.56,237,142332.72,97.89
2023-06,Stabilisation,Emirates,EK,Dubai,Bangkok,Airbus A380,4905,4905.0,0.0,No,No,107.0,90.21,103.75,11101.25,0.0,449.02,133.1,582.12,228,132723.36,97.84
2023-07,Stabilisation,Emirates,EK,Dubai,Bangkok,Airbus A380,4905,4905.0,0.0,No,No,107.0,85.16,97.8,10464.6,0.0,423.27,118.27,541.54,262,141883.48,97.71
2023-08,Stabilisation,Emirates,EK,Dubai,Bangkok,Airbus A380,4905,4905.0,0.0,No,No,107.0,90.67,101.88,10901.16,0.0,440.93,128.35,569.28,266,151428.48,97.8
2023-09,Stabilisation,Emirates,EK,Dubai,Bangkok,Airbus A380,4905,4905.0,0.0,No,No,107.0,76.5,90.34,9666.38,0.0,390.99,100.92,491.91,212,104284.92,97.53
2023-10,Gaza-Israel Conflict,Emirates,EK,Dubai,Bangkok,Airbus A380,4905,4905.0,0.0,No,No,107.0,78.33,91.67,9808.69,0.0,396.74,103.91,500.65,242,121157.3,97.56
2023-11,Gaza-Israel Conflict,Emirates,EK,Dubai,Bangkok,Airbus A380,4905,4905.0,0.0,No,No,107.0,75.77,85.25,9121.75,0.0,368.96,89.87,458.83,280,128472.4,97.38
2023-12,Gaza-Israel Conflict,Emirates,EK,Dubai,Bangkok,Airbus A380,4905,4905.0,0.0,No,No,107.0,80.53,92.44,9891.08,0.0,400.07,105.66,505.73,233,117835.09,97.58
2024-01,Gaza-Israel Conflict,Emirates,EK,Dubai,Bangkok,Airbus A380,4905,4905.0,0.0,No,No,107.0,84.61,102.45,10962.15,0.0,443.4,129.79,573.19,224,128394.56,97.81
2024-02,Gaza-Israel Conflict,Emirates,EK,Dubai,Bangkok,Airbus A380,4905,4905.0,0.0,No,No,107.0,82.61,94.5,10111.5,0.0,408.99,110.43,519.42,249,129335.58,97.63
2024-03,Gaza-Israel Conflict,Emirates,EK,Dubai,Bangkok,Airbus A380,4905,4905.0,0.0,No,No,107.0,92.09,104.48,11179.36,0.0,452.18,134.98,587.16,243,142679.88,97.85
2024-04,Gaza-Israel Conflict,Emirates,EK,Dubai,Bangkok,Airbus A380,4905,4905.0,0.0,No,No,107.0,84.06,98.26,10513.82,0.0,425.26,119.39,544.65,226,123090.9,97.72
2024-05,Gaza-Israel Conflict,Emirates,EK,Dubai,Bangkok,Airbus A380,4905,4905.0,0.0,No,No,107.0,82.78,100.87,10793.09,0.0,436.56,125.82,562.38,227,127660.26,97.78
2024-06,Gaza-Israel Conflict,Emirates,EK,Dubai,Bangkok,Airbus A380,4905,4905.0,0.0,No,No,107.0,87.23,99.81,10679.67,0.0,431.97,123.19,555.16,261,144896.76,97.76
2024-07,Gaza-Israel Conflict,Emirates,EK,Dubai,Bangkok,Airbus A380,4905,4905.0,0.0,No,No,107.0,80.4,95.45,10213.15,0.0,413.1,112.66,525.76,234,123027.84,97.65
2024-08,Gaza-Israel Conflict,Emirates,EK,Dubai,Bangkok,Airbus A380,4905,4905.0,0.0,No,No,107.0,91.64,109.62,11729.34,0.0,474.43,148.59,623.02,283,176314.66,97.95
2024-09,Gaza-Israel Conflict,Emirates,EK,Dubai,Bangkok,Airbus A380,4905,4905.0,0.0,No,No,107.0,79.27,90.67,9701.69,0.0,392.41,101.66,494.07,231,114130.17,97.53
2024-10,Gaza-Israel Conflict,Emirates,EK,Dubai,Bangkok,Airbus A380,4905,4905.0,0.0,No,No,107.0,94.78,113.06,12097.42,0.0,489.32,158.06,647.38,251,162492.38,98.01
2024-11,Gaza-Israel Conflict,Emirates,EK,Dubai,Bangkok,Airbus A380,4905,4905.0,0.0,No,No,107.0,91.13,105.42,11279.94,0.0,456.25,137.42,593.67,215,127639.05,97.87
2024-12,Pre-Iran Escalation,Emirates,EK,Dubai,Bangkok,Airbus A380,4905,4905.0,0.0,No,No,107.0,81.38,96.29,10303.03,0.0,416.74,114.65,531.39,250,132847.5,97.67
2025-01,Pre-Iran Escalation,Emirates,EK,Dubai,Bangkok,Airbus A380,4905,4905.0,0.0,No,No,107.0,85.13,100.74,10779.18,0.0,436.0,125.49,561.49,244,137003.56,97.78
2025-02,Pre-Iran Escalation,Emirates,EK,Dubai,Bangkok,Airbus A380,4905,4905.0,0.0,No,No,107.0,103.76,121.77,13029.39,0.0,527.01,183.35,710.36,236,167644.96,98.15
2025-03,Pre-Iran Escalation,Emirates,EK,Dubai,Bangkok,Airbus A380,4905,4905.0,0.0,No,No,107.0,101.26,114.33,12233.31,0.0,494.81,161.63,656.44,242,158858.48,98.03
2025-04,Pre-Iran Escalation,Emirates,EK,Dubai,Bangkok,Airbus A380,4905,4905.0,0.0,No,No,107.0,101.77,122.48,13105.36,0.0,530.09,185.5,715.59,223,159576.57,98.16
2025-05,Pre-Iran Escalation,Emirates,EK,Dubai,Bangkok,Airbus A380,4905,4905.0,0.0,No,No,107.0,102.74,118.36,12664.52,0.0,512.26,173.23,685.49,271,185767.79,98.1
2025-06,Pre-Iran Escalation,Emirates,EK,Dubai,Bangkok,Airbus A380,4905,4905.0,0.0,No,No,107.0,86.7,98.72,10563.04,0.0,427.25,120.51,547.76,279,152825.04,97.73
2025-07,Pre-Iran Escalation,Emirates,EK,Dubai,Bangkok,Airbus A380,4905,4905.0,0.0,No,No,107.0,93.24,104.81,11214.67,0.0,453.61,135.84,589.45,272,160330.4,97.86
2025-08,Pre-Iran Escalation,Emirates,EK,Dubai,Bangkok,Airbus A380,4905,4905.0,0.0,No,No,107.0,87.66,103.36,11059.52,0.0,447.34,132.11,579.45,270,156451.5,97.83
2025-09,Pre-Iran Escalation,Emirates,EK,Dubai,Bangkok,Airbus A380,4905,4905.0,0.0,No,No,107.0,104.85,124.54,13325.78,0.0,539.0,191.79,730.79,251,183428.29,98.19
2025-10,Pre-Iran Escalation,Emirates,EK,Dubai,Bangkok,Airbus A380,4905,4905.0,0.0,No,No,107.0,99.34,111.43,11923.01,0.0,482.26,153.54,635.8,235,149413.0,97.98
2025-11,Pre-Iran Escalation,Emirates,EK,Dubai,Bangkok,Airbus A380,4905,4905.0,0.0,No,No,107.0,92.61,108.47,11606.29,0.0,469.45,145.49,614.94,222,136516.68,97.93
2025-12,US-Iran War Conflict,Emirates,EK,Dubai,Bangkok,Airbus A380,4905,5981.0,1076.0,Yes,No,130.5,122.22,139.65,18224.33,3997.83,604.4,241.16,845.56,213,180104.28,98.67
2026-01,US-Iran War Conflict,Emirates,EK,Dubai,Bangkok,Airbus A380,4905,5448.0,543.0,Yes,Yes,118.9,130.88,155.03,18433.07,2040.6,670.96,297.2,968.16,0,0.0,98.69
2026-02,US-Iran War Conflict,Emirates,EK,Dubai,Bangkok,Airbus A380,4905,5460.0,555.0,Yes,No,119.1,155.73,177.13,21096.18,2387.03,766.61,344.97,1111.58,253,281229.74,98.85
2026-03,US-Iran War Conflict,Emirates,EK,Dubai,Bangkok,Airbus A380,4905,5901.0,996.0,Yes,Yes,128.7,169.08,201.05,25875.13,5254.15,870.13,391.56,1261.69,0,0.0,99.06
2026-04,De-escalation & Negotiations,Emirates,EK,Dubai,Bangkok,Airbus A380,4905,5026.0,121.0,Yes,No,109.6,111.38,129.05,14143.88,348.91,558.52,205.93,764.45,230,175823.5,98.3
2026-05,De-escalation & Negotiations,Emirates,EK,Dubai,Bangkok,Airbus A380,4905,5200.0,295.0,Yes,No,113.4,104.87,127.28,14433.55,868.07,550.86,200.32,751.18,226,169766.68,98.33
2026-06,De-escalation & Negotiations,Emirates,EK,Dubai,Bangkok,Airbus A380,4905,5086.0,181.0,Yes,No,110.9,92.83,105.25,11672.23,430.72,455.52,136.98,592.5,266,157605.0,97.94
2019-01,Pre-Pandemic Baseline,Emirates,EK,Dubai,Cape Town,Boeing 777-200LR,8000,8000.0,0.0,No,No,165.0,63.0,71.31,11766.15,0.0,503.36,102.56,605.92,238,144208.96,96.71
2019-02,Pre-Pandemic Baseline,Emirates,EK,Dubai,Cape Town,Boeing 777-200LR,8000,8000.0,0.0,No,No,165.0,67.61,80.55,13290.75,0.0,568.59,130.86,699.45,220,153879.0,97.08
2019-03,Pre-Pandemic Baseline,Emirates,EK,Dubai,Cape Town,Boeing 777-200LR,8000,8000.0,0.0,No,No,165.0,65.86,78.77,12997.05,0.0,556.02,125.14,681.16,230,156666.8,97.01
2019-04,Pre-Pandemic Baseline,Emirates,EK,Dubai,Cape Town,Boeing 777-200LR,8000,8000.0,0.0,No,No,165.0,64.79,76.2,12573.0,0.0,537.88,117.1,654.98,216,141475.68,96.92
2019-05,Pre-Pandemic Baseline,Emirates,EK,Dubai,Cape Town,Boeing 777-200LR,8000,8000.0,0.0,No,No,165.0,61.25,73.32,12097.8,0.0,517.55,108.42,625.97,260,162752.2,96.8
2019-06,Pre-Pandemic Baseline,Emirates,EK,Dubai,Cape Town,Boeing 777-200LR,8000,8000.0,0.0,No,No,165.0,61.25,71.62,11817.3,0.0,505.55,103.45,609.0,213,129717.0,96.73
2019-07,Pre-Pandemic Baseline,Emirates,EK,Dubai,Cape Town,Boeing 777-200LR,8000,8000.0,0.0,No,No,165.0,60.46,70.88,11695.2,0.0,500.33,101.32,601.65,253,152217.45,96.69
2019-08,Pre-Pandemic Baseline,Emirates,EK,Dubai,Cape Town,Boeing 777-200LR,8000,8000.0,0.0,No,No,165.0,66.93,77.82,12840.3,0.0,549.32,122.14,671.46,281,188680.26,96.98
2019-09,Pre-Pandemic Baseline,Emirates,EK,Dubai,Cape Town,Boeing 777-200LR,8000,8000.0,0.0,No,No,165.0,64.81,72.75,12003.75,0.0,513.53,106.74,620.27,274,169953.98,96.78
2019-10,Pre-Pandemic Baseline,Emirates,EK,Dubai,Cape Town,Boeing 777-200LR,8000,8000.0,0.0,No,No,165.0,65.66,74.25,12251.25,0.0,524.12,111.19,635.31,215,136591.65,96.84
2019-11,Pre-Pandemic Baseline,Emirates,EK,Dubai,Cape Town,Boeing 777-200LR,8000,8000.0,0.0,No,No,165.0,60.16,67.57,11149.05,0.0,476.96,92.08,569.04,263,149657.52,96.54
2019-12,Pre-Pandemic Baseline,Emirates,EK,Dubai,Cape Town,Boeing 777-200LR,8000,8000.0,0.0,No,No,165.0,67.76,80.2,13233.0,0.0,566.12,129.72,695.84,261,181614.24,97.07
2020-01,Pre-Pandemic Baseline,Emirates,EK,Dubai,Cape Town,Boeing 777-200LR,8000,8000.0,0.0,No,No,165.0,66.66,76.75,12663.75,0.0,541.76,118.8,660.56,232,153249.92,96.94
2020-02,Pre-Pandemic Baseline,Emirates,EK,Dubai,Cape Town,Boeing 777-200LR,8000,8000.0,0.0,No,No,165.0,61.7,72.24,11919.6,0.0,509.93,105.25,615.18,218,134109.24,96.75
2020-03,COVID-19 Collapse,Emirates,EK,Dubai,Cape Town,Boeing 777-200LR,8000,8000.0,0.0,No,No,165.0,20.55,24.88,4105.2,0.0,175.62,12.48,188.1,274,51539.4,91.12
2020-04,COVID-19 Collapse,Emirates,EK,Dubai,Cape Town,Boeing 777-200LR,8000,8000.0,0.0,No,No,165.0,20.57,23.55,3885.75,0.0,166.24,11.19,177.43,251,44534.93,90.67
2020-05,COVID-19 Collapse,Emirates,EK,Dubai,Cape Town,Boeing 777-200LR,8000,8000.0,0.0,No,No,165.0,22.26,25.84,4263.6,0.0,182.4,13.47,195.87,262,51317.94,91.42
2020-06,COVID-19 Collapse,Emirates,EK,Dubai,Cape Town,Boeing 777-200LR,8000,8000.0,0.0,No,No,165.0,45.35,54.22,8946.3,0.0,382.73,59.29,442.02,244,107852.88,95.72
2020-07,COVID-19 Collapse,Emirates,EK,Dubai,Cape Town,Boeing 777-200LR,8000,8000.0,0.0,No,No,165.0,44.05,50.34,8306.1,0.0,355.34,51.11,406.45,226,91857.7,95.41
2020-08,COVID-19 Collapse,Emirates,EK,Dubai,Cape Town,Boeing 777-200LR,8000,8000.0,0.0,No,No,165.0,42.08,47.45,7829.25,0.0,334.94,45.41,380.35,229,87100.15,95.14
2020-09,COVID-19 Collapse,Emirates,EK,Dubai,Cape Town,Boeing 777-200LR,8000,8000.0,0.0,No,No,165.0,46.57,53.51,8829.15,0.0,377.72,57.75,435.47,250,108867.5,95.67
2020-10,COVID-19 Collapse,Emirates,EK,Dubai,Cape Town,Boeing 777-200LR,8000,8000.0,0.0,No,No,165.0,39.95,45.39,7489.35,0.0,320.4,41.55,361.95,227,82162.65,94.93
2020-11,COVID-19 Collapse,Emirates,EK,Dubai,Cape Town,Boeing 777-200LR,8000,8000.0,0.0,No,No,165.0,42.09,51.05,8423.25,0.0,360.35,52.56,412.91,239,98685.49,95.47
2020-12,COVID-19 Collapse,Emirates,EK,Dubai,Cape Town,Boeing 777-200LR,8000,8000.0,0.0,No,No,165.0,43.13,51.79,8545.35,0.0,365.58,54.1,419.68,215,90231.2,95.53
2021-01,COVID-19 Collapse,Emirates,EK,Dubai,Cape Town,Boeing 777-200LR,8000,8000.0,0.0,No,No,165.0,75.49,89.33,14739.45,0.0,630.56,160.94,791.5,284,224786.0,97.36
2021-02,COVID-19 Collapse,Emirates,EK,Dubai,Cape Town,Boeing 777-200LR,8000,8000.0,0.0,No,No,165.0,83.06,100.27,16544.55,0.0,707.79,202.77,910.56,256,233103.36,97.64
2021-03,COVID-19 Collapse,Emirates,EK,Dubai,Cape Town,Boeing 777-200LR,8000,8000.0,0.0,No,No,165.0,69.59,83.53,13782.45,0.0,589.62,140.72,730.34,220,160674.8,97.18
2021-04,COVID-19 Collapse,Emirates,EK,Dubai,Cape Town,Boeing 777-200LR,8000,8000.0,0.0,No,No,165.0,76.83,87.48,14434.2,0.0,617.51,154.34,771.85,219,169035.15,97.3
2021-05,COVID-19 Collapse,Emirates,EK,Dubai,Cape Town,Boeing 777-200LR,8000,8000.0,0.0,No,No,165.0,78.63,95.08,15688.2,0.0,671.15,182.32,853.47,246,209953.62,97.51
2021-06,Recovery & Surge,Emirates,EK,Dubai,Cape Town,Boeing 777-200LR,8000,8000.0,0.0,No,No,165.0,66.07,77.56,12797.4,0.0,547.48,121.32,668.8,211,141116.8,96.97
2021-07,Recovery & Surge,Emirates,EK,Dubai,Cape Town,Boeing 777-200LR,8000,8000.0,0.0,No,No,165.0,78.97,94.82,15645.3,0.0,669.32,181.33,850.65,240,204156.0,97.51
2021-08,Recovery & Surge,Emirates,EK,Dubai,Cape Town,Boeing 777-200LR,8000,8000.0,0.0,No,No,165.0,68.92,83.37,13756.05,0.0,588.49,140.18,728.67,280,204027.6,97.17
2021-09,Recovery & Surge,Emirates,EK,Dubai,Cape Town,Boeing 777-200LR,8000,8000.0,0.0,No,No,165.0,66.5,76.59,12637.35,0.0,540.64,118.31,658.95,271,178575.45,96.93
2021-10,Recovery & Surge,Emirates,EK,Dubai,Cape Town,Boeing 777-200LR,8000,8000.0,0.0,No,No,165.0,86.82,98.19,16201.35,0.0,693.11,194.45,887.56,279,247629.24,97.59
2021-11,Recovery & Surge,Emirates,EK,Dubai,Cape Town,Boeing 777-200LR,8000,8000.0,0.0,No,No,165.0,87.21,99.66,16443.9,0.0,703.48,200.31,903.79,218,197026.22,97.63
2021-12,Recovery & Surge,Emirates,EK,Dubai,Cape Town,Boeing 777-200LR,8000,8000.0,0.0,No,No,165.0,83.59,97.19,16036.35,0.0,686.05,190.51,876.56,237,207744.72,97.57
2022-01,Recovery & Surge,Emirates,EK,Dubai,Cape Town,Boeing 777-200LR,8000,8000.0,0.0,No,No,165.0,72.01,86.54,14279.1,0.0,610.87,151.04,761.91,251,191239.41,97.28
2022-02,Recovery & Surge,Emirates,EK,Dubai,Cape Town,Boeing 777-200LR,8000,8000.0,0.0,No,No,165.0,67.25,81.11,13383.15,0.0,572.54,132.68,705.22,264,186178.08,97.1
2022-03,Ukraine War Shock,Emirates,EK,Dubai,Cape Town,Boeing 777-200LR,8000,8000.0,0.0,No,No,165.0,117.58,131.77,21742.05,0.0,930.14,350.18,1280.32,239,305996.48,98.19
2022-04,Ukraine War Shock,Emirates,EK,Dubai,Cape Town,Boeing 777-200LR,8000,8000.0,0.0,No,No,165.0,109.53,128.27,21164.55,0.0,905.44,331.83,1237.27,233,288283.91,98.15
2022-05,Ukraine War Shock,Emirates,EK,Dubai,Cape Town,Boeing 777-200LR,8000,8000.0,0.0,No,No,165.0,99.03,115.05,18983.25,0.0,812.12,266.96,1079.08,232,250346.56,97.94
2022-06,Ukraine War Shock,Emirates,EK,Dubai,Cape Town,Boeing 777-200LR,8000,8000.0,0.0,No,Yes,165.0,111.34,127.17,20983.05,0.0,897.67,326.16,1223.83,0,0.0,98.13
2022-07,Ukraine War Shock,Emirates,EK,Dubai,Cape Town,Boeing 777-200LR,8000,8000.0,0.0,No,No,165.0,80.69,91.34,15071.1,0.0,644.75,168.26,813.01,238,193496.38,97.41
2022-08,Ukraine War Shock,Emirates,EK,Dubai,Cape Town,Boeing 777-200LR,8000,8000.0,0.0,No,No,165.0,98.19,113.29,18692.85,0.0,799.69,258.85,1058.54,211,223351.94,97.9
2022-09,Ukraine War Shock,Emirates,EK,Dubai,Cape Town,Boeing 777-200LR,8000,8000.0,0.0,No,No,165.0,85.18,103.43,17065.95,0.0,730.09,215.75,945.84,267,252539.28,97.71
2022-10,Ukraine War Shock,Emirates,EK,Dubai,Cape Town,Boeing 777-200LR,8000,8000.0,0.0,No,No,165.0,93.25,107.45,17729.25,0.0,758.47,232.85,991.32,222,220073.04,97.79
2022-11,Ukraine War Shock,Emirates,EK,Dubai,Cape Town,Boeing 777-200LR,8000,8000.0,0.0,No,No,165.0,86.23,101.05,16673.25,0.0,713.29,205.94,919.23,257,236242.11,97.66
2022-12,Ukraine War Shock,Emirates,EK,Dubai,Cape Town,Boeing 777-200LR,8000,8000.0,0.0,No,No,165.0,90.4,107.6,17754.0,0.0,759.53,233.5,993.03,212,210522.36,97.8
2023-01,Stabilisation,Emirates,EK,Dubai,Cape Town,Boeing 777-200LR,8000,8000.0,0.0,No,No,165.0,84.29,97.47,16082.55,0.0,688.02,191.6,879.62,239,210229.18,97.57
2023-02,Stabilisation,Emirates,EK,Dubai,Cape Town,Boeing 777-200LR,8000,8000.0,0.0,No,No,165.0,78.14,95.11,15693.15,0.0,671.36,182.44,853.8,244,208327.2,97.51
2023-03,Stabilisation,Emirates,EK,Dubai,Cape Town,Boeing 777-200LR,8000,8000.0,0.0,No,No,165.0,91.48,111.26,18357.9,0.0,785.36,249.65,1035.01,282,291872.82,97.87
2023-04,Stabilisation,Emirates,EK,Dubai,Cape Town,Boeing 777-200LR,8000,8000.0,0.0,No,No,165.0,88.18,100.98,16661.7,0.0,712.8,205.65,918.45,216,198385.2,97.66
2023-05,Stabilisation,Emirates,EK,Dubai,Cape Town,Boeing 777-200LR,8000,8000.0,0.0,No,No,165.0,90.97,106.41,17557.65,0.0,751.13,228.36,979.49,266,260544.34,97.77
2023-06,Stabilisation,Emirates,EK,Dubai,Cape Town,Boeing 777-200LR,8000,8000.0,0.0,No,No,165.0,90.21,103.75,17118.75,0.0,732.35,217.09,949.44,282,267742.08,97.72
2023-07,Stabilisation,Emirates,EK,Dubai,Cape Town,Boeing 777-200LR,8000,8000.0,0.0,No,No,165.0,85.16,97.8,16137.0,0.0,690.35,192.9,883.25,230,203147.5,97.58
2023-08,Stabilisation,Emirates,EK,Dubai,Cape Town,Boeing 777-200LR,8000,8000.0,0.0,No,No,165.0,90.67,101.88,16810.2,0.0,719.15,209.33,928.48,226,209836.48,97.68
2023-09,Stabilisation,Emirates,EK,Dubai,Cape Town,Boeing 777-200LR,8000,8000.0,0.0,No,No,165.0,76.5,90.34,14906.1,0.0,637.69,164.6,802.29,281,225443.49,97.39
2023-10,Gaza-Israel Conflict,Emirates,EK,Dubai,Cape Town,Boeing 777-200LR,8000,8000.0,0.0,No,No,165.0,78.33,91.67,15125.55,0.0,647.08,169.48,816.56,246,200873.76,97.42
2023-11,Gaza-Israel Conflict,Emirates,EK,Dubai,Cape Town,Boeing 777-200LR,8000,8000.0,0.0,No,No,165.0,75.77,85.25,14066.25,0.0,601.76,146.57,748.33,271,202797.43,97.23
2023-12,Gaza-Israel Conflict,Emirates,EK,Dubai,Cape Town,Boeing 777-200LR,8000,8000.0,0.0,No,No,165.0,80.53,92.44,15252.6,0.0,652.52,172.34,824.86,269,221887.34,97.44
2024-01,Gaza-Israel Conflict,Emirates,EK,Dubai,Cape Town,Boeing 777-200LR,8000,8000.0,0.0,No,No,165.0,84.61,102.45,16904.25,0.0,723.18,211.69,934.87,234,218759.58,97.69
2024-02,Gaza-Israel Conflict,Emirates,EK,Dubai,Cape Town,Boeing 777-200LR,8000,8000.0,0.0,No,No,165.0,82.61,94.5,15592.5,0.0,667.06,180.11,847.17,224,189766.08,97.5
2024-03,Gaza-Israel Conflict,Emirates,EK,Dubai,Cape Town,Boeing 777-200LR,8000,8000.0,0.0,No,No,165.0,92.09,104.48,17239.2,0.0,737.51,220.16,957.67,262,250909.54,97.73
2024-04,Gaza-Israel Conflict,Emirates,EK,Dubai,Cape Town,Boeing 777-200LR,8000,8000.0,0.0,No,No,165.0,84.06,98.26,16212.9,0.0,693.6,194.72,888.32,247,219415.04,97.59
2024-05,Gaza-Israel Conflict,Emirates,EK,Dubai,Cape Town,Boeing 777-200LR,8000,8000.0,0.0,No,No,165.0,82.78,100.87,16643.55,0.0,712.02,205.2,917.22,246,225636.12,97.65
2024-06,Gaza-Israel Conflict,Emirates,EK,Dubai,Cape Town,Boeing 777-200LR,8000,8000.0,0.0,No,No,165.0,87.23,99.81,16468.65,0.0,704.54,200.91,905.45,250,226362.5,97.63
2024-07,Gaza-Israel Conflict,Emirates,EK,Dubai,Cape Town,Boeing 777-200LR,8000,8000.0,0.0,No,No,165.0,80.4,95.45,15749.25,0.0,673.76,183.74,857.5,211,180932.5,97.52
2024-08,Gaza-Israel Conflict,Emirates,EK,Dubai,Cape Town,Boeing 777-200LR,8000,8000.0,0.0,No,No,165.0,91.64,109.62,18087.3,0.0,773.79,242.35,1016.14,210,213389.4,97.84
2024-09,Gaza-Israel Conflict,Emirates,EK,Dubai,Cape Town,Boeing 777-200LR,8000,8000.0,0.0,No,No,165.0,79.27,90.67,14960.55,0.0,640.02,165.8,805.82,233,187756.06,97.4
2024-10,Gaza-Israel Conflict,Emirates,EK,Dubai,Cape Town,Boeing 777-200LR,8000,8000.0,0.0,No,No,165.0,94.78,113.06,18654.9,0.0,798.07,257.8,1055.87,234,247073.58,97.9
2024-11,Gaza-Israel Conflict,Emirates,EK,Dubai,Cape Town,Boeing 777-200LR,8000,8000.0,0.0,No,No,165.0,91.13,105.42,17394.3,0.0,744.14,224.13,968.27,263,254655.01,97.75
2024-12,Pre-Iran Escalation,Emirates,EK,Dubai,Cape Town,Boeing 777-200LR,8000,8000.0,0.0,No,No,165.0,81.38,96.29,15887.85,0.0,679.69,186.99,866.68,234,202803.12,97.54
2025-01,Pre-Iran Escalation,Emirates,EK,Dubai,Cape Town,Boeing 777-200LR,8000,8000.0,0.0,No,No,165.0,85.13,100.74,16622.1,0.0,711.11,204.68,915.79,236,216126.44,97.65
2025-02,Pre-Iran Escalation,Emirates,EK,Dubai,Cape Town,Boeing 777-200LR,8000,8000.0,0.0,No,No,165.0,103.76,121.77,20092.05,0.0,859.55,299.05,1158.6,251,290808.6,98.05
2025-03,Pre-Iran Escalation,Emirates,EK,Dubai,Cape Town,Boeing 777-200LR,8000,8000.0,0.0,No,No,165.0,101.26,114.33,18864.45,0.0,807.04,263.63,1070.67,254,271950.18,97.92
2025-04,Pre-Iran Escalation,Emirates,EK,Dubai,Cape Town,Boeing 777-200LR,8000,8000.0,0.0,No,No,165.0,101.77,122.48,20209.2,0.0,864.56,302.55,1167.11,234,273103.74,98.06
2025-05,Pre-Iran Escalation,Emirates,EK,Dubai,Cape Town,Boeing 777-200LR,8000,8000.0,0.0,No,No,165.0,102.74,118.36,19529.4,0.0,835.48,282.54,1118.02,251,280623.02,97.99
2025-06,Pre-Iran Escalation,Emirates,EK,Dubai,Cape Town,Boeing 777-200LR,8000,8000.0,0.0,No,No,165.0,86.7,98.72,16288.8,0.0,696.85,196.55,893.4,256,228710.4,97.6
2025-07,Pre-Iran Escalation,Emirates,EK,Dubai,Cape Town,Boeing 777-200LR,8000,8000.0,0.0,No,No,165.0,93.24,104.81,17293.65,0.0,739.84,221.55,961.39,229,220158.31,97.74
2025-08,Pre-Iran Escalation,Emirates,EK,Dubai,Cape Town,Boeing 777-200LR,8000,8000.0,0.0,No,No,165.0,87.66,103.36,17054.4,0.0,729.6,215.46,945.06,227,214528.62,97.71
2025-09,Pre-Iran Escalation,Emirates,EK,Dubai,Cape Town,Boeing 777-200LR,8000,8000.0,0.0,No,No,165.0,104.85,124.54,20549.1,0.0,879.11,312.81,1191.92,276,328969.92,98.09
2025-10,Pre-Iran Escalation,Emirates,EK,Dubai,Cape Town,Boeing 777-200LR,8000,8000.0,0.0,No,No,165.0,99.34,111.43,18385.95,0.0,786.56,250.42,1036.98,258,267540.84,97.87
2025-11,Pre-Iran Escalation,Emirates,EK,Dubai,Cape Town,Boeing 777-200LR,8000,8000.0,0.0,No,No,165.0,92.61,108.47,17897.55,0.0,765.67,237.29,1002.96,233,233689.68,97.81
2025-12,US-Iran War Conflict,Emirates,EK,Dubai,Cape Town,Boeing 777-200LR,8000,9389.0,1389.0,Yes,No,193.6,122.22,139.65,27036.24,4694.17,985.76,393.32,1379.08,263,362698.04,98.54
2026-01,US-Iran War Conflict,Emirates,EK,Dubai,Cape Town,Boeing 777-200LR,8000,8671.0,671.0,Yes,No,178.8,130.88,155.03,27719.36,2324.96,1094.33,484.73,1579.06,278,438978.68,98.58
2026-02,US-Iran War Conflict,Emirates,EK,Dubai,Cape Town,Boeing 777-200LR,8000,9615.0,1615.0,Yes,No,198.3,155.73,177.13,35124.88,7090.84,1250.33,562.65,1812.98,239,433302.22,98.87
2026-03,US-Iran War Conflict,Emirates,EK,Dubai,Cape Town,Boeing 777-200LR,8000,9908.0,1908.0,Yes,Yes,204.3,169.08,201.05,41074.52,9796.27,1419.18,638.63,2057.81,0,0.0,99.04
2026-04,De-escalation & Negotiations,Emirates,EK,Dubai,Cape Town,Boeing 777-200LR,8000,8502.0,502.0,Yes,No,175.4,111.38,129.05,22635.37,1420.37,910.94,335.88,1246.82,249,310458.18,98.26
2026-05,De-escalation & Negotiations,Emirates,EK,Dubai,Cape Town,Boeing 777-200LR,8000,8452.0,452.0,Yes,No,174.3,104.87,127.28,22184.9,1253.45,898.45,326.73,1225.18,245,300169.1,98.23
2026-06,De-escalation & Negotiations,Emirates,EK,Dubai,Cape Town,Boeing 777-200LR,8000,8162.0,162.0,Yes,No,168.4,92.83,105.25,17724.1,358.91,742.94,223.41,966.35,229,221294.15,97.79
